sales_id,week_start,product_id,warehouse_id,demand_units,units_sold,lost_sales_units,revenue
1,2024-09-30,P001,WH-NE,123,120,3,1500.0
2,2024-10-07,P001,WH-NE,102,101,1,1262.5
3,2024-10-14,P001,WH-NE,116,114,2,1425.0
4,2024-10-21,P001,WH-NE,125,124,1,1550.0
5,2024-10-28,P001,WH-NE,123,122,1,1525.0
6,2024-11-04,P001,WH-NE,109,108,1,1350.0
7,2024-11-11,P001,WH-NE,118,118,0,1475.0
8,2024-11-18,P001,WH-NE,120,118,2,1475.0
9,2024-11-25,P001,WH-NE,129,110,19,1375.0
10,2024-12-02,P001,WH-NE,130,130,0,1625.0
11,2024-12-09,P001,WH-NE,121,119,2,1487.5
12,2024-12-16,P001,WH-NE,141,139,2,1737.5
13,2024-12-23,P001,WH-NE,120,118,2,1475.0
14,2024-12-30,P001,WH-NE,138,137,1,1712.5
15,2025-01-06,P001,WH-NE,135,134,1,1675.0
16,2025-01-13,P001,WH-NE,138,135,3,1687.5
17,2025-01-20,P001,WH-NE,140,139,1,1737.5
18,2025-01-27,P001,WH-NE,134,133,1,1662.5
19,2025-02-03,P001,WH-NE,136,135,1,1687.5
20,2025-02-10,P001,WH-NE,153,152,1,1900.0
21,2025-02-17,P001,WH-NE,144,142,2,1775.0
22,2025-02-24,P001,WH-NE,153,136,17,1700.0
23,2025-03-03,P001,WH-NE,154,153,1,1912.5
24,2025-03-10,P001,WH-NE,129,112,17,1400.0
25,2025-03-17,P001,WH-NE,146,144,2,1800.0
26,2025-03-24,P001,WH-NE,147,145,2,1812.5
27,2025-03-31,P001,WH-NE,150,146,4,1825.0
28,2025-04-07,P001,WH-NE,139,137,2,1712.5
29,2025-04-14,P001,WH-NE,138,135,3,1687.5
30,2025-04-21,P001,WH-NE,149,147,2,1837.5
31,2025-04-28,P001,WH-NE,137,135,2,1687.5
32,2025-05-05,P001,WH-NE,123,123,0,1537.5
33,2025-05-12,P001,WH-NE,146,143,3,1787.5
34,2025-05-19,P001,WH-NE,156,155,1,1937.5
35,2025-05-26,P001,WH-NE,143,140,3,1750.0
36,2025-06-02,P001,WH-NE,150,147,3,1837.5
37,2025-06-09,P001,WH-NE,141,138,3,1725.0
38,2025-06-16,P001,WH-NE,117,116,1,1450.0
39,2025-06-23,P001,WH-NE,136,135,1,1687.5
40,2025-06-30,P001,WH-NE,129,127,2,1587.5
41,2025-07-07,P001,WH-NE,132,130,2,1625.0
42,2025-07-14,P001,WH-NE,133,132,1,1650.0
43,2025-07-21,P001,WH-NE,120,119,1,1487.5
44,2025-07-28,P001,WH-NE,110,107,3,1337.5
45,2025-08-04,P001,WH-NE,108,107,1,1337.5
46,2025-08-11,P001,WH-NE,133,131,2,1637.5
47,2025-08-18,P001,WH-NE,128,126,2,1575.0
48,2025-08-25,P001,WH-NE,125,124,1,1550.0
49,2025-09-01,P001,WH-NE,115,108,7,1350.0
50,2025-09-08,P001,WH-NE,123,122,1,1525.0
51,2025-09-15,P001,WH-NE,103,101,2,1262.5
52,2025-09-22,P001,WH-NE,125,124,1,1550.0
53,2025-09-29,P001,WH-NE,133,130,3,1625.0
54,2025-10-06,P001,WH-NE,112,110,2,1375.0
55,2025-10-13,P001,WH-NE,114,112,2,1400.0
56,2025-10-20,P001,WH-NE,134,132,2,1650.0
57,2025-10-27,P001,WH-NE,124,121,3,1512.5
58,2025-11-03,P001,WH-NE,121,121,0,1512.5
59,2025-11-10,P001,WH-NE,129,129,0,1612.5
60,2025-11-17,P001,WH-NE,127,125,2,1562.5
61,2025-11-24,P001,WH-NE,133,131,2,1637.5
62,2025-12-01,P001,WH-NE,137,134,3,1675.0
63,2025-12-08,P001,WH-NE,119,116,3,1450.0
64,2025-12-15,P001,WH-NE,156,153,3,1912.5
65,2025-12-22,P001,WH-NE,155,152,3,1900.0
66,2025-12-29,P001,WH-NE,128,128,0,1600.0
67,2026-01-05,P001,WH-NE,141,138,3,1725.0
68,2026-01-12,P001,WH-NE,161,160,1,2000.0
69,2026-01-19,P001,WH-NE,118,117,1,1462.5
70,2026-01-26,P001,WH-NE,130,129,1,1612.5
71,2026-02-02,P001,WH-NE,159,156,3,1950.0
72,2026-02-09,P001,WH-NE,142,140,2,1750.0
73,2026-02-16,P001,WH-NE,157,154,3,1925.0
74,2026-02-23,P001,WH-NE,141,127,14,1587.5
75,2026-03-02,P001,WH-NE,154,151,3,1887.5
76,2026-03-09,P001,WH-NE,155,153,2,1912.5
77,2026-03-16,P001,WH-NE,141,139,2,1737.5
78,2026-03-23,P001,WH-NE,144,122,22,1525.0
79,2026-03-30,P001,WH-NE,143,140,3,1750.0
80,2026-04-06,P001,WH-NE,150,150,0,1875.0
81,2026-04-13,P001,WH-NE,182,179,3,2237.5
82,2026-04-20,P001,WH-NE,188,187,1,2337.5
83,2026-04-27,P001,WH-NE,148,145,3,1812.5
84,2026-05-04,P001,WH-NE,135,132,3,1650.0
85,2026-05-11,P001,WH-NE,133,130,3,1625.0
86,2026-05-18,P001,WH-NE,170,166,4,2075.0
87,2026-05-25,P001,WH-NE,156,153,3,1912.5
88,2026-06-01,P001,WH-NE,143,140,3,1750.0
89,2026-06-08,P001,WH-NE,140,137,3,1712.5
90,2026-06-15,P001,WH-NE,148,146,2,1825.0
91,2026-06-22,P001,WH-NE,145,145,0,1812.5
92,2026-06-29,P001,WH-NE,130,111,19,1387.5
93,2026-07-06,P001,WH-NE,172,170,2,2125.0
94,2026-07-13,P001,WH-NE,140,123,17,1537.5
95,2026-07-20,P001,WH-NE,137,136,1,1700.0
96,2026-07-27,P001,WH-NE,136,133,3,1662.5
97,2026-08-03,P001,WH-NE,143,143,0,1787.5
98,2026-08-10,P001,WH-NE,125,124,1,1550.0
99,2026-08-17,P001,WH-NE,126,125,1,1562.5
100,2026-08-24,P001,WH-NE,131,129,2,1612.5
101,2026-08-31,P001,WH-NE,126,124,2,1550.0
102,2026-09-07,P001,WH-NE,124,122,2,1525.0
103,2026-09-14,P001,WH-NE,148,146,2,1825.0
104,2026-09-21,P001,WH-NE,124,123,1,1537.5
105,2024-09-30,P001,WH-SE,111,110,1,1375.0
106,2024-10-07,P001,WH-SE,110,110,0,1375.0
107,2024-10-14,P001,WH-SE,104,103,1,1287.5
108,2024-10-21,P001,WH-SE,101,100,1,1250.0
109,2024-10-28,P001,WH-SE,91,91,0,1137.5
110,2024-11-04,P001,WH-SE,103,101,2,1262.5
111,2024-11-11,P001,WH-SE,121,121,0,1512.5
112,2024-11-18,P001,WH-SE,104,103,1,1287.5
113,2024-11-25,P001,WH-SE,120,119,1,1487.5
114,2024-12-02,P001,WH-SE,98,97,1,1212.5
115,2024-12-09,P001,WH-SE,102,100,2,1250.0
116,2024-12-16,P001,WH-SE,122,120,2,1500.0
117,2024-12-23,P001,WH-SE,115,114,1,1425.0
118,2024-12-30,P001,WH-SE,130,130,0,1625.0
119,2025-01-06,P001,WH-SE,121,118,3,1475.0
120,2025-01-13,P001,WH-SE,120,119,1,1487.5
121,2025-01-20,P001,WH-SE,126,126,0,1575.0
122,2025-01-27,P001,WH-SE,121,119,2,1487.5
123,2025-02-03,P001,WH-SE,118,115,3,1437.5
124,2025-02-10,P001,WH-SE,132,130,2,1625.0
125,2025-02-17,P001,WH-SE,138,138,0,1725.0
126,2025-02-24,P001,WH-SE,125,123,2,1537.5
127,2025-03-03,P001,WH-SE,138,138,0,1725.0
128,2025-03-10,P001,WH-SE,130,129,1,1612.5
129,2025-03-17,P001,WH-SE,102,101,1,1262.5
130,2025-03-24,P001,WH-SE,125,124,1,1550.0
131,2025-03-31,P001,WH-SE,110,108,2,1350.0
132,2025-04-07,P001,WH-SE,129,128,1,1600.0
133,2025-04-14,P001,WH-SE,108,108,0,1350.0
134,2025-04-21,P001,WH-SE,118,115,3,1437.5
135,2025-04-28,P001,WH-SE,124,124,0,1550.0
136,2025-05-05,P001,WH-SE,128,125,3,1562.5
137,2025-05-12,P001,WH-SE,123,123,0,1537.5
138,2025-05-19,P001,WH-SE,126,105,21,1312.5
139,2025-05-26,P001,WH-SE,145,144,1,1800.0
140,2025-06-02,P001,WH-SE,115,112,3,1400.0
141,2025-06-09,P001,WH-SE,125,124,1,1550.0
142,2025-06-16,P001,WH-SE,127,124,3,1550.0
143,2025-06-23,P001,WH-SE,106,105,1,1312.5
144,2025-06-30,P001,WH-SE,127,127,0,1587.5
145,2025-07-07,P001,WH-SE,106,104,2,1300.0
146,2025-07-14,P001,WH-SE,107,107,0,1337.5
147,2025-07-21,P001,WH-SE,96,87,9,1087.5
148,2025-07-28,P001,WH-SE,113,112,1,1400.0
149,2025-08-04,P001,WH-SE,116,114,2,1425.0
150,2025-08-11,P001,WH-SE,96,95,1,1187.5
151,2025-08-18,P001,WH-SE,104,102,2,1275.0
152,2025-08-25,P001,WH-SE,118,117,1,1462.5
153,2025-09-01,P001,WH-SE,115,115,0,1437.5
154,2025-09-08,P001,WH-SE,108,106,2,1325.0
155,2025-09-15,P001,WH-SE,123,120,3,1500.0
156,2025-09-22,P001,WH-SE,106,104,2,1300.0
157,2025-09-29,P001,WH-SE,108,106,2,1325.0
158,2025-10-06,P001,WH-SE,97,96,1,1200.0
159,2025-10-13,P001,WH-SE,95,84,11,1050.0
160,2025-10-20,P001,WH-SE,125,124,1,1550.0
161,2025-10-27,P001,WH-SE,111,110,1,1375.0
162,2025-11-03,P001,WH-SE,110,109,1,1362.5
163,2025-11-10,P001,WH-SE,120,119,1,1487.5
164,2025-11-17,P001,WH-SE,137,136,1,1700.0
165,2025-11-24,P001,WH-SE,113,112,1,1400.0
166,2025-12-01,P001,WH-SE,112,110,2,1375.0
167,2025-12-08,P001,WH-SE,106,104,2,1300.0
168,2025-12-15,P001,WH-SE,123,120,3,1500.0
169,2025-12-22,P001,WH-SE,115,113,2,1412.5
170,2025-12-29,P001,WH-SE,130,127,3,1587.5
171,2026-01-05,P001,WH-SE,99,97,2,1212.5
172,2026-01-12,P001,WH-SE,132,129,3,1612.5
173,2026-01-19,P001,WH-SE,91,91,0,1137.5
174,2026-01-26,P001,WH-SE,130,129,1,1612.5
175,2026-02-02,P001,WH-SE,109,108,1,1350.0
176,2026-02-09,P001,WH-SE,127,125,2,1562.5
177,2026-02-16,P001,WH-SE,136,135,1,1687.5
178,2026-02-23,P001,WH-SE,148,147,1,1837.5
179,2026-03-02,P001,WH-SE,146,144,2,1800.0
180,2026-03-09,P001,WH-SE,125,124,1,1550.0
181,2026-03-16,P001,WH-SE,134,131,3,1637.5
182,2026-03-23,P001,WH-SE,120,117,3,1462.5
183,2026-03-30,P001,WH-SE,113,112,1,1400.0
184,2026-04-06,P001,WH-SE,145,142,3,1775.0
185,2026-04-13,P001,WH-SE,111,110,1,1375.0
186,2026-04-20,P001,WH-SE,145,144,1,1800.0
187,2026-04-27,P001,WH-SE,149,147,2,1837.5
188,2026-05-04,P001,WH-SE,136,134,2,1675.0
189,2026-05-11,P001,WH-SE,131,129,2,1612.5
190,2026-05-18,P001,WH-SE,123,123,0,1537.5
191,2026-05-25,P001,WH-SE,112,111,1,1387.5
192,2026-06-01,P001,WH-SE,114,114,0,1425.0
193,2026-06-08,P001,WH-SE,124,122,2,1525.0
194,2026-06-15,P001,WH-SE,130,124,6,1550.0
195,2026-06-22,P001,WH-SE,126,125,1,1562.5
196,2026-06-29,P001,WH-SE,118,117,1,1462.5
197,2026-07-06,P001,WH-SE,120,119,1,1487.5
198,2026-07-13,P001,WH-SE,130,130,0,1625.0
199,2026-07-20,P001,WH-SE,90,90,0,1125.0
200,2026-07-27,P001,WH-SE,103,102,1,1275.0
201,2026-08-03,P001,WH-SE,101,100,1,1250.0
202,2026-08-10,P001,WH-SE,129,127,2,1587.5
203,2026-08-17,P001,WH-SE,130,128,2,1600.0
204,2026-08-24,P001,WH-SE,94,88,6,1100.0
205,2026-08-31,P001,WH-SE,105,104,1,1300.0
206,2026-09-07,P001,WH-SE,93,93,0,1162.5
207,2026-09-14,P001,WH-SE,123,122,1,1525.0
208,2026-09-21,P001,WH-SE,116,113,3,1412.5
209,2024-09-30,P001,WH-MW,107,106,1,1325.0
210,2024-10-07,P001,WH-MW,89,89,0,1112.5
211,2024-10-14,P001,WH-MW,91,89,2,1112.5
212,2024-10-21,P001,WH-MW,98,98,0,1225.0
213,2024-10-28,P001,WH-MW,105,104,1,1300.0
214,2024-11-04,P001,WH-MW,110,110,0,1375.0
215,2024-11-11,P001,WH-MW,120,120,0,1500.0
216,2024-11-18,P001,WH-MW,124,122,2,1525.0
217,2024-11-25,P001,WH-MW,90,88,2,1100.0
218,2024-12-02,P001,WH-MW,109,107,2,1337.5
219,2024-12-09,P001,WH-MW,117,116,1,1450.0
220,2024-12-16,P001,WH-MW,135,133,2,1662.5
221,2024-12-23,P001,WH-MW,114,114,0,1425.0
222,2024-12-30,P001,WH-MW,103,101,2,1262.5
223,2025-01-06,P001,WH-MW,114,112,2,1400.0
224,2025-01-13,P001,WH-MW,137,134,3,1675.0
225,2025-01-20,P001,WH-MW,124,123,1,1537.5
226,2025-01-27,P001,WH-MW,136,136,0,1700.0
227,2025-02-03,P001,WH-MW,123,121,2,1512.5
228,2025-02-10,P001,WH-MW,124,122,2,1525.0
229,2025-02-17,P001,WH-MW,131,130,1,1625.0
230,2025-02-24,P001,WH-MW,135,133,2,1662.5
231,2025-03-03,P001,WH-MW,112,110,2,1375.0
232,2025-03-10,P001,WH-MW,155,154,1,1925.0
233,2025-03-17,P001,WH-MW,126,124,2,1550.0
234,2025-03-24,P001,WH-MW,142,141,1,1762.5
235,2025-03-31,P001,WH-MW,122,120,2,1500.0
236,2025-04-07,P001,WH-MW,137,136,1,1700.0
237,2025-04-14,P001,WH-MW,123,121,2,1512.5
238,2025-04-21,P001,WH-MW,138,135,3,1687.5
239,2025-04-28,P001,WH-MW,118,115,3,1437.5
240,2025-05-05,P001,WH-MW,115,113,2,1412.5
241,2025-05-12,P001,WH-MW,122,120,2,1500.0
242,2025-05-19,P001,WH-MW,135,132,3,1650.0
243,2025-05-26,P001,WH-MW,146,144,2,1800.0
244,2025-06-02,P001,WH-MW,137,137,0,1712.5
245,2025-06-09,P001,WH-MW,120,118,2,1475.0
246,2025-06-16,P001,WH-MW,102,101,1,1262.5
247,2025-06-23,P001,WH-MW,107,105,2,1312.5
248,2025-06-30,P001,WH-MW,92,91,1,1137.5
249,2025-07-07,P001,WH-MW,130,130,0,1625.0
250,2025-07-14,P001,WH-MW,102,101,1,1262.5
251,2025-07-21,P001,WH-MW,113,96,17,1200.0
252,2025-07-28,P001,WH-MW,114,97,17,1212.5
253,2025-08-04,P001,WH-MW,119,118,1,1475.0
254,2025-08-11,P001,WH-MW,120,119,1,1487.5
255,2025-08-18,P001,WH-MW,91,86,5,1075.0
256,2025-08-25,P001,WH-MW,126,125,1,1562.5
257,2025-09-01,P001,WH-MW,99,99,0,1237.5
258,2025-09-08,P001,WH-MW,98,98,0,1225.0
259,2025-09-15,P001,WH-MW,119,117,2,1462.5
260,2025-09-22,P001,WH-MW,114,112,2,1400.0
261,2025-09-29,P001,WH-MW,114,111,3,1387.5
262,2025-10-06,P001,WH-MW,112,109,3,1362.5
263,2025-10-13,P001,WH-MW,103,102,1,1275.0
264,2025-10-20,P001,WH-MW,127,127,0,1587.5
265,2025-10-27,P001,WH-MW,124,121,3,1512.5
266,2025-11-03,P001,WH-MW,101,100,1,1250.0
267,2025-11-10,P001,WH-MW,100,83,17,1037.5
268,2025-11-17,P001,WH-MW,132,129,3,1612.5
269,2025-11-24,P001,WH-MW,118,117,1,1462.5
270,2025-12-01,P001,WH-MW,106,103,3,1287.5
271,2025-12-08,P001,WH-MW,105,104,1,1300.0
272,2025-12-15,P001,WH-MW,101,92,9,1150.0
273,2025-12-22,P001,WH-MW,133,131,2,1637.5
274,2025-12-29,P001,WH-MW,114,112,2,1400.0
275,2026-01-05,P001,WH-MW,129,128,1,1600.0
276,2026-01-12,P001,WH-MW,125,123,2,1537.5
277,2026-01-19,P001,WH-MW,130,121,9,1512.5
278,2026-01-26,P001,WH-MW,132,129,3,1612.5
279,2026-02-02,P001,WH-MW,134,133,1,1662.5
280,2026-02-09,P001,WH-MW,135,132,3,1650.0
281,2026-02-16,P001,WH-MW,150,150,0,1875.0
282,2026-02-23,P001,WH-MW,119,118,1,1475.0
283,2026-03-02,P001,WH-MW,134,132,2,1650.0
284,2026-03-09,P001,WH-MW,149,148,1,1850.0
285,2026-03-16,P001,WH-MW,154,154,0,1925.0
286,2026-03-23,P001,WH-MW,126,123,3,1537.5
287,2026-03-30,P001,WH-MW,152,148,4,1850.0
288,2026-04-06,P001,WH-MW,158,157,1,1962.5
289,2026-04-13,P001,WH-MW,133,131,2,1637.5
290,2026-04-20,P001,WH-MW,195,192,3,2400.0
291,2026-04-27,P001,WH-MW,164,162,2,2025.0
292,2026-05-04,P001,WH-MW,143,141,2,1762.5
293,2026-05-11,P001,WH-MW,132,131,1,1637.5
294,2026-05-18,P001,WH-MW,108,106,2,1325.0
295,2026-05-25,P001,WH-MW,113,113,0,1412.5
296,2026-06-01,P001,WH-MW,120,118,2,1475.0
297,2026-06-08,P001,WH-MW,122,120,2,1500.0
298,2026-06-15,P001,WH-MW,129,129,0,1612.5
299,2026-06-22,P001,WH-MW,125,122,3,1525.0
300,2026-06-29,P001,WH-MW,123,122,1,1525.0
301,2026-07-06,P001,WH-MW,121,121,0,1512.5
302,2026-07-13,P001,WH-MW,108,105,3,1312.5
303,2026-07-20,P001,WH-MW,122,121,1,1512.5
304,2026-07-27,P001,WH-MW,91,90,1,1125.0
305,2026-08-03,P001,WH-MW,111,109,2,1362.5
306,2026-08-10,P001,WH-MW,112,111,1,1387.5
307,2026-08-17,P001,WH-MW,106,104,2,1300.0
308,2026-08-24,P001,WH-MW,118,117,1,1462.5
309,2026-08-31,P001,WH-MW,130,127,3,1587.5
310,2026-09-07,P001,WH-MW,111,109,2,1362.5
311,2026-09-14,P001,WH-MW,102,101,1,1262.5
312,2026-09-21,P001,WH-MW,119,118,1,1475.0
313,2024-09-30,P001,WH-W,110,108,2,1350.0
314,2024-10-07,P001,WH-W,81,81,0,1012.5
315,2024-10-14,P001,WH-W,99,98,1,1225.0
316,2024-10-21,P001,WH-W,116,115,1,1437.5
317,2024-10-28,P001,WH-W,98,96,2,1200.0
318,2024-11-04,P001,WH-W,105,105,0,1312.5
319,2024-11-11,P001,WH-W,104,102,2,1275.0
320,2024-11-18,P001,WH-W,102,86,16,1075.0
321,2024-11-25,P001,WH-W,106,105,1,1312.5
322,2024-12-02,P001,WH-W,117,116,1,1450.0
323,2024-12-09,P001,WH-W,110,110,0,1375.0
324,2024-12-16,P001,WH-W,73,71,2,887.5
325,2024-12-23,P001,WH-W,114,111,3,1387.5
326,2024-12-30,P001,WH-W,125,124,1,1550.0
327,2025-01-06,P001,WH-W,112,110,2,1375.0
328,2025-01-13,P001,WH-W,115,114,1,1425.0
329,2025-01-20,P001,WH-W,115,113,2,1412.5
330,2025-01-27,P001,WH-W,109,107,2,1337.5
331,2025-02-03,P001,WH-W,115,113,2,1412.5
332,2025-02-10,P001,WH-W,125,124,1,1550.0
333,2025-02-17,P001,WH-W,131,130,1,1625.0
334,2025-02-24,P001,WH-W,125,123,2,1537.5
335,2025-03-03,P001,WH-W,123,123,0,1537.5
336,2025-03-10,P001,WH-W,128,128,0,1600.0
337,2025-03-17,P001,WH-W,118,116,2,1450.0
338,2025-03-24,P001,WH-W,138,137,1,1712.5
339,2025-03-31,P001,WH-W,121,120,1,1500.0
340,2025-04-07,P001,WH-W,123,121,2,1512.5
341,2025-04-14,P001,WH-W,121,119,2,1487.5
342,2025-04-21,P001,WH-W,128,125,3,1562.5
343,2025-04-28,P001,WH-W,128,127,1,1587.5
344,2025-05-05,P001,WH-W,124,122,2,1525.0
345,2025-05-12,P001,WH-W,113,111,2,1387.5
346,2025-05-19,P001,WH-W,107,105,2,1312.5
347,2025-05-26,P001,WH-W,128,127,1,1587.5
348,2025-06-02,P001,WH-W,134,132,2,1650.0
349,2025-06-09,P001,WH-W,93,92,1,1150.0
350,2025-06-16,P001,WH-W,114,112,2,1400.0
351,2025-06-23,P001,WH-W,124,123,1,1537.5
352,2025-06-30,P001,WH-W,116,116,0,1450.0
353,2025-07-07,P001,WH-W,119,119,0,1487.5
354,2025-07-14,P001,WH-W,115,114,1,1425.0
355,2025-07-21,P001,WH-W,114,112,2,1400.0
356,2025-07-28,P001,WH-W,98,98,0,1225.0
357,2025-08-04,P001,WH-W,96,95,1,1187.5
358,2025-08-11,P001,WH-W,103,102,1,1275.0
359,2025-08-18,P001,WH-W,91,90,1,1125.0
360,2025-08-25,P001,WH-W,107,106,1,1325.0
361,2025-09-01,P001,WH-W,101,101,0,1262.5
362,2025-09-08,P001,WH-W,113,110,3,1375.0
363,2025-09-15,P001,WH-W,93,93,0,1162.5
364,2025-09-22,P001,WH-W,102,100,2,1250.0
365,2025-09-29,P001,WH-W,101,99,2,1237.5
366,2025-10-06,P001,WH-W,105,104,1,1300.0
367,2025-10-13,P001,WH-W,98,96,2,1200.0
368,2025-10-20,P001,WH-W,103,101,2,1262.5
369,2025-10-27,P001,WH-W,106,104,2,1300.0
370,2025-11-03,P001,WH-W,92,91,1,1137.5
371,2025-11-10,P001,WH-W,102,101,1,1262.5
372,2025-11-17,P001,WH-W,110,110,0,1375.0
373,2025-11-24,P001,WH-W,109,108,1,1350.0
374,2025-12-01,P001,WH-W,121,119,2,1487.5
375,2025-12-08,P001,WH-W,119,109,10,1362.5
376,2025-12-15,P001,WH-W,103,103,0,1287.5
377,2025-12-22,P001,WH-W,108,106,2,1325.0
378,2025-12-29,P001,WH-W,133,131,2,1637.5
379,2026-01-05,P001,WH-W,116,116,0,1450.0
380,2026-01-12,P001,WH-W,133,131,2,1637.5
381,2026-01-19,P001,WH-W,111,92,19,1150.0
382,2026-01-26,P001,WH-W,115,112,3,1400.0
383,2026-02-02,P001,WH-W,121,118,3,1475.0
384,2026-02-09,P001,WH-W,122,121,1,1512.5
385,2026-02-16,P001,WH-W,123,120,3,1500.0
386,2026-02-23,P001,WH-W,125,123,2,1537.5
387,2026-03-02,P001,WH-W,128,127,1,1587.5
388,2026-03-09,P001,WH-W,148,145,3,1812.5
389,2026-03-16,P001,WH-W,122,119,3,1487.5
390,2026-03-23,P001,WH-W,134,131,3,1637.5
391,2026-03-30,P001,WH-W,141,141,0,1762.5
392,2026-04-06,P001,WH-W,132,130,2,1625.0
393,2026-04-13,P001,WH-W,129,129,0,1612.5
394,2026-04-20,P001,WH-W,112,110,2,1375.0
395,2026-04-27,P001,WH-W,139,138,1,1725.0
396,2026-05-04,P001,WH-W,115,115,0,1437.5
397,2026-05-11,P001,WH-W,146,122,24,1525.0
398,2026-05-18,P001,WH-W,111,109,2,1362.5
399,2026-05-25,P001,WH-W,112,112,0,1400.0
400,2026-06-01,P001,WH-W,114,112,2,1400.0
401,2026-06-08,P001,WH-W,125,124,1,1550.0
402,2026-06-15,P001,WH-W,111,108,3,1350.0
403,2026-06-22,P001,WH-W,104,103,1,1287.5
404,2026-06-29,P001,WH-W,123,121,2,1512.5
405,2026-07-06,P001,WH-W,126,123,3,1537.5
406,2026-07-13,P001,WH-W,134,131,3,1637.5
407,2026-07-20,P001,WH-W,104,102,2,1275.0
408,2026-07-27,P001,WH-W,99,97,2,1212.5
409,2026-08-03,P001,WH-W,110,108,2,1350.0
410,2026-08-10,P001,WH-W,103,90,13,1125.0
411,2026-08-17,P001,WH-W,112,110,2,1375.0
412,2026-08-24,P001,WH-W,107,105,2,1312.5
413,2026-08-31,P001,WH-W,95,94,1,1175.0
414,2026-09-07,P001,WH-W,96,95,1,1187.5
415,2026-09-14,P001,WH-W,121,121,0,1512.5
416,2026-09-21,P001,WH-W,99,97,2,1212.5
417,2024-09-30,P002,WH-NE,104,104,0,1638.0
418,2024-10-07,P002,WH-NE,89,89,0,1401.75
419,2024-10-14,P002,WH-NE,102,101,1,1590.75
420,2024-10-21,P002,WH-NE,103,101,2,1590.75
421,2024-10-28,P002,WH-NE,118,117,1,1842.75
422,2024-11-04,P002,WH-NE,121,119,2,1874.25
423,2024-11-11,P002,WH-NE,107,107,0,1685.25
424,2024-11-18,P002,WH-NE,106,105,1,1653.75
425,2024-11-25,P002,WH-NE,124,123,1,1937.25
426,2024-12-02,P002,WH-NE,103,101,2,1590.75
427,2024-12-09,P002,WH-NE,110,108,2,1701.0
428,2024-12-16,P002,WH-NE,122,120,2,1890.0
429,2024-12-23,P002,WH-NE,108,106,2,1669.5
430,2024-12-30,P002,WH-NE,104,103,1,1622.25
431,2025-01-06,P002,WH-NE,119,113,6,1779.75
432,2025-01-13,P002,WH-NE,110,109,1,1716.75
433,2025-01-20,P002,WH-NE,114,105,9,1653.75
434,2025-01-27,P002,WH-NE,118,109,9,1716.75
435,2025-02-03,P002,WH-NE,92,91,1,1433.25
436,2025-02-10,P002,WH-NE,114,112,2,1764.0
437,2025-02-17,P002,WH-NE,113,112,1,1764.0
438,2025-02-24,P002,WH-NE,114,113,1,1779.75
439,2025-03-03,P002,WH-NE,90,90,0,1417.5
440,2025-03-10,P002,WH-NE,95,93,2,1464.75
441,2025-03-17,P002,WH-NE,100,98,2,1543.5
442,2025-03-24,P002,WH-NE,84,83,1,1307.25
443,2025-03-31,P002,WH-NE,106,105,1,1653.75
444,2025-04-07,P002,WH-NE,119,117,2,1842.75
445,2025-04-14,P002,WH-NE,95,95,0,1496.25
446,2025-04-21,P002,WH-NE,108,108,0,1701.0
447,2025-04-28,P002,WH-NE,102,101,1,1590.75
448,2025-05-05,P002,WH-NE,113,112,1,1764.0
449,2025-05-12,P002,WH-NE,101,99,2,1559.25
450,2025-05-19,P002,WH-NE,109,107,2,1685.25
451,2025-05-26,P002,WH-NE,111,109,2,1716.75
452,2025-06-02,P002,WH-NE,100,99,1,1559.25
453,2025-06-09,P002,WH-NE,101,99,2,1559.25
454,2025-06-16,P002,WH-NE,103,102,1,1606.5
455,2025-06-23,P002,WH-NE,90,88,2,1386.0
456,2025-06-30,P002,WH-NE,92,92,0,1449.0
457,2025-07-07,P002,WH-NE,99,97,2,1527.75
458,2025-07-14,P002,WH-NE,95,90,5,1417.5
459,2025-07-21,P002,WH-NE,85,83,2,1307.25
460,2025-07-28,P002,WH-NE,113,112,1,1764.0
461,2025-08-04,P002,WH-NE,92,91,1,1433.25
462,2025-08-11,P002,WH-NE,94,90,4,1417.5
463,2025-08-18,P002,WH-NE,105,103,2,1622.25
464,2025-08-25,P002,WH-NE,89,89,0,1401.75
465,2025-09-01,P002,WH-NE,108,108,0,1701.0
466,2025-09-08,P002,WH-NE,104,102,2,1606.5
467,2025-09-15,P002,WH-NE,105,104,1,1638.0
468,2025-09-22,P002,WH-NE,106,105,1,1653.75
469,2025-09-29,P002,WH-NE,77,76,1,1197.0
470,2025-10-06,P002,WH-NE,89,87,2,1370.25
471,2025-10-13,P002,WH-NE,97,96,1,1512.0
472,2025-10-20,P002,WH-NE,102,100,2,1575.0
473,2025-10-27,P002,WH-NE,114,114,0,1795.5
474,2025-11-03,P002,WH-NE,117,117,0,1842.75
475,2025-11-10,P002,WH-NE,98,96,2,1512.0
476,2025-11-17,P002,WH-NE,112,96,16,1512.0
477,2025-11-24,P002,WH-NE,122,121,1,1905.75
478,2025-12-01,P002,WH-NE,116,115,1,1811.25
479,2025-12-08,P002,WH-NE,141,141,0,2220.75
480,2025-12-15,P002,WH-NE,133,130,3,2047.5
481,2025-12-22,P002,WH-NE,129,127,2,2000.25
482,2025-12-29,P002,WH-NE,117,115,2,1811.25
483,2026-01-05,P002,WH-NE,135,134,1,2110.5
484,2026-01-12,P002,WH-NE,129,128,1,2016.0
485,2026-01-19,P002,WH-NE,128,125,3,1968.75
486,2026-01-26,P002,WH-NE,111,110,1,1732.5
487,2026-02-02,P002,WH-NE,119,119,0,1874.25
488,2026-02-09,P002,WH-NE,106,104,2,1638.0
489,2026-02-16,P002,WH-NE,123,121,2,1905.75
490,2026-02-23,P002,WH-NE,117,112,5,1764.0
491,2026-03-02,P002,WH-NE,134,132,2,2079.0
492,2026-03-09,P002,WH-NE,114,113,1,1779.75
493,2026-03-16,P002,WH-NE,112,111,1,1748.25
494,2026-03-23,P002,WH-NE,139,137,2,2157.75
495,2026-03-30,P002,WH-NE,118,118,0,1858.5
496,2026-04-06,P002,WH-NE,104,104,0,1638.0
497,2026-04-13,P002,WH-NE,112,110,2,1732.5
498,2026-04-20,P002,WH-NE,109,107,2,1685.25
499,2026-04-27,P002,WH-NE,136,135,1,2126.25
500,2026-05-04,P002,WH-NE,106,104,2,1638.0
501,2026-05-11,P002,WH-NE,93,91,2,1433.25
502,2026-05-18,P002,WH-NE,110,110,0,1732.5
503,2026-05-25,P002,WH-NE,108,106,2,1669.5
504,2026-06-01,P002,WH-NE,112,110,2,1732.5
505,2026-06-08,P002,WH-NE,105,103,2,1622.25
506,2026-06-15,P002,WH-NE,97,95,2,1496.25
507,2026-06-22,P002,WH-NE,92,91,1,1433.25
508,2026-06-29,P002,WH-NE,108,108,0,1701.0
509,2026-07-06,P002,WH-NE,95,93,2,1464.75
510,2026-07-13,P002,WH-NE,99,97,2,1527.75
511,2026-07-20,P002,WH-NE,101,99,2,1559.25
512,2026-07-27,P002,WH-NE,102,100,2,1575.0
513,2026-08-03,P002,WH-NE,83,83,0,1307.25
514,2026-08-10,P002,WH-NE,96,95,1,1496.25
515,2026-08-17,P002,WH-NE,85,84,1,1323.0
516,2026-08-24,P002,WH-NE,102,101,1,1590.75
517,2026-08-31,P002,WH-NE,115,112,3,1764.0
518,2026-09-07,P002,WH-NE,86,85,1,1338.75
519,2026-09-14,P002,WH-NE,110,110,0,1732.5
520,2026-09-21,P002,WH-NE,128,127,1,2000.25
521,2024-09-30,P002,WH-SE,82,82,0,1291.5
522,2024-10-07,P002,WH-SE,97,95,2,1496.25
523,2024-10-14,P002,WH-SE,103,101,2,1590.75
524,2024-10-21,P002,WH-SE,86,84,2,1323.0
525,2024-10-28,P002,WH-SE,81,77,4,1212.75
526,2024-11-04,P002,WH-SE,92,91,1,1433.25
527,2024-11-11,P002,WH-SE,90,90,0,1417.5
528,2024-11-18,P002,WH-SE,96,94,2,1480.5
529,2024-11-25,P002,WH-SE,91,89,2,1401.75
530,2024-12-02,P002,WH-SE,94,92,2,1449.0
531,2024-12-09,P002,WH-SE,107,105,2,1653.75
532,2024-12-16,P002,WH-SE,99,97,2,1527.75
533,2024-12-23,P002,WH-SE,88,86,2,1354.5
534,2024-12-30,P002,WH-SE,112,109,3,1716.75
535,2025-01-06,P002,WH-SE,113,112,1,1764.0
536,2025-01-13,P002,WH-SE,96,95,1,1496.25
537,2025-01-20,P002,WH-SE,81,79,2,1244.25
538,2025-01-27,P002,WH-SE,99,99,0,1559.25
539,2025-02-03,P002,WH-SE,101,101,0,1590.75
540,2025-02-10,P002,WH-SE,107,107,0,1685.25
541,2025-02-17,P002,WH-SE,117,116,1,1827.0
542,2025-02-24,P002,WH-SE,112,110,2,1732.5
543,2025-03-03,P002,WH-SE,98,96,2,1512.0
544,2025-03-10,P002,WH-SE,102,101,1,1590.75
545,2025-03-17,P002,WH-SE,102,100,2,1575.0
546,2025-03-24,P002,WH-SE,99,98,1,1543.5
547,2025-03-31,P002,WH-SE,123,121,2,1905.75
548,2025-04-07,P002,WH-SE,90,89,1,1401.75
549,2025-04-14,P002,WH-SE,102,102,0,1606.5
550,2025-04-21,P002,WH-SE,104,102,2,1606.5
551,2025-04-28,P002,WH-SE,97,95,2,1496.25
552,2025-05-05,P002,WH-SE,86,84,2,1323.0
553,2025-05-12,P002,WH-SE,94,93,1,1464.75
554,2025-05-19,P002,WH-SE,98,97,1,1527.75
555,2025-05-26,P002,WH-SE,88,87,1,1370.25
556,2025-06-02,P002,WH-SE,96,94,2,1480.5
557,2025-06-09,P002,WH-SE,89,88,1,1386.0
558,2025-06-16,P002,WH-SE,86,86,0,1354.5
559,2025-06-23,P002,WH-SE,97,96,1,1512.0
560,2025-06-30,P002,WH-SE,85,85,0,1338.75
561,2025-07-07,P002,WH-SE,73,73,0,1149.75
562,2025-07-14,P002,WH-SE,105,104,1,1638.0
563,2025-07-21,P002,WH-SE,101,99,2,1559.25
564,2025-07-28,P002,WH-SE,89,87,2,1370.25
565,2025-08-04,P002,WH-SE,82,82,0,1291.5
566,2025-08-11,P002,WH-SE,89,88,1,1386.0
567,2025-08-18,P002,WH-SE,75,74,1,1165.5
568,2025-08-25,P002,WH-SE,83,71,12,1118.25
569,2025-09-01,P002,WH-SE,82,81,1,1275.75
570,2025-09-08,P002,WH-SE,86,86,0,1354.5
571,2025-09-15,P002,WH-SE,94,94,0,1480.5
572,2025-09-22,P002,WH-SE,88,86,2,1354.5
573,2025-09-29,P002,WH-SE,82,82,0,1291.5
574,2025-10-06,P002,WH-SE,85,85,0,1338.75
575,2025-10-13,P002,WH-SE,117,114,3,1795.5
576,2025-10-20,P002,WH-SE,88,87,1,1370.25
577,2025-10-27,P002,WH-SE,78,77,1,1212.75
578,2025-11-03,P002,WH-SE,96,94,2,1480.5
579,2025-11-10,P002,WH-SE,100,98,2,1543.5
580,2025-11-17,P002,WH-SE,109,109,0,1716.75
581,2025-11-24,P002,WH-SE,105,103,2,1622.25
582,2025-12-01,P002,WH-SE,111,108,3,1701.0
583,2025-12-08,P002,WH-SE,93,93,0,1464.75
584,2025-12-15,P002,WH-SE,117,116,1,1827.0
585,2025-12-22,P002,WH-SE,102,101,1,1590.75
586,2025-12-29,P002,WH-SE,107,106,1,1669.5
587,2026-01-05,P002,WH-SE,94,92,2,1449.0
588,2026-01-12,P002,WH-SE,95,95,0,1496.25
589,2026-01-19,P002,WH-SE,110,108,2,1701.0
590,2026-01-26,P002,WH-SE,114,113,1,1779.75
591,2026-02-02,P002,WH-SE,101,100,1,1575.0
592,2026-02-09,P002,WH-SE,103,102,1,1606.5
593,2026-02-16,P002,WH-SE,102,101,1,1590.75
594,2026-02-23,P002,WH-SE,118,117,1,1842.75
595,2026-03-02,P002,WH-SE,128,125,3,1968.75
596,2026-03-09,P002,WH-SE,95,94,1,1480.5
597,2026-03-16,P002,WH-SE,95,94,1,1480.5
598,2026-03-23,P002,WH-SE,93,92,1,1449.0
599,2026-03-30,P002,WH-SE,129,128,1,2016.0
600,2026-04-06,P002,WH-SE,98,97,1,1527.75
601,2026-04-13,P002,WH-SE,116,116,0,1827.0
602,2026-04-20,P002,WH-SE,99,98,1,1543.5
603,2026-04-27,P002,WH-SE,126,124,2,1953.0
604,2026-05-04,P002,WH-SE,76,75,1,1181.25
605,2026-05-11,P002,WH-SE,107,106,1,1669.5
606,2026-05-18,P002,WH-SE,98,96,2,1512.0
607,2026-05-25,P002,WH-SE,95,94,1,1480.5
608,2026-06-01,P002,WH-SE,78,71,7,1118.25
609,2026-06-08,P002,WH-SE,92,90,2,1417.5
610,2026-06-15,P002,WH-SE,92,91,1,1433.25
611,2026-06-22,P002,WH-SE,89,87,2,1370.25
612,2026-06-29,P002,WH-SE,96,95,1,1496.25
613,2026-07-06,P002,WH-SE,99,97,2,1527.75
614,2026-07-13,P002,WH-SE,94,92,2,1449.0
615,2026-07-20,P002,WH-SE,88,88,0,1386.0
616,2026-07-27,P002,WH-SE,96,96,0,1512.0
617,2026-08-03,P002,WH-SE,98,97,1,1527.75
618,2026-08-10,P002,WH-SE,85,84,1,1323.0
619,2026-08-17,P002,WH-SE,106,106,0,1669.5
620,2026-08-24,P002,WH-SE,100,98,2,1543.5
621,2026-08-31,P002,WH-SE,98,97,1,1527.75
622,2026-09-07,P002,WH-SE,98,97,1,1527.75
623,2026-09-14,P002,WH-SE,89,87,2,1370.25
624,2026-09-21,P002,WH-SE,106,105,1,1653.75
625,2024-09-30,P002,WH-MW,85,83,2,1307.25
626,2024-10-07,P002,WH-MW,90,89,1,1401.75
627,2024-10-14,P002,WH-MW,84,70,14,1102.5
628,2024-10-21,P002,WH-MW,82,77,5,1212.75
629,2024-10-28,P002,WH-MW,92,91,1,1433.25
630,2024-11-04,P002,WH-MW,81,81,0,1275.75
631,2024-11-11,P002,WH-MW,93,79,14,1244.25
632,2024-11-18,P002,WH-MW,98,96,2,1512.0
633,2024-11-25,P002,WH-MW,100,99,1,1559.25
634,2024-12-02,P002,WH-MW,84,83,1,1307.25
635,2024-12-09,P002,WH-MW,101,99,2,1559.25
636,2024-12-16,P002,WH-MW,82,72,10,1134.0
637,2024-12-23,P002,WH-MW,92,82,10,1291.5
638,2024-12-30,P002,WH-MW,99,98,1,1543.5
639,2025-01-06,P002,WH-MW,83,81,2,1275.75
640,2025-01-13,P002,WH-MW,90,88,2,1386.0
641,2025-01-20,P002,WH-MW,95,94,1,1480.5
642,2025-01-27,P002,WH-MW,101,101,0,1590.75
643,2025-02-03,P002,WH-MW,92,92,0,1449.0
644,2025-02-10,P002,WH-MW,96,96,0,1512.0
645,2025-02-17,P002,WH-MW,97,97,0,1527.75
646,2025-02-24,P002,WH-MW,100,99,1,1559.25
647,2025-03-03,P002,WH-MW,100,99,1,1559.25
648,2025-03-10,P002,WH-MW,69,68,1,1071.0
649,2025-03-17,P002,WH-MW,91,89,2,1401.75
650,2025-03-24,P002,WH-MW,102,101,1,1590.75
651,2025-03-31,P002,WH-MW,92,92,0,1449.0
652,2025-04-07,P002,WH-MW,83,81,2,1275.75
653,2025-04-14,P002,WH-MW,77,77,0,1212.75
654,2025-04-21,P002,WH-MW,100,100,0,1575.0
655,2025-04-28,P002,WH-MW,88,86,2,1354.5
656,2025-05-05,P002,WH-MW,81,79,2,1244.25
657,2025-05-12,P002,WH-MW,77,75,2,1181.25
658,2025-05-19,P002,WH-MW,72,71,1,1118.25
659,2025-05-26,P002,WH-MW,88,87,1,1370.25
660,2025-06-02,P002,WH-MW,97,97,0,1527.75
661,2025-06-09,P002,WH-MW,85,84,1,1323.0
662,2025-06-16,P002,WH-MW,74,72,2,1134.0
663,2025-06-23,P002,WH-MW,84,82,2,1291.5
664,2025-06-30,P002,WH-MW,80,78,2,1228.5
665,2025-07-07,P002,WH-MW,84,83,1,1307.25
666,2025-07-14,P002,WH-MW,88,86,2,1354.5
667,2025-07-21,P002,WH-MW,83,82,1,1291.5
668,2025-07-28,P002,WH-MW,88,86,2,1354.5
669,2025-08-04,P002,WH-MW,94,93,1,1464.75
670,2025-08-11,P002,WH-MW,79,78,1,1228.5
671,2025-08-18,P002,WH-MW,78,70,8,1102.5
672,2025-08-25,P002,WH-MW,78,76,2,1197.0
673,2025-09-01,P002,WH-MW,88,86,2,1354.5
674,2025-09-08,P002,WH-MW,93,91,2,1433.25
675,2025-09-15,P002,WH-MW,89,89,0,1401.75
676,2025-09-22,P002,WH-MW,106,94,12,1480.5
677,2025-09-29,P002,WH-MW,93,91,2,1433.25
678,2025-10-06,P002,WH-MW,99,88,11,1386.0
679,2025-10-13,P002,WH-MW,101,100,1,1575.0
680,2025-10-20,P002,WH-MW,108,106,2,1669.5
681,2025-10-27,P002,WH-MW,95,93,2,1464.75
682,2025-11-03,P002,WH-MW,100,99,1,1559.25
683,2025-11-10,P002,WH-MW,89,88,1,1386.0
684,2025-11-17,P002,WH-MW,86,84,2,1323.0
685,2025-11-24,P002,WH-MW,75,74,1,1165.5
686,2025-12-01,P002,WH-MW,111,109,2,1716.75
687,2025-12-08,P002,WH-MW,97,95,2,1496.25
688,2025-12-15,P002,WH-MW,97,96,1,1512.0
689,2025-12-22,P002,WH-MW,104,102,2,1606.5
690,2025-12-29,P002,WH-MW,120,118,2,1858.5
691,2026-01-05,P002,WH-MW,93,91,2,1433.25
692,2026-01-12,P002,WH-MW,104,102,2,1606.5
693,2026-01-19,P002,WH-MW,92,90,2,1417.5
694,2026-01-26,P002,WH-MW,106,106,0,1669.5
695,2026-02-02,P002,WH-MW,86,85,1,1338.75
696,2026-02-09,P002,WH-MW,89,87,2,1370.25
697,2026-02-16,P002,WH-MW,106,104,2,1638.0
698,2026-02-23,P002,WH-MW,111,106,5,1669.5
699,2026-03-02,P002,WH-MW,99,84,15,1323.0
700,2026-03-09,P002,WH-MW,82,80,2,1260.0
701,2026-03-16,P002,WH-MW,94,93,1,1464.75
702,2026-03-23,P002,WH-MW,99,97,2,1527.75
703,2026-03-30,P002,WH-MW,101,86,15,1354.5
704,2026-04-06,P002,WH-MW,98,98,0,1543.5
705,2026-04-13,P002,WH-MW,95,93,2,1464.75
706,2026-04-20,P002,WH-MW,111,111,0,1748.25
707,2026-04-27,P002,WH-MW,107,106,1,1669.5
708,2026-05-04,P002,WH-MW,99,99,0,1559.25
709,2026-05-11,P002,WH-MW,77,77,0,1212.75
710,2026-05-18,P002,WH-MW,77,75,2,1181.25
711,2026-05-25,P002,WH-MW,87,86,1,1354.5
712,2026-06-01,P002,WH-MW,81,80,1,1260.0
713,2026-06-08,P002,WH-MW,91,81,10,1275.75
714,2026-06-15,P002,WH-MW,89,88,1,1386.0
715,2026-06-22,P002,WH-MW,88,88,0,1386.0
716,2026-06-29,P002,WH-MW,93,92,1,1449.0
717,2026-07-06,P002,WH-MW,80,79,1,1244.25
718,2026-07-13,P002,WH-MW,88,87,1,1370.25
719,2026-07-20,P002,WH-MW,90,88,2,1386.0
720,2026-07-27,P002,WH-MW,105,105,0,1653.75
721,2026-08-03,P002,WH-MW,81,80,1,1260.0
722,2026-08-10,P002,WH-MW,94,93,1,1464.75
723,2026-08-17,P002,WH-MW,87,85,2,1338.75
724,2026-08-24,P002,WH-MW,92,90,2,1417.5
725,2026-08-31,P002,WH-MW,82,80,2,1260.0
726,2026-09-07,P002,WH-MW,92,91,1,1433.25
727,2026-09-14,P002,WH-MW,85,85,0,1338.75
728,2026-09-21,P002,WH-MW,98,97,1,1527.75
729,2024-09-30,P002,WH-W,75,73,2,1149.75
730,2024-10-07,P002,WH-W,91,91,0,1433.25
731,2024-10-14,P002,WH-W,92,92,0,1449.0
732,2024-10-21,P002,WH-W,78,77,1,1212.75
733,2024-10-28,P002,WH-W,77,75,2,1181.25
734,2024-11-04,P002,WH-W,88,87,1,1370.25
735,2024-11-11,P002,WH-W,91,83,8,1307.25
736,2024-11-18,P002,WH-W,105,103,2,1622.25
737,2024-11-25,P002,WH-W,81,81,0,1275.75
738,2024-12-02,P002,WH-W,89,88,1,1386.0
739,2024-12-09,P002,WH-W,95,93,2,1464.75
740,2024-12-16,P002,WH-W,83,82,1,1291.5
741,2024-12-23,P002,WH-W,76,75,1,1181.25
742,2024-12-30,P002,WH-W,91,90,1,1417.5
743,2025-01-06,P002,WH-W,91,90,1,1417.5
744,2025-01-13,P002,WH-W,102,102,0,1606.5
745,2025-01-20,P002,WH-W,97,86,11,1354.5
746,2025-01-27,P002,WH-W,100,99,1,1559.25
747,2025-02-03,P002,WH-W,108,106,2,1669.5
748,2025-02-10,P002,WH-W,93,92,1,1449.0
749,2025-02-17,P002,WH-W,80,79,1,1244.25
750,2025-02-24,P002,WH-W,93,93,0,1464.75
751,2025-03-03,P002,WH-W,93,91,2,1433.25
752,2025-03-10,P002,WH-W,108,106,2,1669.5
753,2025-03-17,P002,WH-W,81,80,1,1260.0
754,2025-03-24,P002,WH-W,82,82,0,1291.5
755,2025-03-31,P002,WH-W,88,86,2,1354.5
756,2025-04-07,P002,WH-W,97,96,1,1512.0
757,2025-04-14,P002,WH-W,94,92,2,1449.0
758,2025-04-21,P002,WH-W,73,61,12,960.75
759,2025-04-28,P002,WH-W,93,92,1,1449.0
760,2025-05-05,P002,WH-W,89,88,1,1386.0
761,2025-05-12,P002,WH-W,74,73,1,1149.75
762,2025-05-19,P002,WH-W,90,90,0,1417.5
763,2025-05-26,P002,WH-W,85,83,2,1307.25
764,2025-06-02,P002,WH-W,95,93,2,1464.75
765,2025-06-09,P002,WH-W,78,78,0,1228.5
766,2025-06-16,P002,WH-W,82,81,1,1275.75
767,2025-06-23,P002,WH-W,85,85,0,1338.75
768,2025-06-30,P002,WH-W,69,68,1,1071.0
769,2025-07-07,P002,WH-W,64,63,1,992.25
770,2025-07-14,P002,WH-W,86,85,1,1338.75
771,2025-07-21,P002,WH-W,81,80,1,1260.0
772,2025-07-28,P002,WH-W,85,83,2,1307.25
773,2025-08-04,P002,WH-W,87,85,2,1338.75
774,2025-08-11,P002,WH-W,88,88,0,1386.0
775,2025-08-18,P002,WH-W,74,72,2,1134.0
776,2025-08-25,P002,WH-W,77,76,1,1197.0
777,2025-09-01,P002,WH-W,78,78,0,1228.5
778,2025-09-08,P002,WH-W,96,96,0,1512.0
779,2025-09-15,P002,WH-W,85,83,2,1307.25
780,2025-09-22,P002,WH-W,94,93,1,1464.75
781,2025-09-29,P002,WH-W,88,87,1,1370.25
782,2025-10-06,P002,WH-W,104,103,1,1622.25
783,2025-10-13,P002,WH-W,97,95,2,1496.25
784,2025-10-20,P002,WH-W,70,70,0,1102.5
785,2025-10-27,P002,WH-W,102,101,1,1590.75
786,2025-11-03,P002,WH-W,83,81,2,1275.75
787,2025-11-10,P002,WH-W,92,85,7,1338.75
788,2025-11-17,P002,WH-W,116,108,8,1701.0
789,2025-11-24,P002,WH-W,101,100,1,1575.0
790,2025-12-01,P002,WH-W,77,70,7,1102.5
791,2025-12-08,P002,WH-W,87,85,2,1338.75
792,2025-12-15,P002,WH-W,110,109,1,1716.75
793,2025-12-22,P002,WH-W,103,103,0,1622.25
794,2025-12-29,P002,WH-W,87,86,1,1354.5
795,2026-01-05,P002,WH-W,101,101,0,1590.75
796,2026-01-12,P002,WH-W,112,110,2,1732.5
797,2026-01-19,P002,WH-W,103,101,2,1590.75
798,2026-01-26,P002,WH-W,108,105,3,1653.75
799,2026-02-02,P002,WH-W,105,103,2,1622.25
800,2026-02-09,P002,WH-W,97,97,0,1527.75
801,2026-02-16,P002,WH-W,76,75,1,1181.25
802,2026-02-23,P002,WH-W,97,97,0,1527.75
803,2026-03-02,P002,WH-W,103,101,2,1590.75
804,2026-03-09,P002,WH-W,102,101,1,1590.75
805,2026-03-16,P002,WH-W,101,100,1,1575.0
806,2026-03-23,P002,WH-W,78,76,2,1197.0
807,2026-03-30,P002,WH-W,96,95,1,1496.25
808,2026-04-06,P002,WH-W,89,88,1,1386.0
809,2026-04-13,P002,WH-W,96,95,1,1496.25
810,2026-04-20,P002,WH-W,105,104,1,1638.0
811,2026-04-27,P002,WH-W,106,104,2,1638.0
812,2026-05-04,P002,WH-W,91,91,0,1433.25
813,2026-05-11,P002,WH-W,83,82,1,1291.5
814,2026-05-18,P002,WH-W,73,73,0,1149.75
815,2026-05-25,P002,WH-W,96,94,2,1480.5
816,2026-06-01,P002,WH-W,90,89,1,1401.75
817,2026-06-08,P002,WH-W,82,80,2,1260.0
818,2026-06-15,P002,WH-W,84,83,1,1307.25
819,2026-06-22,P002,WH-W,79,77,2,1212.75
820,2026-06-29,P002,WH-W,72,72,0,1134.0
821,2026-07-06,P002,WH-W,83,83,0,1307.25
822,2026-07-13,P002,WH-W,75,73,2,1149.75
823,2026-07-20,P002,WH-W,82,81,1,1275.75
824,2026-07-27,P002,WH-W,76,76,0,1197.0
825,2026-08-03,P002,WH-W,103,95,8,1496.25
826,2026-08-10,P002,WH-W,89,87,2,1370.25
827,2026-08-17,P002,WH-W,81,81,0,1275.75
828,2026-08-24,P002,WH-W,82,81,1,1275.75
829,2026-08-31,P002,WH-W,81,79,2,1244.25
830,2026-09-07,P002,WH-W,77,75,2,1181.25
831,2026-09-14,P002,WH-W,78,76,2,1197.0
832,2026-09-21,P002,WH-W,85,84,1,1323.0
833,2024-09-30,P003,WH-NE,73,73,0,1752.0
834,2024-10-07,P003,WH-NE,70,69,1,1656.0
835,2024-10-14,P003,WH-NE,77,75,2,1800.0
836,2024-10-21,P003,WH-NE,87,87,0,2088.0
837,2024-10-28,P003,WH-NE,75,67,8,1608.0
838,2024-11-04,P003,WH-NE,75,74,1,1776.0
839,2024-11-11,P003,WH-NE,75,73,2,1752.0
840,2024-11-18,P003,WH-NE,80,79,1,1896.0
841,2024-11-25,P003,WH-NE,90,90,0,2160.0
842,2024-12-02,P003,WH-NE,71,69,2,1656.0
843,2024-12-09,P003,WH-NE,77,75,2,1800.0
844,2024-12-16,P003,WH-NE,85,84,1,2016.0
845,2024-12-23,P003,WH-NE,79,78,1,1872.0
846,2024-12-30,P003,WH-NE,73,72,1,1728.0
847,2025-01-06,P003,WH-NE,84,76,8,1824.0
848,2025-01-13,P003,WH-NE,79,78,1,1872.0
849,2025-01-20,P003,WH-NE,68,68,0,1632.0
850,2025-01-27,P003,WH-NE,80,78,2,1872.0
851,2025-02-03,P003,WH-NE,88,78,10,1872.0
852,2025-02-10,P003,WH-NE,92,91,1,2184.0
853,2025-02-17,P003,WH-NE,89,89,0,2136.0
854,2025-02-24,P003,WH-NE,84,83,1,1992.0
855,2025-03-03,P003,WH-NE,80,79,1,1896.0
856,2025-03-10,P003,WH-NE,93,92,1,2208.0
857,2025-03-17,P003,WH-NE,86,85,1,2040.0
858,2025-03-24,P003,WH-NE,86,85,1,2040.0
859,2025-03-31,P003,WH-NE,77,76,1,1824.0
860,2025-04-07,P003,WH-NE,91,90,1,2160.0
861,2025-04-14,P003,WH-NE,95,94,1,2256.0
862,2025-04-21,P003,WH-NE,100,100,0,2400.0
863,2025-04-28,P003,WH-NE,96,96,0,2304.0
864,2025-05-05,P003,WH-NE,108,107,1,2568.0
865,2025-05-12,P003,WH-NE,95,93,2,2232.0
866,2025-05-19,P003,WH-NE,98,96,2,2304.0
867,2025-05-26,P003,WH-NE,120,119,1,2856.0
868,2025-06-02,P003,WH-NE,109,108,1,2592.0
869,2025-06-09,P003,WH-NE,104,102,2,2448.0
870,2025-06-16,P003,WH-NE,101,100,1,2400.0
871,2025-06-23,P003,WH-NE,96,96,0,2304.0
872,2025-06-30,P003,WH-NE,104,103,1,2472.0
873,2025-07-07,P003,WH-NE,84,83,1,1992.0
874,2025-07-14,P003,WH-NE,96,95,1,2280.0
875,2025-07-21,P003,WH-NE,100,99,1,2376.0
876,2025-07-28,P003,WH-NE,97,97,0,2328.0
877,2025-08-04,P003,WH-NE,87,85,2,2040.0
878,2025-08-11,P003,WH-NE,80,80,0,1920.0
879,2025-08-18,P003,WH-NE,92,91,1,2184.0
880,2025-08-25,P003,WH-NE,91,90,1,2160.0
881,2025-09-01,P003,WH-NE,70,69,1,1656.0
882,2025-09-08,P003,WH-NE,90,89,1,2136.0
883,2025-09-15,P003,WH-NE,77,77,0,1848.0
884,2025-09-22,P003,WH-NE,83,82,1,1968.0
885,2025-09-29,P003,WH-NE,91,90,1,2160.0
886,2025-10-06,P003,WH-NE,80,80,0,1920.0
887,2025-10-13,P003,WH-NE,79,79,0,1896.0
888,2025-10-20,P003,WH-NE,88,78,10,1872.0
889,2025-10-27,P003,WH-NE,84,83,1,1992.0
890,2025-11-03,P003,WH-NE,78,77,1,1848.0
891,2025-11-10,P003,WH-NE,89,87,2,2088.0
892,2025-11-17,P003,WH-NE,75,75,0,1800.0
893,2025-11-24,P003,WH-NE,72,70,2,1680.0
894,2025-12-01,P003,WH-NE,89,88,1,2112.0
895,2025-12-08,P003,WH-NE,76,69,7,1656.0
896,2025-12-15,P003,WH-NE,79,78,1,1872.0
897,2025-12-22,P003,WH-NE,76,76,0,1824.0
898,2025-12-29,P003,WH-NE,79,78,1,1872.0
899,2026-01-05,P003,WH-NE,81,70,11,1680.0
900,2026-01-12,P003,WH-NE,89,87,2,2088.0
901,2026-01-19,P003,WH-NE,89,88,1,2112.0
902,2026-01-26,P003,WH-NE,98,96,2,2304.0
903,2026-02-02,P003,WH-NE,91,90,1,2160.0
904,2026-02-09,P003,WH-NE,96,94,2,2256.0
905,2026-02-16,P003,WH-NE,91,89,2,2136.0
906,2026-02-23,P003,WH-NE,101,101,0,2424.0
907,2026-03-02,P003,WH-NE,83,83,0,1992.0
908,2026-03-09,P003,WH-NE,105,104,1,2496.0
909,2026-03-16,P003,WH-NE,95,95,0,2280.0
910,2026-03-23,P003,WH-NE,102,100,2,2400.0
911,2026-03-30,P003,WH-NE,106,105,1,2520.0
912,2026-04-06,P003,WH-NE,100,98,2,2352.0
913,2026-04-13,P003,WH-NE,96,94,2,2256.0
914,2026-04-20,P003,WH-NE,110,109,1,2616.0
915,2026-04-27,P003,WH-NE,112,110,2,2640.0
916,2026-05-04,P003,WH-NE,108,107,1,2568.0
917,2026-05-11,P003,WH-NE,111,110,1,2640.0
918,2026-05-18,P003,WH-NE,94,94,0,2256.0
919,2026-05-25,P003,WH-NE,98,96,2,2304.0
920,2026-06-01,P003,WH-NE,89,89,0,2136.0
921,2026-06-08,P003,WH-NE,95,93,2,2232.0
922,2026-06-15,P003,WH-NE,90,90,0,2160.0
923,2026-06-22,P003,WH-NE,110,100,10,2400.0
924,2026-06-29,P003,WH-NE,90,88,2,2112.0
925,2026-07-06,P003,WH-NE,106,104,2,2496.0
926,2026-07-13,P003,WH-NE,94,93,1,2232.0
927,2026-07-20,P003,WH-NE,98,88,10,2112.0
928,2026-07-27,P003,WH-NE,95,94,1,2256.0
929,2026-08-03,P003,WH-NE,98,97,1,2328.0
930,2026-08-10,P003,WH-NE,99,99,0,2376.0
931,2026-08-17,P003,WH-NE,86,84,2,2016.0
932,2026-08-24,P003,WH-NE,84,82,2,1968.0
933,2026-08-31,P003,WH-NE,95,95,0,2280.0
934,2026-09-07,P003,WH-NE,92,91,1,2184.0
935,2026-09-14,P003,WH-NE,84,82,2,1968.0
936,2026-09-21,P003,WH-NE,83,82,1,1968.0
937,2024-09-30,P003,WH-SE,58,57,1,1368.0
938,2024-10-07,P003,WH-SE,63,62,1,1488.0
939,2024-10-14,P003,WH-SE,61,61,0,1464.0
940,2024-10-21,P003,WH-SE,69,69,0,1656.0
941,2024-10-28,P003,WH-SE,58,58,0,1392.0
942,2024-11-04,P003,WH-SE,57,56,1,1344.0
943,2024-11-11,P003,WH-SE,63,62,1,1488.0
944,2024-11-18,P003,WH-SE,66,65,1,1560.0
945,2024-11-25,P003,WH-SE,56,51,5,1224.0
946,2024-12-02,P003,WH-SE,50,43,7,1032.0
947,2024-12-09,P003,WH-SE,58,57,1,1368.0
948,2024-12-16,P003,WH-SE,59,58,1,1392.0
949,2024-12-23,P003,WH-SE,59,58,1,1392.0
950,2024-12-30,P003,WH-SE,67,66,1,1584.0
951,2025-01-06,P003,WH-SE,65,64,1,1536.0
952,2025-01-13,P003,WH-SE,64,64,0,1536.0
953,2025-01-20,P003,WH-SE,76,76,0,1824.0
954,2025-01-27,P003,WH-SE,60,59,1,1416.0
955,2025-02-03,P003,WH-SE,61,60,1,1440.0
956,2025-02-10,P003,WH-SE,71,71,0,1704.0
957,2025-02-17,P003,WH-SE,69,69,0,1656.0
958,2025-02-24,P003,WH-SE,73,72,1,1728.0
959,2025-03-03,P003,WH-SE,64,63,1,1512.0
960,2025-03-10,P003,WH-SE,76,74,2,1776.0
961,2025-03-17,P003,WH-SE,81,79,2,1896.0
962,2025-03-24,P003,WH-SE,67,65,2,1560.0
963,2025-03-31,P003,WH-SE,74,72,2,1728.0
964,2025-04-07,P003,WH-SE,64,63,1,1512.0
965,2025-04-14,P003,WH-SE,95,94,1,2256.0
966,2025-04-21,P003,WH-SE,78,78,0,1872.0
967,2025-04-28,P003,WH-SE,79,78,1,1872.0
968,2025-05-05,P003,WH-SE,68,66,2,1584.0
969,2025-05-12,P003,WH-SE,60,60,0,1440.0
970,2025-05-19,P003,WH-SE,70,69,1,1656.0
971,2025-05-26,P003,WH-SE,93,93,0,2232.0
972,2025-06-02,P003,WH-SE,86,86,0,2064.0
973,2025-06-09,P003,WH-SE,76,75,1,1800.0
974,2025-06-16,P003,WH-SE,70,68,2,1632.0
975,2025-06-23,P003,WH-SE,70,68,2,1632.0
976,2025-06-30,P003,WH-SE,81,80,1,1920.0
977,2025-07-07,P003,WH-SE,79,78,1,1872.0
978,2025-07-14,P003,WH-SE,80,79,1,1896.0
979,2025-07-21,P003,WH-SE,73,72,1,1728.0
980,2025-07-28,P003,WH-SE,64,64,0,1536.0
981,2025-08-04,P003,WH-SE,83,82,1,1968.0
982,2025-08-11,P003,WH-SE,73,72,1,1728.0
983,2025-08-18,P003,WH-SE,81,79,2,1896.0
984,2025-08-25,P003,WH-SE,64,63,1,1512.0
985,2025-09-01,P003,WH-SE,64,63,1,1512.0
986,2025-09-08,P003,WH-SE,72,71,1,1704.0
987,2025-09-15,P003,WH-SE,65,65,0,1560.0
988,2025-09-22,P003,WH-SE,73,72,1,1728.0
989,2025-09-29,P003,WH-SE,49,48,1,1152.0
990,2025-10-06,P003,WH-SE,63,62,1,1488.0
991,2025-10-13,P003,WH-SE,72,71,1,1704.0
992,2025-10-20,P003,WH-SE,63,63,0,1512.0
993,2025-10-27,P003,WH-SE,66,66,0,1584.0
994,2025-11-03,P003,WH-SE,57,56,1,1344.0
995,2025-11-10,P003,WH-SE,62,61,1,1464.0
996,2025-11-17,P003,WH-SE,58,57,1,1368.0
997,2025-11-24,P003,WH-SE,65,64,1,1536.0
998,2025-12-01,P003,WH-SE,64,63,1,1512.0
999,2025-12-08,P003,WH-SE,65,65,0,1560.0
1000,2025-12-15,P003,WH-SE,61,59,2,1416.0
1001,2025-12-22,P003,WH-SE,72,71,1,1704.0
1002,2025-12-29,P003,WH-SE,63,62,1,1488.0
1003,2026-01-05,P003,WH-SE,62,62,0,1488.0
1004,2026-01-12,P003,WH-SE,82,80,2,1920.0
1005,2026-01-19,P003,WH-SE,68,67,1,1608.0
1006,2026-01-26,P003,WH-SE,67,66,1,1584.0
1007,2026-02-02,P003,WH-SE,72,71,1,1704.0
1008,2026-02-09,P003,WH-SE,82,81,1,1944.0
1009,2026-02-16,P003,WH-SE,69,68,1,1632.0
1010,2026-02-23,P003,WH-SE,89,87,2,2088.0
1011,2026-03-02,P003,WH-SE,83,82,1,1968.0
1012,2026-03-09,P003,WH-SE,65,64,1,1536.0
1013,2026-03-16,P003,WH-SE,62,61,1,1464.0
1014,2026-03-23,P003,WH-SE,82,81,1,1944.0
1015,2026-03-30,P003,WH-SE,75,74,1,1776.0
1016,2026-04-06,P003,WH-SE,74,73,1,1752.0
1017,2026-04-13,P003,WH-SE,81,81,0,1944.0
1018,2026-04-20,P003,WH-SE,73,72,1,1728.0
1019,2026-04-27,P003,WH-SE,93,92,1,2208.0
1020,2026-05-04,P003,WH-SE,80,78,2,1872.0
1021,2026-05-11,P003,WH-SE,74,73,1,1752.0
1022,2026-05-18,P003,WH-SE,84,83,1,1992.0
1023,2026-05-25,P003,WH-SE,88,86,2,2064.0
1024,2026-06-01,P003,WH-SE,79,78,1,1872.0
1025,2026-06-08,P003,WH-SE,89,87,2,2088.0
1026,2026-06-15,P003,WH-SE,76,75,1,1800.0
1027,2026-06-22,P003,WH-SE,82,81,1,1944.0
1028,2026-06-29,P003,WH-SE,89,87,2,2088.0
1029,2026-07-06,P003,WH-SE,72,71,1,1704.0
1030,2026-07-13,P003,WH-SE,69,69,0,1656.0
1031,2026-07-20,P003,WH-SE,72,67,5,1608.0
1032,2026-07-27,P003,WH-SE,77,75,2,1800.0
1033,2026-08-03,P003,WH-SE,73,72,1,1728.0
1034,2026-08-10,P003,WH-SE,77,75,2,1800.0
1035,2026-08-17,P003,WH-SE,79,78,1,1872.0
1036,2026-08-24,P003,WH-SE,78,76,2,1824.0
1037,2026-08-31,P003,WH-SE,72,71,1,1704.0
1038,2026-09-07,P003,WH-SE,78,77,1,1848.0
1039,2026-09-14,P003,WH-SE,72,68,4,1632.0
1040,2026-09-21,P003,WH-SE,74,74,0,1776.0
1041,2024-09-30,P003,WH-MW,68,67,1,1608.0
1042,2024-10-07,P003,WH-MW,67,65,2,1560.0
1043,2024-10-14,P003,WH-MW,55,55,0,1320.0
1044,2024-10-21,P003,WH-MW,72,71,1,1704.0
1045,2024-10-28,P003,WH-MW,58,57,1,1368.0
1046,2024-11-04,P003,WH-MW,60,60,0,1440.0
1047,2024-11-11,P003,WH-MW,61,60,1,1440.0
1048,2024-11-18,P003,WH-MW,62,62,0,1488.0
1049,2024-11-25,P003,WH-MW,65,64,1,1536.0
1050,2024-12-02,P003,WH-MW,58,52,6,1248.0
1051,2024-12-09,P003,WH-MW,55,54,1,1296.0
1052,2024-12-16,P003,WH-MW,66,65,1,1560.0
1053,2024-12-23,P003,WH-MW,66,66,0,1584.0
1054,2024-12-30,P003,WH-MW,59,59,0,1416.0
1055,2025-01-06,P003,WH-MW,60,50,10,1200.0
1056,2025-01-13,P003,WH-MW,62,61,1,1464.0
1057,2025-01-20,P003,WH-MW,72,71,1,1704.0
1058,2025-01-27,P003,WH-MW,65,64,1,1536.0
1059,2025-02-03,P003,WH-MW,66,65,1,1560.0
1060,2025-02-10,P003,WH-MW,70,70,0,1680.0
1061,2025-02-17,P003,WH-MW,80,80,0,1920.0
1062,2025-02-24,P003,WH-MW,64,63,1,1512.0
1063,2025-03-03,P003,WH-MW,67,66,1,1584.0
1064,2025-03-10,P003,WH-MW,70,69,1,1656.0
1065,2025-03-17,P003,WH-MW,72,71,1,1704.0
1066,2025-03-24,P003,WH-MW,78,78,0,1872.0
1067,2025-03-31,P003,WH-MW,68,67,1,1608.0
1068,2025-04-07,P003,WH-MW,67,66,1,1584.0
1069,2025-04-14,P003,WH-MW,82,81,1,1944.0
1070,2025-04-21,P003,WH-MW,64,63,1,1512.0
1071,2025-04-28,P003,WH-MW,80,75,5,1800.0
1072,2025-05-05,P003,WH-MW,66,65,1,1560.0
1073,2025-05-12,P003,WH-MW,81,80,1,1920.0
1074,2025-05-19,P003,WH-MW,71,70,1,1680.0
1075,2025-05-26,P003,WH-MW,75,75,0,1800.0
1076,2025-06-02,P003,WH-MW,77,77,0,1848.0
1077,2025-06-09,P003,WH-MW,67,67,0,1608.0
1078,2025-06-16,P003,WH-MW,73,72,1,1728.0
1079,2025-06-23,P003,WH-MW,73,71,2,1704.0
1080,2025-06-30,P003,WH-MW,73,63,10,1512.0
1081,2025-07-07,P003,WH-MW,81,80,1,1920.0
1082,2025-07-14,P003,WH-MW,73,71,2,1704.0
1083,2025-07-21,P003,WH-MW,80,79,1,1896.0
1084,2025-07-28,P003,WH-MW,80,79,1,1896.0
1085,2025-08-04,P003,WH-MW,81,80,1,1920.0
1086,2025-08-11,P003,WH-MW,59,56,3,1344.0
1087,2025-08-18,P003,WH-MW,64,64,0,1536.0
1088,2025-08-25,P003,WH-MW,61,51,10,1224.0
1089,2025-09-01,P003,WH-MW,66,64,2,1536.0
1090,2025-09-08,P003,WH-MW,73,72,1,1728.0
1091,2025-09-15,P003,WH-MW,74,72,2,1728.0
1092,2025-09-22,P003,WH-MW,60,59,1,1416.0
1093,2025-09-29,P003,WH-MW,67,59,8,1416.0
1094,2025-10-06,P003,WH-MW,67,66,1,1584.0
1095,2025-10-13,P003,WH-MW,70,70,0,1680.0
1096,2025-10-20,P003,WH-MW,64,64,0,1536.0
1097,2025-10-27,P003,WH-MW,62,53,9,1272.0
1098,2025-11-03,P003,WH-MW,74,73,1,1752.0
1099,2025-11-10,P003,WH-MW,65,64,1,1536.0
1100,2025-11-17,P003,WH-MW,74,72,2,1728.0
1101,2025-11-24,P003,WH-MW,49,49,0,1176.0
1102,2025-12-01,P003,WH-MW,60,60,0,1440.0
1103,2025-12-08,P003,WH-MW,64,54,10,1296.0
1104,2025-12-15,P003,WH-MW,59,58,1,1392.0
1105,2025-12-22,P003,WH-MW,62,61,1,1464.0
1106,2025-12-29,P003,WH-MW,71,70,1,1680.0
1107,2026-01-05,P003,WH-MW,63,62,1,1488.0
1108,2026-01-12,P003,WH-MW,75,74,1,1776.0
1109,2026-01-19,P003,WH-MW,68,67,1,1608.0
1110,2026-01-26,P003,WH-MW,74,70,4,1680.0
1111,2026-02-02,P003,WH-MW,74,73,1,1752.0
1112,2026-02-09,P003,WH-MW,73,72,1,1728.0
1113,2026-02-16,P003,WH-MW,79,79,0,1896.0
1114,2026-02-23,P003,WH-MW,77,75,2,1800.0
1115,2026-03-02,P003,WH-MW,68,68,0,1632.0
1116,2026-03-09,P003,WH-MW,80,78,2,1872.0
1117,2026-03-16,P003,WH-MW,84,82,2,1968.0
1118,2026-03-23,P003,WH-MW,73,71,2,1704.0
1119,2026-03-30,P003,WH-MW,67,66,1,1584.0
1120,2026-04-06,P003,WH-MW,84,83,1,1992.0
1121,2026-04-13,P003,WH-MW,84,84,0,2016.0
1122,2026-04-20,P003,WH-MW,88,87,1,2088.0
1123,2026-04-27,P003,WH-MW,75,73,2,1752.0
1124,2026-05-04,P003,WH-MW,78,68,10,1632.0
1125,2026-05-11,P003,WH-MW,73,73,0,1752.0
1126,2026-05-18,P003,WH-MW,86,86,0,2064.0
1127,2026-05-25,P003,WH-MW,70,69,1,1656.0
1128,2026-06-01,P003,WH-MW,82,80,2,1920.0
1129,2026-06-08,P003,WH-MW,81,81,0,1944.0
1130,2026-06-15,P003,WH-MW,74,74,0,1776.0
1131,2026-06-22,P003,WH-MW,75,74,1,1776.0
1132,2026-06-29,P003,WH-MW,80,73,7,1752.0
1133,2026-07-06,P003,WH-MW,80,78,2,1872.0
1134,2026-07-13,P003,WH-MW,69,68,1,1632.0
1135,2026-07-20,P003,WH-MW,79,78,1,1872.0
1136,2026-07-27,P003,WH-MW,66,65,1,1560.0
1137,2026-08-03,P003,WH-MW,75,72,3,1728.0
1138,2026-08-10,P003,WH-MW,73,73,0,1752.0
1139,2026-08-17,P003,WH-MW,75,74,1,1776.0
1140,2026-08-24,P003,WH-MW,69,60,9,1440.0
1141,2026-08-31,P003,WH-MW,72,71,1,1704.0
1142,2026-09-07,P003,WH-MW,68,68,0,1632.0
1143,2026-09-14,P003,WH-MW,66,65,1,1560.0
1144,2026-09-21,P003,WH-MW,74,73,1,1752.0
1145,2024-09-30,P003,WH-W,58,57,1,1368.0
1146,2024-10-07,P003,WH-W,56,56,0,1344.0
1147,2024-10-14,P003,WH-W,53,53,0,1272.0
1148,2024-10-21,P003,WH-W,58,57,1,1368.0
1149,2024-10-28,P003,WH-W,59,58,1,1392.0
1150,2024-11-04,P003,WH-W,60,60,0,1440.0
1151,2024-11-11,P003,WH-W,60,60,0,1440.0
1152,2024-11-18,P003,WH-W,60,59,1,1416.0
1153,2024-11-25,P003,WH-W,59,58,1,1392.0
1154,2024-12-02,P003,WH-W,75,74,1,1776.0
1155,2024-12-09,P003,WH-W,63,63,0,1512.0
1156,2024-12-16,P003,WH-W,52,52,0,1248.0
1157,2024-12-23,P003,WH-W,62,61,1,1464.0
1158,2024-12-30,P003,WH-W,58,57,1,1368.0
1159,2025-01-06,P003,WH-W,73,72,1,1728.0
1160,2025-01-13,P003,WH-W,64,63,1,1512.0
1161,2025-01-20,P003,WH-W,62,61,1,1464.0
1162,2025-01-27,P003,WH-W,62,55,7,1320.0
1163,2025-02-03,P003,WH-W,70,70,0,1680.0
1164,2025-02-10,P003,WH-W,75,73,2,1752.0
1165,2025-02-17,P003,WH-W,62,61,1,1464.0
1166,2025-02-24,P003,WH-W,69,68,1,1632.0
1167,2025-03-03,P003,WH-W,61,61,0,1464.0
1168,2025-03-10,P003,WH-W,79,79,0,1896.0
1169,2025-03-17,P003,WH-W,77,76,1,1824.0
1170,2025-03-24,P003,WH-W,79,78,1,1872.0
1171,2025-03-31,P003,WH-W,76,75,1,1800.0
1172,2025-04-07,P003,WH-W,80,80,0,1920.0
1173,2025-04-14,P003,WH-W,79,79,0,1896.0
1174,2025-04-21,P003,WH-W,80,80,0,1920.0
1175,2025-04-28,P003,WH-W,76,74,2,1776.0
1176,2025-05-05,P003,WH-W,66,65,1,1560.0
1177,2025-05-12,P003,WH-W,76,75,1,1800.0
1178,2025-05-19,P003,WH-W,81,81,0,1944.0
1179,2025-05-26,P003,WH-W,89,88,1,2112.0
1180,2025-06-02,P003,WH-W,89,88,1,2112.0
1181,2025-06-09,P003,WH-W,85,83,2,1992.0
1182,2025-06-16,P003,WH-W,78,78,0,1872.0
1183,2025-06-23,P003,WH-W,64,61,3,1464.0
1184,2025-06-30,P003,WH-W,76,75,1,1800.0
1185,2025-07-07,P003,WH-W,72,71,1,1704.0
1186,2025-07-14,P003,WH-W,67,57,10,1368.0
1187,2025-07-21,P003,WH-W,61,60,1,1440.0
1188,2025-07-28,P003,WH-W,73,72,1,1728.0
1189,2025-08-04,P003,WH-W,69,68,1,1632.0
1190,2025-08-11,P003,WH-W,77,76,1,1824.0
1191,2025-08-18,P003,WH-W,60,59,1,1416.0
1192,2025-08-25,P003,WH-W,73,72,1,1728.0
1193,2025-09-01,P003,WH-W,69,68,1,1632.0
1194,2025-09-08,P003,WH-W,65,64,1,1536.0
1195,2025-09-15,P003,WH-W,72,71,1,1704.0
1196,2025-09-22,P003,WH-W,61,57,4,1368.0
1197,2025-09-29,P003,WH-W,55,54,1,1296.0
1198,2025-10-06,P003,WH-W,63,59,4,1416.0
1199,2025-10-13,P003,WH-W,59,55,4,1320.0
1200,2025-10-20,P003,WH-W,56,55,1,1320.0
1201,2025-10-27,P003,WH-W,72,71,1,1704.0
1202,2025-11-03,P003,WH-W,66,65,1,1560.0
1203,2025-11-10,P003,WH-W,67,66,1,1584.0
1204,2025-11-17,P003,WH-W,63,54,9,1296.0
1205,2025-11-24,P003,WH-W,65,64,1,1536.0
1206,2025-12-01,P003,WH-W,56,55,1,1320.0
1207,2025-12-08,P003,WH-W,64,63,1,1512.0
1208,2025-12-15,P003,WH-W,76,75,1,1800.0
1209,2025-12-22,P003,WH-W,60,60,0,1440.0
1210,2025-12-29,P003,WH-W,73,72,1,1728.0
1211,2026-01-05,P003,WH-W,64,63,1,1512.0
1212,2026-01-12,P003,WH-W,63,62,1,1488.0
1213,2026-01-19,P003,WH-W,74,74,0,1776.0
1214,2026-01-26,P003,WH-W,78,76,2,1824.0
1215,2026-02-02,P003,WH-W,59,58,1,1392.0
1216,2026-02-09,P003,WH-W,70,69,1,1656.0
1217,2026-02-16,P003,WH-W,68,60,8,1440.0
1218,2026-02-23,P003,WH-W,73,72,1,1728.0
1219,2026-03-02,P003,WH-W,81,69,12,1656.0
1220,2026-03-09,P003,WH-W,72,71,1,1704.0
1221,2026-03-16,P003,WH-W,69,69,0,1656.0
1222,2026-03-23,P003,WH-W,89,89,0,2136.0
1223,2026-03-30,P003,WH-W,85,85,0,2040.0
1224,2026-04-06,P003,WH-W,85,84,1,2016.0
1225,2026-04-13,P003,WH-W,76,75,1,1800.0
1226,2026-04-20,P003,WH-W,99,99,0,2376.0
1227,2026-04-27,P003,WH-W,76,76,0,1824.0
1228,2026-05-04,P003,WH-W,74,73,1,1752.0
1229,2026-05-11,P003,WH-W,89,89,0,2136.0
1230,2026-05-18,P003,WH-W,79,79,0,1896.0
1231,2026-05-25,P003,WH-W,85,83,2,1992.0
1232,2026-06-01,P003,WH-W,81,79,2,1896.0
1233,2026-06-08,P003,WH-W,72,72,0,1728.0
1234,2026-06-15,P003,WH-W,81,79,2,1896.0
1235,2026-06-22,P003,WH-W,77,77,0,1848.0
1236,2026-06-29,P003,WH-W,70,69,1,1656.0
1237,2026-07-06,P003,WH-W,80,78,2,1872.0
1238,2026-07-13,P003,WH-W,63,62,1,1488.0
1239,2026-07-20,P003,WH-W,68,63,5,1512.0
1240,2026-07-27,P003,WH-W,75,74,1,1776.0
1241,2026-08-03,P003,WH-W,75,75,0,1800.0
1242,2026-08-10,P003,WH-W,75,75,0,1800.0
1243,2026-08-17,P003,WH-W,89,87,2,2088.0
1244,2026-08-24,P003,WH-W,71,69,2,1656.0
1245,2026-08-31,P003,WH-W,79,77,2,1848.0
1246,2026-09-07,P003,WH-W,69,69,0,1656.0
1247,2026-09-14,P003,WH-W,69,68,1,1632.0
1248,2026-09-21,P003,WH-W,64,62,2,1488.0
1249,2024-09-30,P004,WH-NE,175,174,1,1479.0
1250,2024-10-07,P004,WH-NE,189,184,5,1564.0
1251,2024-10-14,P004,WH-NE,167,164,3,1394.0
1252,2024-10-21,P004,WH-NE,187,185,2,1572.5
1253,2024-10-28,P004,WH-NE,181,180,1,1530.0
1254,2024-11-04,P004,WH-NE,196,194,2,1649.0
1255,2024-11-11,P004,WH-NE,185,182,3,1547.0
1256,2024-11-18,P004,WH-NE,185,184,1,1564.0
1257,2024-11-25,P004,WH-NE,227,225,2,1912.5
1258,2024-12-02,P004,WH-NE,173,160,13,1360.0
1259,2024-12-09,P004,WH-NE,168,165,3,1402.5
1260,2024-12-16,P004,WH-NE,166,164,2,1394.0
1261,2024-12-23,P004,WH-NE,221,218,3,1853.0
1262,2024-12-30,P004,WH-NE,190,189,1,1606.5
1263,2025-01-06,P004,WH-NE,170,167,3,1419.5
1264,2025-01-13,P004,WH-NE,184,182,2,1547.0
1265,2025-01-20,P004,WH-NE,168,167,1,1419.5
1266,2025-01-27,P004,WH-NE,142,140,2,1190.0
1267,2025-02-03,P004,WH-NE,172,169,3,1436.5
1268,2025-02-10,P004,WH-NE,183,182,1,1547.0
1269,2025-02-17,P004,WH-NE,177,173,4,1470.5
1270,2025-02-24,P004,WH-NE,142,130,12,1105.0
1271,2025-03-03,P004,WH-NE,176,173,3,1470.5
1272,2025-03-10,P004,WH-NE,165,163,2,1385.5
1273,2025-03-17,P004,WH-NE,162,159,3,1351.5
1274,2025-03-24,P004,WH-NE,175,175,0,1487.5
1275,2025-03-31,P004,WH-NE,150,143,7,1215.5
1276,2025-04-07,P004,WH-NE,147,146,1,1241.0
1277,2025-04-14,P004,WH-NE,148,146,2,1241.0
1278,2025-04-21,P004,WH-NE,150,149,1,1266.5
1279,2025-04-28,P004,WH-NE,164,160,4,1360.0
1280,2025-05-05,P004,WH-NE,142,140,2,1190.0
1281,2025-05-12,P004,WH-NE,166,163,3,1385.5
1282,2025-05-19,P004,WH-NE,155,152,3,1292.0
1283,2025-05-26,P004,WH-NE,178,177,1,1504.5
1284,2025-06-02,P004,WH-NE,171,170,1,1445.0
1285,2025-06-09,P004,WH-NE,146,144,2,1224.0
1286,2025-06-16,P004,WH-NE,180,178,2,1513.0
1287,2025-06-23,P004,WH-NE,177,174,3,1479.0
1288,2025-06-30,P004,WH-NE,156,154,2,1309.0
1289,2025-07-07,P004,WH-NE,167,164,3,1394.0
1290,2025-07-14,P004,WH-NE,151,151,0,1283.5
1291,2025-07-21,P004,WH-NE,156,154,2,1309.0
1292,2025-07-28,P004,WH-NE,178,178,0,1513.0
1293,2025-08-04,P004,WH-NE,169,167,2,1419.5
1294,2025-08-11,P004,WH-NE,179,176,3,1496.0
1295,2025-08-18,P004,WH-NE,139,137,2,1164.5
1296,2025-08-25,P004,WH-NE,192,188,4,1598.0
1297,2025-09-01,P004,WH-NE,169,166,3,1411.0
1298,2025-09-08,P004,WH-NE,184,180,4,1530.0
1299,2025-09-15,P004,WH-NE,185,182,3,1547.0
1300,2025-09-22,P004,WH-NE,166,165,1,1402.5
1301,2025-09-29,P004,WH-NE,215,215,0,1827.5
1302,2025-10-06,P004,WH-NE,196,193,3,1640.5
1303,2025-10-13,P004,WH-NE,200,198,2,1683.0
1304,2025-10-20,P004,WH-NE,182,178,4,1513.0
1305,2025-10-27,P004,WH-NE,198,194,4,1649.0
1306,2025-11-03,P004,WH-NE,169,167,2,1419.5
1307,2025-11-10,P004,WH-NE,216,212,4,1802.0
1308,2025-11-17,P004,WH-NE,179,177,2,1504.5
1309,2025-11-24,P004,WH-NE,184,181,3,1538.5
1310,2025-12-01,P004,WH-NE,170,167,3,1419.5
1311,2025-12-08,P004,WH-NE,172,170,2,1445.0
1312,2025-12-15,P004,WH-NE,165,165,0,1402.5
1313,2025-12-22,P004,WH-NE,193,190,3,1615.0
1314,2025-12-29,P004,WH-NE,160,135,25,1147.5
1315,2026-01-05,P004,WH-NE,225,220,5,1870.0
1316,2026-01-12,P004,WH-NE,165,164,1,1394.0
1317,2026-01-19,P004,WH-NE,220,216,4,1836.0
1318,2026-01-26,P004,WH-NE,143,140,3,1190.0
1319,2026-02-02,P004,WH-NE,166,163,3,1385.5
1320,2026-02-09,P004,WH-NE,180,163,17,1385.5
1321,2026-02-16,P004,WH-NE,183,180,3,1530.0
1322,2026-02-23,P004,WH-NE,183,179,4,1521.5
1323,2026-03-02,P004,WH-NE,158,158,0,1343.0
1324,2026-03-09,P004,WH-NE,173,171,2,1453.5
1325,2026-03-16,P004,WH-NE,169,169,0,1436.5
1326,2026-03-23,P004,WH-NE,166,165,1,1402.5
1327,2026-03-30,P004,WH-NE,159,157,2,1334.5
1328,2026-04-06,P004,WH-NE,173,170,3,1445.0
1329,2026-04-13,P004,WH-NE,181,180,1,1530.0
1330,2026-04-20,P004,WH-NE,182,180,2,1530.0
1331,2026-04-27,P004,WH-NE,181,178,3,1513.0
1332,2026-05-04,P004,WH-NE,176,176,0,1496.0
1333,2026-05-11,P004,WH-NE,176,174,2,1479.0
1334,2026-05-18,P004,WH-NE,181,178,3,1513.0
1335,2026-05-25,P004,WH-NE,156,155,1,1317.5
1336,2026-06-01,P004,WH-NE,149,146,3,1241.0
1337,2026-06-08,P004,WH-NE,150,149,1,1266.5
1338,2026-06-15,P004,WH-NE,170,170,0,1445.0
1339,2026-06-22,P004,WH-NE,173,171,2,1453.5
1340,2026-06-29,P004,WH-NE,182,178,4,1513.0
1341,2026-07-06,P004,WH-NE,168,166,2,1411.0
1342,2026-07-13,P004,WH-NE,162,159,3,1351.5
1343,2026-07-20,P004,WH-NE,184,181,3,1538.5
1344,2026-07-27,P004,WH-NE,184,182,2,1547.0
1345,2026-08-03,P004,WH-NE,170,167,3,1419.5
1346,2026-08-10,P004,WH-NE,201,200,1,1700.0
1347,2026-08-17,P004,WH-NE,165,162,3,1377.0
1348,2026-08-24,P004,WH-NE,193,191,2,1623.5
1349,2026-08-31,P004,WH-NE,186,184,2,1564.0
1350,2026-09-07,P004,WH-NE,178,178,0,1513.0
1351,2026-09-14,P004,WH-NE,199,198,1,1683.0
1352,2026-09-21,P004,WH-NE,200,197,3,1674.5
1353,2024-09-30,P004,WH-SE,155,154,1,1309.0
1354,2024-10-07,P004,WH-SE,166,165,1,1402.5
1355,2024-10-14,P004,WH-SE,149,149,0,1266.5
1356,2024-10-21,P004,WH-SE,172,169,3,1436.5
1357,2024-10-28,P004,WH-SE,145,143,2,1215.5
1358,2024-11-04,P004,WH-SE,172,172,0,1462.0
1359,2024-11-11,P004,WH-SE,196,193,3,1640.5
1360,2024-11-18,P004,WH-SE,161,157,4,1334.5
1361,2024-11-25,P004,WH-SE,163,162,1,1377.0
1362,2024-12-02,P004,WH-SE,160,158,2,1343.0
1363,2024-12-09,P004,WH-SE,159,157,2,1334.5
1364,2024-12-16,P004,WH-SE,159,146,13,1241.0
1365,2024-12-23,P004,WH-SE,168,165,3,1402.5
1366,2024-12-30,P004,WH-SE,153,151,2,1283.5
1367,2025-01-06,P004,WH-SE,165,156,9,1326.0
1368,2025-01-13,P004,WH-SE,170,167,3,1419.5
1369,2025-01-20,P004,WH-SE,157,156,1,1326.0
1370,2025-01-27,P004,WH-SE,151,148,3,1258.0
1371,2025-02-03,P004,WH-SE,148,146,2,1241.0
1372,2025-02-10,P004,WH-SE,168,167,1,1419.5
1373,2025-02-17,P004,WH-SE,113,112,1,952.0
1374,2025-02-24,P004,WH-SE,139,139,0,1181.5
1375,2025-03-03,P004,WH-SE,145,144,1,1224.0
1376,2025-03-10,P004,WH-SE,143,141,2,1198.5
1377,2025-03-17,P004,WH-SE,136,133,3,1130.5
1378,2025-03-24,P004,WH-SE,141,139,2,1181.5
1379,2025-03-31,P004,WH-SE,147,145,2,1232.5
1380,2025-04-07,P004,WH-SE,149,147,2,1249.5
1381,2025-04-14,P004,WH-SE,145,142,3,1207.0
1382,2025-04-21,P004,WH-SE,161,160,1,1360.0
1383,2025-04-28,P004,WH-SE,108,107,1,909.5
1384,2025-05-05,P004,WH-SE,138,135,3,1147.5
1385,2025-05-12,P004,WH-SE,130,129,1,1096.5
1386,2025-05-19,P004,WH-SE,131,128,3,1088.0
1387,2025-05-26,P004,WH-SE,147,146,1,1241.0
1388,2025-06-02,P004,WH-SE,169,168,1,1428.0
1389,2025-06-09,P004,WH-SE,151,132,19,1122.0
1390,2025-06-16,P004,WH-SE,139,139,0,1181.5
1391,2025-06-23,P004,WH-SE,157,155,2,1317.5
1392,2025-06-30,P004,WH-SE,145,141,4,1198.5
1393,2025-07-07,P004,WH-SE,166,162,4,1377.0
1394,2025-07-14,P004,WH-SE,153,152,1,1292.0
1395,2025-07-21,P004,WH-SE,148,147,1,1249.5
1396,2025-07-28,P004,WH-SE,173,171,2,1453.5
1397,2025-08-04,P004,WH-SE,183,182,1,1547.0
1398,2025-08-11,P004,WH-SE,152,151,1,1283.5
1399,2025-08-18,P004,WH-SE,147,144,3,1224.0
1400,2025-08-25,P004,WH-SE,166,162,4,1377.0
1401,2025-09-01,P004,WH-SE,170,170,0,1445.0
1402,2025-09-08,P004,WH-SE,173,173,0,1470.5
1403,2025-09-15,P004,WH-SE,171,170,1,1445.0
1404,2025-09-22,P004,WH-SE,167,166,1,1411.0
1405,2025-09-29,P004,WH-SE,179,179,0,1521.5
1406,2025-10-06,P004,WH-SE,157,156,1,1326.0
1407,2025-10-13,P004,WH-SE,164,145,19,1232.5
1408,2025-10-20,P004,WH-SE,140,139,1,1181.5
1409,2025-10-27,P004,WH-SE,174,172,2,1462.0
1410,2025-11-03,P004,WH-SE,173,169,4,1436.5
1411,2025-11-10,P004,WH-SE,167,167,0,1419.5
1412,2025-11-17,P004,WH-SE,189,185,4,1572.5
1413,2025-11-24,P004,WH-SE,157,156,1,1326.0
1414,2025-12-01,P004,WH-SE,176,174,2,1479.0
1415,2025-12-08,P004,WH-SE,176,174,2,1479.0
1416,2025-12-15,P004,WH-SE,178,175,3,1487.5
1417,2025-12-22,P004,WH-SE,165,163,2,1385.5
1418,2025-12-29,P004,WH-SE,185,183,2,1555.5
1419,2026-01-05,P004,WH-SE,171,168,3,1428.0
1420,2026-01-12,P004,WH-SE,163,163,0,1385.5
1421,2026-01-19,P004,WH-SE,170,167,3,1419.5
1422,2026-01-26,P004,WH-SE,185,183,2,1555.5
1423,2026-02-02,P004,WH-SE,142,140,2,1190.0
1424,2026-02-09,P004,WH-SE,163,162,1,1377.0
1425,2026-02-16,P004,WH-SE,169,169,0,1436.5
1426,2026-02-23,P004,WH-SE,141,140,1,1190.0
1427,2026-03-02,P004,WH-SE,161,134,27,1139.0
1428,2026-03-09,P004,WH-SE,150,147,3,1249.5
1429,2026-03-16,P004,WH-SE,138,138,0,1173.0
1430,2026-03-23,P004,WH-SE,152,150,2,1275.0
1431,2026-03-30,P004,WH-SE,154,150,4,1275.0
1432,2026-04-06,P004,WH-SE,143,135,8,1147.5
1433,2026-04-13,P004,WH-SE,122,120,2,1020.0
1434,2026-04-20,P004,WH-SE,139,136,3,1156.0
1435,2026-04-27,P004,WH-SE,159,159,0,1351.5
1436,2026-05-04,P004,WH-SE,139,138,1,1173.0
1437,2026-05-11,P004,WH-SE,140,137,3,1164.5
1438,2026-05-18,P004,WH-SE,162,159,3,1351.5
1439,2026-05-25,P004,WH-SE,133,132,1,1122.0
1440,2026-06-01,P004,WH-SE,153,149,4,1266.5
1441,2026-06-08,P004,WH-SE,146,143,3,1215.5
1442,2026-06-15,P004,WH-SE,170,170,0,1445.0
1443,2026-06-22,P004,WH-SE,146,145,1,1232.5
1444,2026-06-29,P004,WH-SE,144,143,1,1215.5
1445,2026-07-06,P004,WH-SE,161,158,3,1343.0
1446,2026-07-13,P004,WH-SE,145,144,1,1224.0
1447,2026-07-20,P004,WH-SE,166,165,1,1402.5
1448,2026-07-27,P004,WH-SE,186,161,25,1368.5
1449,2026-08-03,P004,WH-SE,180,180,0,1530.0
1450,2026-08-10,P004,WH-SE,166,163,3,1385.5
1451,2026-08-17,P004,WH-SE,200,185,15,1572.5
1452,2026-08-24,P004,WH-SE,175,174,1,1479.0
1453,2026-08-31,P004,WH-SE,178,148,30,1258.0
1454,2026-09-07,P004,WH-SE,173,169,4,1436.5
1455,2026-09-14,P004,WH-SE,161,159,2,1351.5
1456,2026-09-21,P004,WH-SE,179,175,4,1487.5
1457,2024-09-30,P004,WH-MW,146,146,0,1241.0
1458,2024-10-07,P004,WH-MW,161,159,2,1351.5
1459,2024-10-14,P004,WH-MW,137,134,3,1139.0
1460,2024-10-21,P004,WH-MW,163,159,4,1351.5
1461,2024-10-28,P004,WH-MW,148,148,0,1258.0
1462,2024-11-04,P004,WH-MW,127,125,2,1062.5
1463,2024-11-11,P004,WH-MW,149,145,4,1232.5
1464,2024-11-18,P004,WH-MW,143,142,1,1207.0
1465,2024-11-25,P004,WH-MW,162,159,3,1351.5
1466,2024-12-02,P004,WH-MW,156,152,4,1292.0
1467,2024-12-09,P004,WH-MW,143,141,2,1198.5
1468,2024-12-16,P004,WH-MW,147,144,3,1224.0
1469,2024-12-23,P004,WH-MW,156,155,1,1317.5
1470,2024-12-30,P004,WH-MW,121,121,0,1028.5
1471,2025-01-06,P004,WH-MW,147,143,4,1215.5
1472,2025-01-13,P004,WH-MW,127,126,1,1071.0
1473,2025-01-20,P004,WH-MW,170,170,0,1445.0
1474,2025-01-27,P004,WH-MW,125,124,1,1054.0
1475,2025-02-03,P004,WH-MW,126,124,2,1054.0
1476,2025-02-10,P004,WH-MW,148,145,3,1232.5
1477,2025-02-17,P004,WH-MW,135,134,1,1139.0
1478,2025-02-24,P004,WH-MW,118,116,2,986.0
1479,2025-03-03,P004,WH-MW,153,151,2,1283.5
1480,2025-03-10,P004,WH-MW,122,119,3,1011.5
1481,2025-03-17,P004,WH-MW,129,127,2,1079.5
1482,2025-03-24,P004,WH-MW,133,131,2,1113.5
1483,2025-03-31,P004,WH-MW,151,148,3,1258.0
1484,2025-04-07,P004,WH-MW,126,126,0,1071.0
1485,2025-04-14,P004,WH-MW,111,109,2,926.5
1486,2025-04-21,P004,WH-MW,140,139,1,1181.5
1487,2025-04-28,P004,WH-MW,121,119,2,1011.5
1488,2025-05-05,P004,WH-MW,135,134,1,1139.0
1489,2025-05-12,P004,WH-MW,140,139,1,1181.5
1490,2025-05-19,P004,WH-MW,120,119,1,1011.5
1491,2025-05-26,P004,WH-MW,131,129,2,1096.5
1492,2025-06-02,P004,WH-MW,150,149,1,1266.5
1493,2025-06-09,P004,WH-MW,139,136,3,1156.0
1494,2025-06-16,P004,WH-MW,130,128,2,1088.0
1495,2025-06-23,P004,WH-MW,125,125,0,1062.5
1496,2025-06-30,P004,WH-MW,138,136,2,1156.0
1497,2025-07-07,P004,WH-MW,126,123,3,1045.5
1498,2025-07-14,P004,WH-MW,160,159,1,1351.5
1499,2025-07-21,P004,WH-MW,140,137,3,1164.5
1500,2025-07-28,P004,WH-MW,153,150,3,1275.0
1501,2025-08-04,P004,WH-MW,144,141,3,1198.5
1502,2025-08-11,P004,WH-MW,155,151,4,1283.5
1503,2025-08-18,P004,WH-MW,143,141,2,1198.5
1504,2025-08-25,P004,WH-MW,153,151,2,1283.5
1505,2025-09-01,P004,WH-MW,144,143,1,1215.5
1506,2025-09-08,P004,WH-MW,182,178,4,1513.0
1507,2025-09-15,P004,WH-MW,166,165,1,1402.5
1508,2025-09-22,P004,WH-MW,171,170,1,1445.0
1509,2025-09-29,P004,WH-MW,160,159,1,1351.5
1510,2025-10-06,P004,WH-MW,163,161,2,1368.5
1511,2025-10-13,P004,WH-MW,148,145,3,1232.5
1512,2025-10-20,P004,WH-MW,190,186,4,1581.0
1513,2025-10-27,P004,WH-MW,150,149,1,1266.5
1514,2025-11-03,P004,WH-MW,157,156,1,1326.0
1515,2025-11-10,P004,WH-MW,157,156,1,1326.0
1516,2025-11-17,P004,WH-MW,145,145,0,1232.5
1517,2025-11-24,P004,WH-MW,188,186,2,1581.0
1518,2025-12-01,P004,WH-MW,150,147,3,1249.5
1519,2025-12-08,P004,WH-MW,160,158,2,1343.0
1520,2025-12-15,P004,WH-MW,163,163,0,1385.5
1521,2025-12-22,P004,WH-MW,158,154,4,1309.0
1522,2025-12-29,P004,WH-MW,144,141,3,1198.5
1523,2026-01-05,P004,WH-MW,159,156,3,1326.0
1524,2026-01-12,P004,WH-MW,153,149,4,1266.5
1525,2026-01-19,P004,WH-MW,175,171,4,1453.5
1526,2026-01-26,P004,WH-MW,178,174,4,1479.0
1527,2026-02-02,P004,WH-MW,157,136,21,1156.0
1528,2026-02-09,P004,WH-MW,135,132,3,1122.0
1529,2026-02-16,P004,WH-MW,152,151,1,1283.5
1530,2026-02-23,P004,WH-MW,154,151,3,1283.5
1531,2026-03-02,P004,WH-MW,141,141,0,1198.5
1532,2026-03-09,P004,WH-MW,133,130,3,1105.0
1533,2026-03-16,P004,WH-MW,134,132,2,1122.0
1534,2026-03-23,P004,WH-MW,162,160,2,1360.0
1535,2026-03-30,P004,WH-MW,150,150,0,1275.0
1536,2026-04-06,P004,WH-MW,136,134,2,1139.0
1537,2026-04-13,P004,WH-MW,143,142,1,1207.0
1538,2026-04-20,P004,WH-MW,158,155,3,1317.5
1539,2026-04-27,P004,WH-MW,165,165,0,1402.5
1540,2026-05-04,P004,WH-MW,144,143,1,1215.5
1541,2026-05-11,P004,WH-MW,143,142,1,1207.0
1542,2026-05-18,P004,WH-MW,144,141,3,1198.5
1543,2026-05-25,P004,WH-MW,134,132,2,1122.0
1544,2026-06-01,P004,WH-MW,151,149,2,1266.5
1545,2026-06-08,P004,WH-MW,138,138,0,1173.0
1546,2026-06-15,P004,WH-MW,162,159,3,1351.5
1547,2026-06-22,P004,WH-MW,142,139,3,1181.5
1548,2026-06-29,P004,WH-MW,149,147,2,1249.5
1549,2026-07-06,P004,WH-MW,153,152,1,1292.0
1550,2026-07-13,P004,WH-MW,145,142,3,1207.0
1551,2026-07-20,P004,WH-MW,178,176,2,1496.0
1552,2026-07-27,P004,WH-MW,153,151,2,1283.5
1553,2026-08-03,P004,WH-MW,158,154,4,1309.0
1554,2026-08-10,P004,WH-MW,142,139,3,1181.5
1555,2026-08-17,P004,WH-MW,189,186,3,1581.0
1556,2026-08-24,P004,WH-MW,154,151,3,1283.5
1557,2026-08-31,P004,WH-MW,149,148,1,1258.0
1558,2026-09-07,P004,WH-MW,149,148,1,1258.0
1559,2026-09-14,P004,WH-MW,180,179,1,1521.5
1560,2026-09-21,P004,WH-MW,161,157,4,1334.5
1561,2024-09-30,P004,WH-W,118,115,3,977.5
1562,2024-10-07,P004,WH-W,126,124,2,1054.0
1563,2024-10-14,P004,WH-W,102,101,1,858.5
1564,2024-10-21,P004,WH-W,135,132,3,1122.0
1565,2024-10-28,P004,WH-W,154,152,2,1292.0
1566,2024-11-04,P004,WH-W,133,131,2,1113.5
1567,2024-11-11,P004,WH-W,146,144,2,1224.0
1568,2024-11-18,P004,WH-W,156,155,1,1317.5
1569,2024-11-25,P004,WH-W,145,129,16,1096.5
1570,2024-12-02,P004,WH-W,143,141,2,1198.5
1571,2024-12-09,P004,WH-W,121,120,1,1020.0
1572,2024-12-16,P004,WH-W,132,132,0,1122.0
1573,2024-12-23,P004,WH-W,157,156,1,1326.0
1574,2024-12-30,P004,WH-W,129,126,3,1071.0
1575,2025-01-06,P004,WH-W,132,129,3,1096.5
1576,2025-01-13,P004,WH-W,140,138,2,1173.0
1577,2025-01-20,P004,WH-W,145,143,2,1215.5
1578,2025-01-27,P004,WH-W,153,151,2,1283.5
1579,2025-02-03,P004,WH-W,125,111,14,943.5
1580,2025-02-10,P004,WH-W,116,114,2,969.0
1581,2025-02-17,P004,WH-W,123,122,1,1037.0
1582,2025-02-24,P004,WH-W,131,129,2,1096.5
1583,2025-03-03,P004,WH-W,131,128,3,1088.0
1584,2025-03-10,P004,WH-W,138,136,2,1156.0
1585,2025-03-17,P004,WH-W,119,117,2,994.5
1586,2025-03-24,P004,WH-W,131,129,2,1096.5
1587,2025-03-31,P004,WH-W,119,117,2,994.5
1588,2025-04-07,P004,WH-W,126,125,1,1062.5
1589,2025-04-14,P004,WH-W,112,111,1,943.5
1590,2025-04-21,P004,WH-W,130,127,3,1079.5
1591,2025-04-28,P004,WH-W,122,119,3,1011.5
1592,2025-05-05,P004,WH-W,120,118,2,1003.0
1593,2025-05-12,P004,WH-W,133,131,2,1113.5
1594,2025-05-19,P004,WH-W,125,122,3,1037.0
1595,2025-05-26,P004,WH-W,134,133,1,1130.5
1596,2025-06-02,P004,WH-W,134,131,3,1113.5
1597,2025-06-09,P004,WH-W,134,133,1,1130.5
1598,2025-06-16,P004,WH-W,122,120,2,1020.0
1599,2025-06-23,P004,WH-W,125,124,1,1054.0
1600,2025-06-30,P004,WH-W,136,134,2,1139.0
1601,2025-07-07,P004,WH-W,109,108,1,918.0
1602,2025-07-14,P004,WH-W,137,136,1,1156.0
1603,2025-07-21,P004,WH-W,125,124,1,1054.0
1604,2025-07-28,P004,WH-W,122,120,2,1020.0
1605,2025-08-04,P004,WH-W,171,169,2,1436.5
1606,2025-08-11,P004,WH-W,153,152,1,1292.0
1607,2025-08-18,P004,WH-W,153,152,1,1292.0
1608,2025-08-25,P004,WH-W,144,141,3,1198.5
1609,2025-09-01,P004,WH-W,139,136,3,1156.0
1610,2025-09-08,P004,WH-W,154,151,3,1283.5
1611,2025-09-15,P004,WH-W,145,144,1,1224.0
1612,2025-09-22,P004,WH-W,164,161,3,1368.5
1613,2025-09-29,P004,WH-W,150,148,2,1258.0
1614,2025-10-06,P004,WH-W,150,149,1,1266.5
1615,2025-10-13,P004,WH-W,127,125,2,1062.5
1616,2025-10-20,P004,WH-W,150,147,3,1249.5
1617,2025-10-27,P004,WH-W,156,155,1,1317.5
1618,2025-11-03,P004,WH-W,146,144,2,1224.0
1619,2025-11-10,P004,WH-W,158,158,0,1343.0
1620,2025-11-17,P004,WH-W,165,162,3,1377.0
1621,2025-11-24,P004,WH-W,178,175,3,1487.5
1622,2025-12-01,P004,WH-W,150,149,1,1266.5
1623,2025-12-08,P004,WH-W,150,147,3,1249.5
1624,2025-12-15,P004,WH-W,118,117,1,994.5
1625,2025-12-22,P004,WH-W,156,152,4,1292.0
1626,2025-12-29,P004,WH-W,138,136,2,1156.0
1627,2026-01-05,P004,WH-W,156,155,1,1317.5
1628,2026-01-12,P004,WH-W,141,138,3,1173.0
1629,2026-01-19,P004,WH-W,126,126,0,1071.0
1630,2026-01-26,P004,WH-W,131,131,0,1113.5
1631,2026-02-02,P004,WH-W,115,114,1,969.0
1632,2026-02-09,P004,WH-W,144,142,2,1207.0
1633,2026-02-16,P004,WH-W,118,115,3,977.5
1634,2026-02-23,P004,WH-W,146,142,4,1207.0
1635,2026-03-02,P004,WH-W,125,122,3,1037.0
1636,2026-03-09,P004,WH-W,130,129,1,1096.5
1637,2026-03-16,P004,WH-W,129,126,3,1071.0
1638,2026-03-23,P004,WH-W,123,123,0,1045.5
1639,2026-03-30,P004,WH-W,111,109,2,926.5
1640,2026-04-06,P004,WH-W,135,134,1,1139.0
1641,2026-04-13,P004,WH-W,118,115,3,977.5
1642,2026-04-20,P004,WH-W,146,145,1,1232.5
1643,2026-04-27,P004,WH-W,127,125,2,1062.5
1644,2026-05-04,P004,WH-W,123,121,2,1028.5
1645,2026-05-11,P004,WH-W,134,133,1,1130.5
1646,2026-05-18,P004,WH-W,132,129,3,1096.5
1647,2026-05-25,P004,WH-W,134,133,1,1130.5
1648,2026-06-01,P004,WH-W,149,146,3,1241.0
1649,2026-06-08,P004,WH-W,138,137,1,1164.5
1650,2026-06-15,P004,WH-W,122,120,2,1020.0
1651,2026-06-22,P004,WH-W,141,139,2,1181.5
1652,2026-06-29,P004,WH-W,130,130,0,1105.0
1653,2026-07-06,P004,WH-W,137,136,1,1156.0
1654,2026-07-13,P004,WH-W,154,152,2,1292.0
1655,2026-07-20,P004,WH-W,134,126,8,1071.0
1656,2026-07-27,P004,WH-W,148,147,1,1249.5
1657,2026-08-03,P004,WH-W,159,156,3,1326.0
1658,2026-08-10,P004,WH-W,145,142,3,1207.0
1659,2026-08-17,P004,WH-W,143,141,2,1198.5
1660,2026-08-24,P004,WH-W,132,129,3,1096.5
1661,2026-08-31,P004,WH-W,167,167,0,1419.5
1662,2026-09-07,P004,WH-W,167,165,2,1402.5
1663,2026-09-14,P004,WH-W,178,175,3,1487.5
1664,2026-09-21,P004,WH-W,146,145,1,1232.5
1665,2024-09-30,P005,WH-NE,121,118,3,1327.5
1666,2024-10-07,P005,WH-NE,110,109,1,1226.25
1667,2024-10-14,P005,WH-NE,134,132,2,1485.0
1668,2024-10-21,P005,WH-NE,130,128,2,1440.0
1669,2024-10-28,P005,WH-NE,121,119,2,1338.75
1670,2024-11-04,P005,WH-NE,146,144,2,1620.0
1671,2024-11-11,P005,WH-NE,130,129,1,1451.25
1672,2024-11-18,P005,WH-NE,131,125,6,1406.25
1673,2024-11-25,P005,WH-NE,118,116,2,1305.0
1674,2024-12-02,P005,WH-NE,113,111,2,1248.75
1675,2024-12-09,P005,WH-NE,124,122,2,1372.5
1676,2024-12-16,P005,WH-NE,95,94,1,1057.5
1677,2024-12-23,P005,WH-NE,127,127,0,1428.75
1678,2024-12-30,P005,WH-NE,117,114,3,1282.5
1679,2025-01-06,P005,WH-NE,106,105,1,1181.25
1680,2025-01-13,P005,WH-NE,129,127,2,1428.75
1681,2025-01-20,P005,WH-NE,118,117,1,1316.25
1682,2025-01-27,P005,WH-NE,122,119,3,1338.75
1683,2025-02-03,P005,WH-NE,127,126,1,1417.5
1684,2025-02-10,P005,WH-NE,129,128,1,1440.0
1685,2025-02-17,P005,WH-NE,117,116,1,1305.0
1686,2025-02-24,P005,WH-NE,123,109,14,1226.25
1687,2025-03-03,P005,WH-NE,100,100,0,1125.0
1688,2025-03-10,P005,WH-NE,119,117,2,1316.25
1689,2025-03-17,P005,WH-NE,100,99,1,1113.75
1690,2025-03-24,P005,WH-NE,117,101,16,1136.25
1691,2025-03-31,P005,WH-NE,107,106,1,1192.5
1692,2025-04-07,P005,WH-NE,103,101,2,1136.25
1693,2025-04-14,P005,WH-NE,100,99,1,1113.75
1694,2025-04-21,P005,WH-NE,108,107,1,1203.75
1695,2025-04-28,P005,WH-NE,90,88,2,990.0
1696,2025-05-05,P005,WH-NE,120,105,15,1181.25
1697,2025-05-12,P005,WH-NE,93,91,2,1023.75
1698,2025-05-19,P005,WH-NE,91,89,2,1001.25
1699,2025-05-26,P005,WH-NE,111,110,1,1237.5
1700,2025-06-02,P005,WH-NE,97,95,2,1068.75
1701,2025-06-09,P005,WH-NE,96,95,1,1068.75
1702,2025-06-16,P005,WH-NE,116,99,17,1113.75
1703,2025-06-23,P005,WH-NE,117,114,3,1282.5
1704,2025-06-30,P005,WH-NE,107,106,1,1192.5
1705,2025-07-07,P005,WH-NE,108,99,9,1113.75
1706,2025-07-14,P005,WH-NE,116,113,3,1271.25
1707,2025-07-21,P005,WH-NE,107,106,1,1192.5
1708,2025-07-28,P005,WH-NE,119,116,3,1305.0
1709,2025-08-04,P005,WH-NE,107,107,0,1203.75
1710,2025-08-11,P005,WH-NE,110,109,1,1226.25
1711,2025-08-18,P005,WH-NE,119,117,2,1316.25
1712,2025-08-25,P005,WH-NE,109,107,2,1203.75
1713,2025-09-01,P005,WH-NE,119,113,6,1271.25
1714,2025-09-08,P005,WH-NE,133,131,2,1473.75
1715,2025-09-15,P005,WH-NE,105,105,0,1181.25
1716,2025-09-22,P005,WH-NE,128,126,2,1417.5
1717,2025-09-29,P005,WH-NE,130,127,3,1428.75
1718,2025-10-06,P005,WH-NE,151,148,3,1665.0
1719,2025-10-13,P005,WH-NE,117,115,2,1293.75
1720,2025-10-20,P005,WH-NE,126,108,18,1215.0
1721,2025-10-27,P005,WH-NE,139,139,0,1563.75
1722,2025-11-03,P005,WH-NE,137,136,1,1530.0
1723,2025-11-10,P005,WH-NE,131,128,3,1440.0
1724,2025-11-17,P005,WH-NE,139,136,3,1530.0
1725,2025-11-24,P005,WH-NE,124,122,2,1372.5
1726,2025-12-01,P005,WH-NE,116,115,1,1293.75
1727,2025-12-08,P005,WH-NE,127,126,1,1417.5
1728,2025-12-15,P005,WH-NE,150,130,20,1462.5
1729,2025-12-22,P005,WH-NE,122,122,0,1372.5
1730,2025-12-29,P005,WH-NE,117,115,2,1293.75
1731,2026-01-05,P005,WH-NE,137,136,1,1530.0
1732,2026-01-12,P005,WH-NE,137,135,2,1518.75
1733,2026-01-19,P005,WH-NE,125,125,0,1406.25
1734,2026-01-26,P005,WH-NE,131,131,0,1473.75
1735,2026-02-02,P005,WH-NE,129,129,0,1451.25
1736,2026-02-09,P005,WH-NE,127,126,1,1417.5
1737,2026-02-16,P005,WH-NE,134,133,1,1496.25
1738,2026-02-23,P005,WH-NE,131,131,0,1473.75
1739,2026-03-02,P005,WH-NE,124,121,3,1361.25
1740,2026-03-09,P005,WH-NE,125,123,2,1383.75
1741,2026-03-16,P005,WH-NE,101,100,1,1125.0
1742,2026-03-23,P005,WH-NE,144,143,1,1608.75
1743,2026-03-30,P005,WH-NE,114,112,2,1260.0
1744,2026-04-06,P005,WH-NE,116,115,1,1293.75
1745,2026-04-13,P005,WH-NE,98,96,2,1080.0
1746,2026-04-20,P005,WH-NE,130,130,0,1462.5
1747,2026-04-27,P005,WH-NE,134,132,2,1485.0
1748,2026-05-04,P005,WH-NE,120,118,2,1327.5
1749,2026-05-11,P005,WH-NE,114,112,2,1260.0
1750,2026-05-18,P005,WH-NE,118,116,2,1305.0
1751,2026-05-25,P005,WH-NE,126,125,1,1406.25
1752,2026-06-01,P005,WH-NE,100,85,15,956.25
1753,2026-06-08,P005,WH-NE,115,115,0,1293.75
1754,2026-06-15,P005,WH-NE,100,99,1,1113.75
1755,2026-06-22,P005,WH-NE,98,96,2,1080.0
1756,2026-06-29,P005,WH-NE,100,99,1,1113.75
1757,2026-07-06,P005,WH-NE,108,106,2,1192.5
1758,2026-07-13,P005,WH-NE,107,101,6,1136.25
1759,2026-07-20,P005,WH-NE,125,122,3,1372.5
1760,2026-07-27,P005,WH-NE,96,95,1,1068.75
1761,2026-08-03,P005,WH-NE,129,128,1,1440.0
1762,2026-08-10,P005,WH-NE,117,117,0,1316.25
1763,2026-08-17,P005,WH-NE,131,129,2,1451.25
1764,2026-08-24,P005,WH-NE,145,144,1,1620.0
1765,2026-08-31,P005,WH-NE,114,114,0,1282.5
1766,2026-09-07,P005,WH-NE,124,122,2,1372.5
1767,2026-09-14,P005,WH-NE,137,135,2,1518.75
1768,2026-09-21,P005,WH-NE,131,128,3,1440.0
1769,2024-09-30,P005,WH-SE,111,109,2,1226.25
1770,2024-10-07,P005,WH-SE,123,122,1,1372.5
1771,2024-10-14,P005,WH-SE,118,117,1,1316.25
1772,2024-10-21,P005,WH-SE,99,98,1,1102.5
1773,2024-10-28,P005,WH-SE,118,116,2,1305.0
1774,2024-11-04,P005,WH-SE,119,117,2,1316.25
1775,2024-11-11,P005,WH-SE,99,98,1,1102.5
1776,2024-11-18,P005,WH-SE,107,105,2,1181.25
1777,2024-11-25,P005,WH-SE,109,100,9,1125.0
1778,2024-12-02,P005,WH-SE,96,94,2,1057.5
1779,2024-12-09,P005,WH-SE,111,109,2,1226.25
1780,2024-12-16,P005,WH-SE,120,119,1,1338.75
1781,2024-12-23,P005,WH-SE,119,117,2,1316.25
1782,2024-12-30,P005,WH-SE,108,107,1,1203.75
1783,2025-01-06,P005,WH-SE,120,117,3,1316.25
1784,2025-01-13,P005,WH-SE,140,138,2,1552.5
1785,2025-01-20,P005,WH-SE,106,101,5,1136.25
1786,2025-01-27,P005,WH-SE,117,116,1,1305.0
1787,2025-02-03,P005,WH-SE,122,120,2,1350.0
1788,2025-02-10,P005,WH-SE,130,128,2,1440.0
1789,2025-02-17,P005,WH-SE,124,123,1,1383.75
1790,2025-02-24,P005,WH-SE,99,97,2,1091.25
1791,2025-03-03,P005,WH-SE,108,108,0,1215.0
1792,2025-03-10,P005,WH-SE,120,118,2,1327.5
1793,2025-03-17,P005,WH-SE,112,111,1,1248.75
1794,2025-03-24,P005,WH-SE,97,88,9,990.0
1795,2025-03-31,P005,WH-SE,122,122,0,1372.5
1796,2025-04-07,P005,WH-SE,108,107,1,1203.75
1797,2025-04-14,P005,WH-SE,104,96,8,1080.0
1798,2025-04-21,P005,WH-SE,91,90,1,1012.5
1799,2025-04-28,P005,WH-SE,103,102,1,1147.5
1800,2025-05-05,P005,WH-SE,101,99,2,1113.75
1801,2025-05-12,P005,WH-SE,98,93,5,1046.25
1802,2025-05-19,P005,WH-SE,111,109,2,1226.25
1803,2025-05-26,P005,WH-SE,105,104,1,1170.0
1804,2025-06-02,P005,WH-SE,102,89,13,1001.25
1805,2025-06-09,P005,WH-SE,81,81,0,911.25
1806,2025-06-16,P005,WH-SE,97,96,1,1080.0
1807,2025-06-23,P005,WH-SE,115,114,1,1282.5
1808,2025-06-30,P005,WH-SE,116,116,0,1305.0
1809,2025-07-07,P005,WH-SE,99,97,2,1091.25
1810,2025-07-14,P005,WH-SE,103,101,2,1136.25
1811,2025-07-21,P005,WH-SE,102,101,1,1136.25
1812,2025-07-28,P005,WH-SE,99,98,1,1102.5
1813,2025-08-04,P005,WH-SE,114,113,1,1271.25
1814,2025-08-11,P005,WH-SE,108,106,2,1192.5
1815,2025-08-18,P005,WH-SE,94,92,2,1035.0
1816,2025-08-25,P005,WH-SE,104,103,1,1158.75
1817,2025-09-01,P005,WH-SE,93,91,2,1023.75
1818,2025-09-08,P005,WH-SE,116,114,2,1282.5
1819,2025-09-15,P005,WH-SE,117,115,2,1293.75
1820,2025-09-22,P005,WH-SE,125,123,2,1383.75
1821,2025-09-29,P005,WH-SE,101,99,2,1113.75
1822,2025-10-06,P005,WH-SE,128,125,3,1406.25
1823,2025-10-13,P005,WH-SE,105,104,1,1170.0
1824,2025-10-20,P005,WH-SE,132,130,2,1462.5
1825,2025-10-27,P005,WH-SE,134,133,1,1496.25
1826,2025-11-03,P005,WH-SE,130,127,3,1428.75
1827,2025-11-10,P005,WH-SE,131,130,1,1462.5
1828,2025-11-17,P005,WH-SE,121,119,2,1338.75
1829,2025-11-24,P005,WH-SE,115,115,0,1293.75
1830,2025-12-01,P005,WH-SE,148,145,3,1631.25
1831,2025-12-08,P005,WH-SE,111,110,1,1237.5
1832,2025-12-15,P005,WH-SE,115,115,0,1293.75
1833,2025-12-22,P005,WH-SE,126,113,13,1271.25
1834,2025-12-29,P005,WH-SE,108,106,2,1192.5
1835,2026-01-05,P005,WH-SE,135,134,1,1507.5
1836,2026-01-12,P005,WH-SE,121,119,2,1338.75
1837,2026-01-19,P005,WH-SE,119,118,1,1327.5
1838,2026-01-26,P005,WH-SE,109,107,2,1203.75
1839,2026-02-02,P005,WH-SE,99,98,1,1102.5
1840,2026-02-09,P005,WH-SE,128,125,3,1406.25
1841,2026-02-16,P005,WH-SE,106,106,0,1192.5
1842,2026-02-23,P005,WH-SE,121,119,2,1338.75
1843,2026-03-02,P005,WH-SE,118,118,0,1327.5
1844,2026-03-09,P005,WH-SE,108,107,1,1203.75
1845,2026-03-16,P005,WH-SE,115,113,2,1271.25
1846,2026-03-23,P005,WH-SE,117,108,9,1215.0
1847,2026-03-30,P005,WH-SE,116,115,1,1293.75
1848,2026-04-06,P005,WH-SE,122,121,1,1361.25
1849,2026-04-13,P005,WH-SE,126,124,2,1395.0
1850,2026-04-20,P005,WH-SE,112,111,1,1248.75
1851,2026-04-27,P005,WH-SE,117,116,1,1305.0
1852,2026-05-04,P005,WH-SE,108,94,14,1057.5
1853,2026-05-11,P005,WH-SE,111,109,2,1226.25
1854,2026-05-18,P005,WH-SE,83,82,1,922.5
1855,2026-05-25,P005,WH-SE,104,102,2,1147.5
1856,2026-06-01,P005,WH-SE,92,92,0,1035.0
1857,2026-06-08,P005,WH-SE,107,106,1,1192.5
1858,2026-06-15,P005,WH-SE,116,113,3,1271.25
1859,2026-06-22,P005,WH-SE,100,100,0,1125.0
1860,2026-06-29,P005,WH-SE,118,116,2,1305.0
1861,2026-07-06,P005,WH-SE,111,111,0,1248.75
1862,2026-07-13,P005,WH-SE,114,113,1,1271.25
1863,2026-07-20,P005,WH-SE,111,100,11,1125.0
1864,2026-07-27,P005,WH-SE,107,106,1,1192.5
1865,2026-08-03,P005,WH-SE,109,108,1,1215.0
1866,2026-08-10,P005,WH-SE,99,99,0,1113.75
1867,2026-08-17,P005,WH-SE,117,116,1,1305.0
1868,2026-08-24,P005,WH-SE,117,116,1,1305.0
1869,2026-08-31,P005,WH-SE,114,114,0,1282.5
1870,2026-09-07,P005,WH-SE,126,125,1,1406.25
1871,2026-09-14,P005,WH-SE,125,105,20,1181.25
1872,2026-09-21,P005,WH-SE,112,112,0,1260.0
1873,2024-09-30,P005,WH-MW,114,114,0,1282.5
1874,2024-10-07,P005,WH-MW,127,127,0,1428.75
1875,2024-10-14,P005,WH-MW,98,92,6,1035.0
1876,2024-10-21,P005,WH-MW,126,117,9,1316.25
1877,2024-10-28,P005,WH-MW,116,116,0,1305.0
1878,2024-11-04,P005,WH-MW,99,90,9,1012.5
1879,2024-11-11,P005,WH-MW,115,115,0,1293.75
1880,2024-11-18,P005,WH-MW,107,105,2,1181.25
1881,2024-11-25,P005,WH-MW,122,119,3,1338.75
1882,2024-12-02,P005,WH-MW,111,108,3,1215.0
1883,2024-12-09,P005,WH-MW,126,125,1,1406.25
1884,2024-12-16,P005,WH-MW,118,116,2,1305.0
1885,2024-12-23,P005,WH-MW,122,120,2,1350.0
1886,2024-12-30,P005,WH-MW,115,115,0,1293.75
1887,2025-01-06,P005,WH-MW,113,112,1,1260.0
1888,2025-01-13,P005,WH-MW,123,121,2,1361.25
1889,2025-01-20,P005,WH-MW,103,102,1,1147.5
1890,2025-01-27,P005,WH-MW,117,114,3,1282.5
1891,2025-02-03,P005,WH-MW,107,107,0,1203.75
1892,2025-02-10,P005,WH-MW,121,106,15,1192.5
1893,2025-02-17,P005,WH-MW,111,108,3,1215.0
1894,2025-02-24,P005,WH-MW,136,134,2,1507.5
1895,2025-03-03,P005,WH-MW,93,78,15,877.5
1896,2025-03-10,P005,WH-MW,112,112,0,1260.0
1897,2025-03-17,P005,WH-MW,90,89,1,1001.25
1898,2025-03-24,P005,WH-MW,87,86,1,967.5
1899,2025-03-31,P005,WH-MW,114,112,2,1260.0
1900,2025-04-07,P005,WH-MW,108,105,3,1181.25
1901,2025-04-14,P005,WH-MW,108,107,1,1203.75
1902,2025-04-21,P005,WH-MW,108,108,0,1215.0
1903,2025-04-28,P005,WH-MW,83,81,2,911.25
1904,2025-05-05,P005,WH-MW,86,86,0,967.5
1905,2025-05-12,P005,WH-MW,87,87,0,978.75
1906,2025-05-19,P005,WH-MW,95,93,2,1046.25
1907,2025-05-26,P005,WH-MW,109,108,1,1215.0
1908,2025-06-02,P005,WH-MW,116,114,2,1282.5
1909,2025-06-09,P005,WH-MW,102,101,1,1136.25
1910,2025-06-16,P005,WH-MW,102,101,1,1136.25
1911,2025-06-23,P005,WH-MW,104,102,2,1147.5
1912,2025-06-30,P005,WH-MW,100,98,2,1102.5
1913,2025-07-07,P005,WH-MW,96,95,1,1068.75
1914,2025-07-14,P005,WH-MW,104,102,2,1147.5
1915,2025-07-21,P005,WH-MW,120,119,1,1338.75
1916,2025-07-28,P005,WH-MW,94,92,2,1035.0
1917,2025-08-04,P005,WH-MW,117,116,1,1305.0
1918,2025-08-11,P005,WH-MW,123,122,1,1372.5
1919,2025-08-18,P005,WH-MW,121,119,2,1338.75
1920,2025-08-25,P005,WH-MW,111,108,3,1215.0
1921,2025-09-01,P005,WH-MW,92,91,1,1023.75
1922,2025-09-08,P005,WH-MW,117,115,2,1293.75
1923,2025-09-15,P005,WH-MW,115,113,2,1271.25
1924,2025-09-22,P005,WH-MW,116,114,2,1282.5
1925,2025-09-29,P005,WH-MW,83,83,0,933.75
1926,2025-10-06,P005,WH-MW,101,87,14,978.75
1927,2025-10-13,P005,WH-MW,114,113,1,1271.25
1928,2025-10-20,P005,WH-MW,121,119,2,1338.75
1929,2025-10-27,P005,WH-MW,155,142,13,1597.5
1930,2025-11-03,P005,WH-MW,103,101,2,1136.25
1931,2025-11-10,P005,WH-MW,108,106,2,1192.5
1932,2025-11-17,P005,WH-MW,139,137,2,1541.25
1933,2025-11-24,P005,WH-MW,103,101,2,1136.25
1934,2025-12-01,P005,WH-MW,104,102,2,1147.5
1935,2025-12-08,P005,WH-MW,137,135,2,1518.75
1936,2025-12-15,P005,WH-MW,130,130,0,1462.5
1937,2025-12-22,P005,WH-MW,108,93,15,1046.25
1938,2025-12-29,P005,WH-MW,129,126,3,1417.5
1939,2026-01-05,P005,WH-MW,137,135,2,1518.75
1940,2026-01-12,P005,WH-MW,114,106,8,1192.5
1941,2026-01-19,P005,WH-MW,85,84,1,945.0
1942,2026-01-26,P005,WH-MW,115,112,3,1260.0
1943,2026-02-02,P005,WH-MW,122,120,2,1350.0
1944,2026-02-09,P005,WH-MW,119,118,1,1327.5
1945,2026-02-16,P005,WH-MW,125,125,0,1406.25
1946,2026-02-23,P005,WH-MW,144,141,3,1586.25
1947,2026-03-02,P005,WH-MW,118,117,1,1316.25
1948,2026-03-09,P005,WH-MW,112,110,2,1237.5
1949,2026-03-16,P005,WH-MW,108,100,8,1125.0
1950,2026-03-23,P005,WH-MW,118,116,2,1305.0
1951,2026-03-30,P005,WH-MW,125,125,0,1406.25
1952,2026-04-06,P005,WH-MW,106,104,2,1170.0
1953,2026-04-13,P005,WH-MW,113,111,2,1248.75
1954,2026-04-20,P005,WH-MW,124,122,2,1372.5
1955,2026-04-27,P005,WH-MW,116,115,1,1293.75
1956,2026-05-04,P005,WH-MW,117,116,1,1305.0
1957,2026-05-11,P005,WH-MW,97,95,2,1068.75
1958,2026-05-18,P005,WH-MW,96,95,1,1068.75
1959,2026-05-25,P005,WH-MW,110,109,1,1226.25
1960,2026-06-01,P005,WH-MW,101,100,1,1125.0
1961,2026-06-08,P005,WH-MW,109,108,1,1215.0
1962,2026-06-15,P005,WH-MW,92,78,14,877.5
1963,2026-06-22,P005,WH-MW,87,86,1,967.5
1964,2026-06-29,P005,WH-MW,130,128,2,1440.0
1965,2026-07-06,P005,WH-MW,96,95,1,1068.75
1966,2026-07-13,P005,WH-MW,99,99,0,1113.75
1967,2026-07-20,P005,WH-MW,117,116,1,1305.0
1968,2026-07-27,P005,WH-MW,95,94,1,1057.5
1969,2026-08-03,P005,WH-MW,110,110,0,1237.5
1970,2026-08-10,P005,WH-MW,119,117,2,1316.25
1971,2026-08-17,P005,WH-MW,119,119,0,1338.75
1972,2026-08-24,P005,WH-MW,126,125,1,1406.25
1973,2026-08-31,P005,WH-MW,107,106,1,1192.5
1974,2026-09-07,P005,WH-MW,118,117,1,1316.25
1975,2026-09-14,P005,WH-MW,132,130,2,1462.5
1976,2026-09-21,P005,WH-MW,126,113,13,1271.25
1977,2024-09-30,P005,WH-W,111,111,0,1248.75
1978,2024-10-07,P005,WH-W,102,99,3,1113.75
1979,2024-10-14,P005,WH-W,102,100,2,1125.0
1980,2024-10-21,P005,WH-W,98,97,1,1091.25
1981,2024-10-28,P005,WH-W,115,115,0,1293.75
1982,2024-11-04,P005,WH-W,104,104,0,1170.0
1983,2024-11-11,P005,WH-W,120,117,3,1316.25
1984,2024-11-18,P005,WH-W,115,113,2,1271.25
1985,2024-11-25,P005,WH-W,123,120,3,1350.0
1986,2024-12-02,P005,WH-W,118,118,0,1327.5
1987,2024-12-09,P005,WH-W,113,111,2,1248.75
1988,2024-12-16,P005,WH-W,112,104,8,1170.0
1989,2024-12-23,P005,WH-W,106,104,2,1170.0
1990,2024-12-30,P005,WH-W,105,104,1,1170.0
1991,2025-01-06,P005,WH-W,113,111,2,1248.75
1992,2025-01-13,P005,WH-W,108,92,16,1035.0
1993,2025-01-20,P005,WH-W,110,110,0,1237.5
1994,2025-01-27,P005,WH-W,106,104,2,1170.0
1995,2025-02-03,P005,WH-W,102,102,0,1147.5
1996,2025-02-10,P005,WH-W,92,90,2,1012.5
1997,2025-02-17,P005,WH-W,101,99,2,1113.75
1998,2025-02-24,P005,WH-W,103,103,0,1158.75
1999,2025-03-03,P005,WH-W,98,96,2,1080.0
2000,2025-03-10,P005,WH-W,89,87,2,978.75
2001,2025-03-17,P005,WH-W,100,98,2,1102.5
2002,2025-03-24,P005,WH-W,84,83,1,933.75
2003,2025-03-31,P005,WH-W,106,105,1,1181.25
2004,2025-04-07,P005,WH-W,87,86,1,967.5
2005,2025-04-14,P005,WH-W,75,74,1,832.5
2006,2025-04-21,P005,WH-W,88,87,1,978.75
2007,2025-04-28,P005,WH-W,93,91,2,1023.75
2008,2025-05-05,P005,WH-W,80,79,1,888.75
2009,2025-05-12,P005,WH-W,80,78,2,877.5
2010,2025-05-19,P005,WH-W,106,104,2,1170.0
2011,2025-05-26,P005,WH-W,101,101,0,1136.25
2012,2025-06-02,P005,WH-W,106,104,2,1170.0
2013,2025-06-09,P005,WH-W,90,88,2,990.0
2014,2025-06-16,P005,WH-W,87,86,1,967.5
2015,2025-06-23,P005,WH-W,79,78,1,877.5
2016,2025-06-30,P005,WH-W,89,87,2,978.75
2017,2025-07-07,P005,WH-W,96,95,1,1068.75
2018,2025-07-14,P005,WH-W,94,92,2,1035.0
2019,2025-07-21,P005,WH-W,101,99,2,1113.75
2020,2025-07-28,P005,WH-W,86,84,2,945.0
2021,2025-08-04,P005,WH-W,109,108,1,1215.0
2022,2025-08-11,P005,WH-W,98,96,2,1080.0
2023,2025-08-18,P005,WH-W,103,102,1,1147.5
2024,2025-08-25,P005,WH-W,90,88,2,990.0
2025,2025-09-01,P005,WH-W,104,103,1,1158.75
2026,2025-09-08,P005,WH-W,109,104,5,1170.0
2027,2025-09-15,P005,WH-W,94,92,2,1035.0
2028,2025-09-22,P005,WH-W,114,113,1,1271.25
2029,2025-09-29,P005,WH-W,89,88,1,990.0
2030,2025-10-06,P005,WH-W,113,111,2,1248.75
2031,2025-10-13,P005,WH-W,109,107,2,1203.75
2032,2025-10-20,P005,WH-W,87,86,1,967.5
2033,2025-10-27,P005,WH-W,124,121,3,1361.25
2034,2025-11-03,P005,WH-W,105,104,1,1170.0
2035,2025-11-10,P005,WH-W,104,103,1,1158.75
2036,2025-11-17,P005,WH-W,112,111,1,1248.75
2037,2025-11-24,P005,WH-W,121,119,2,1338.75
2038,2025-12-01,P005,WH-W,108,95,13,1068.75
2039,2025-12-08,P005,WH-W,106,105,1,1181.25
2040,2025-12-15,P005,WH-W,134,132,2,1485.0
2041,2025-12-22,P005,WH-W,120,117,3,1316.25
2042,2025-12-29,P005,WH-W,103,101,2,1136.25
2043,2026-01-05,P005,WH-W,108,105,3,1181.25
2044,2026-01-12,P005,WH-W,117,115,2,1293.75
2045,2026-01-19,P005,WH-W,118,116,2,1305.0
2046,2026-01-26,P005,WH-W,101,99,2,1113.75
2047,2026-02-02,P005,WH-W,118,117,1,1316.25
2048,2026-02-09,P005,WH-W,84,83,1,933.75
2049,2026-02-16,P005,WH-W,128,128,0,1440.0
2050,2026-02-23,P005,WH-W,86,84,2,945.0
2051,2026-03-02,P005,WH-W,96,95,1,1068.75
2052,2026-03-09,P005,WH-W,111,110,1,1237.5
2053,2026-03-16,P005,WH-W,106,103,3,1158.75
2054,2026-03-23,P005,WH-W,98,96,2,1080.0
2055,2026-03-30,P005,WH-W,110,109,1,1226.25
2056,2026-04-06,P005,WH-W,100,98,2,1102.5
2057,2026-04-13,P005,WH-W,94,94,0,1057.5
2058,2026-04-20,P005,WH-W,113,110,3,1237.5
2059,2026-04-27,P005,WH-W,123,123,0,1383.75
2060,2026-05-04,P005,WH-W,95,88,7,990.0
2061,2026-05-11,P005,WH-W,100,98,2,1102.5
2062,2026-05-18,P005,WH-W,86,72,14,810.0
2063,2026-05-25,P005,WH-W,113,112,1,1260.0
2064,2026-06-01,P005,WH-W,93,86,7,967.5
2065,2026-06-08,P005,WH-W,102,101,1,1136.25
2066,2026-06-15,P005,WH-W,99,97,2,1091.25
2067,2026-06-22,P005,WH-W,97,97,0,1091.25
2068,2026-06-29,P005,WH-W,103,103,0,1158.75
2069,2026-07-06,P005,WH-W,79,78,1,877.5
2070,2026-07-13,P005,WH-W,113,113,0,1271.25
2071,2026-07-20,P005,WH-W,98,98,0,1102.5
2072,2026-07-27,P005,WH-W,95,95,0,1068.75
2073,2026-08-03,P005,WH-W,112,111,1,1248.75
2074,2026-08-10,P005,WH-W,96,94,2,1057.5
2075,2026-08-17,P005,WH-W,101,99,2,1113.75
2076,2026-08-24,P005,WH-W,89,89,0,1001.25
2077,2026-08-31,P005,WH-W,115,114,1,1282.5
2078,2026-09-07,P005,WH-W,108,107,1,1203.75
2079,2026-09-14,P005,WH-W,114,112,2,1260.0
2080,2026-09-21,P005,WH-W,110,108,2,1215.0
2081,2024-09-30,P006,WH-NE,53,52,1,3536.0
2082,2024-10-07,P006,WH-NE,54,53,1,3604.0
2083,2024-10-14,P006,WH-NE,52,51,1,3468.0
2084,2024-10-21,P006,WH-NE,47,47,0,3196.0
2085,2024-10-28,P006,WH-NE,50,50,0,3400.0
2086,2024-11-04,P006,WH-NE,66,65,1,4420.0
2087,2024-11-11,P006,WH-NE,61,60,1,4080.0
2088,2024-11-18,P006,WH-NE,59,59,0,4012.0
2089,2024-11-25,P006,WH-NE,56,55,1,3740.0
2090,2024-12-02,P006,WH-NE,53,52,1,3536.0
2091,2024-12-09,P006,WH-NE,53,52,1,3536.0
2092,2024-12-16,P006,WH-NE,57,56,1,3808.0
2093,2024-12-23,P006,WH-NE,54,53,1,3604.0
2094,2024-12-30,P006,WH-NE,55,55,0,3740.0
2095,2025-01-06,P006,WH-NE,60,59,1,4012.0
2096,2025-01-13,P006,WH-NE,59,58,1,3944.0
2097,2025-01-20,P006,WH-NE,56,56,0,3808.0
2098,2025-01-27,P006,WH-NE,61,61,0,4148.0
2099,2025-02-03,P006,WH-NE,60,60,0,4080.0
2100,2025-02-10,P006,WH-NE,59,58,1,3944.0
2101,2025-02-17,P006,WH-NE,68,67,1,4556.0
2102,2025-02-24,P006,WH-NE,63,62,1,4216.0
2103,2025-03-03,P006,WH-NE,57,56,1,3808.0
2104,2025-03-10,P006,WH-NE,73,66,7,4488.0
2105,2025-03-17,P006,WH-NE,74,74,0,5032.0
2106,2025-03-24,P006,WH-NE,62,61,1,4148.0
2107,2025-03-31,P006,WH-NE,70,69,1,4692.0
2108,2025-04-07,P006,WH-NE,75,73,2,4964.0
2109,2025-04-14,P006,WH-NE,75,75,0,5100.0
2110,2025-04-21,P006,WH-NE,63,62,1,4216.0
2111,2025-04-28,P006,WH-NE,73,71,2,4828.0
2112,2025-05-05,P006,WH-NE,71,70,1,4760.0
2113,2025-05-12,P006,WH-NE,78,77,1,5236.0
2114,2025-05-19,P006,WH-NE,74,74,0,5032.0
2115,2025-05-26,P006,WH-NE,103,102,1,6936.0
2116,2025-06-02,P006,WH-NE,86,85,1,5780.0
2117,2025-06-09,P006,WH-NE,58,58,0,3944.0
2118,2025-06-16,P006,WH-NE,75,73,2,4964.0
2119,2025-06-23,P006,WH-NE,63,63,0,4284.0
2120,2025-06-30,P006,WH-NE,71,70,1,4760.0
2121,2025-07-07,P006,WH-NE,80,79,1,5372.0
2122,2025-07-14,P006,WH-NE,63,63,0,4284.0
2123,2025-07-21,P006,WH-NE,70,69,1,4692.0
2124,2025-07-28,P006,WH-NE,78,77,1,5236.0
2125,2025-08-04,P006,WH-NE,61,60,1,4080.0
2126,2025-08-11,P006,WH-NE,58,58,0,3944.0
2127,2025-08-18,P006,WH-NE,65,65,0,4420.0
2128,2025-08-25,P006,WH-NE,69,67,2,4556.0
2129,2025-09-01,P006,WH-NE,67,66,1,4488.0
2130,2025-09-08,P006,WH-NE,76,75,1,5100.0
2131,2025-09-15,P006,WH-NE,58,58,0,3944.0
2132,2025-09-22,P006,WH-NE,62,61,1,4148.0
2133,2025-09-29,P006,WH-NE,64,63,1,4284.0
2134,2025-10-06,P006,WH-NE,60,59,1,4012.0
2135,2025-10-13,P006,WH-NE,69,61,8,4148.0
2136,2025-10-20,P006,WH-NE,51,50,1,3400.0
2137,2025-10-27,P006,WH-NE,63,62,1,4216.0
2138,2025-11-03,P006,WH-NE,61,60,1,4080.0
2139,2025-11-10,P006,WH-NE,64,58,6,3944.0
2140,2025-11-17,P006,WH-NE,67,66,1,4488.0
2141,2025-11-24,P006,WH-NE,64,63,1,4284.0
2142,2025-12-01,P006,WH-NE,56,56,0,3808.0
2143,2025-12-08,P006,WH-NE,69,69,0,4692.0
2144,2025-12-15,P006,WH-NE,65,56,9,3808.0
2145,2025-12-22,P006,WH-NE,67,66,1,4488.0
2146,2025-12-29,P006,WH-NE,60,59,1,4012.0
2147,2026-01-05,P006,WH-NE,60,60,0,4080.0
2148,2026-01-12,P006,WH-NE,58,57,1,3876.0
2149,2026-01-19,P006,WH-NE,76,75,1,5100.0
2150,2026-01-26,P006,WH-NE,61,60,1,4080.0
2151,2026-02-02,P006,WH-NE,69,68,1,4624.0
2152,2026-02-09,P006,WH-NE,64,58,6,3944.0
2153,2026-02-16,P006,WH-NE,60,60,0,4080.0
2154,2026-02-23,P006,WH-NE,77,75,2,5100.0
2155,2026-03-02,P006,WH-NE,71,71,0,4828.0
2156,2026-03-09,P006,WH-NE,72,71,1,4828.0
2157,2026-03-16,P006,WH-NE,69,67,2,4556.0
2158,2026-03-23,P006,WH-NE,65,64,1,4352.0
2159,2026-03-30,P006,WH-NE,66,65,1,4420.0
2160,2026-04-06,P006,WH-NE,72,71,1,4828.0
2161,2026-04-13,P006,WH-NE,72,71,1,4828.0
2162,2026-04-20,P006,WH-NE,97,97,0,6596.0
2163,2026-04-27,P006,WH-NE,82,81,1,5508.0
2164,2026-05-04,P006,WH-NE,84,83,1,5644.0
2165,2026-05-11,P006,WH-NE,75,72,3,4896.0
2166,2026-05-18,P006,WH-NE,57,56,1,3808.0
2167,2026-05-25,P006,WH-NE,86,86,0,5848.0
2168,2026-06-01,P006,WH-NE,84,82,2,5576.0
2169,2026-06-08,P006,WH-NE,77,65,12,4420.0
2170,2026-06-15,P006,WH-NE,78,77,1,5236.0
2171,2026-06-22,P006,WH-NE,83,81,2,5508.0
2172,2026-06-29,P006,WH-NE,79,73,6,4964.0
2173,2026-07-06,P006,WH-NE,74,72,2,4896.0
2174,2026-07-13,P006,WH-NE,85,84,1,5712.0
2175,2026-07-20,P006,WH-NE,83,81,2,5508.0
2176,2026-07-27,P006,WH-NE,71,69,2,4692.0
2177,2026-08-03,P006,WH-NE,68,64,4,4352.0
2178,2026-08-10,P006,WH-NE,69,68,1,4624.0
2179,2026-08-17,P006,WH-NE,77,75,2,5100.0
2180,2026-08-24,P006,WH-NE,70,70,0,4760.0
2181,2026-08-31,P006,WH-NE,70,69,1,4692.0
2182,2026-09-07,P006,WH-NE,73,71,2,4828.0
2183,2026-09-14,P006,WH-NE,61,60,1,4080.0
2184,2026-09-21,P006,WH-NE,66,64,2,4352.0
2185,2024-09-30,P006,WH-SE,50,50,0,3400.0
2186,2024-10-07,P006,WH-SE,58,57,1,3876.0
2187,2024-10-14,P006,WH-SE,49,49,0,3332.0
2188,2024-10-21,P006,WH-SE,46,45,1,3060.0
2189,2024-10-28,P006,WH-SE,44,43,1,2924.0
2190,2024-11-04,P006,WH-SE,40,40,0,2720.0
2191,2024-11-11,P006,WH-SE,51,50,1,3400.0
2192,2024-11-18,P006,WH-SE,55,54,1,3672.0
2193,2024-11-25,P006,WH-SE,49,49,0,3332.0
2194,2024-12-02,P006,WH-SE,49,49,0,3332.0
2195,2024-12-09,P006,WH-SE,46,46,0,3128.0
2196,2024-12-16,P006,WH-SE,49,49,0,3332.0
2197,2024-12-23,P006,WH-SE,44,44,0,2992.0
2198,2024-12-30,P006,WH-SE,51,50,1,3400.0
2199,2025-01-06,P006,WH-SE,55,52,3,3536.0
2200,2025-01-13,P006,WH-SE,56,55,1,3740.0
2201,2025-01-20,P006,WH-SE,57,57,0,3876.0
2202,2025-01-27,P006,WH-SE,51,51,0,3468.0
2203,2025-02-03,P006,WH-SE,46,45,1,3060.0
2204,2025-02-10,P006,WH-SE,48,47,1,3196.0
2205,2025-02-17,P006,WH-SE,47,46,1,3128.0
2206,2025-02-24,P006,WH-SE,60,59,1,4012.0
2207,2025-03-03,P006,WH-SE,56,56,0,3808.0
2208,2025-03-10,P006,WH-SE,52,51,1,3468.0
2209,2025-03-17,P006,WH-SE,56,55,1,3740.0
2210,2025-03-24,P006,WH-SE,58,57,1,3876.0
2211,2025-03-31,P006,WH-SE,56,56,0,3808.0
2212,2025-04-07,P006,WH-SE,50,49,1,3332.0
2213,2025-04-14,P006,WH-SE,66,65,1,4420.0
2214,2025-04-21,P006,WH-SE,55,50,5,3400.0
2215,2025-04-28,P006,WH-SE,57,56,1,3808.0
2216,2025-05-05,P006,WH-SE,54,45,9,3060.0
2217,2025-05-12,P006,WH-SE,64,63,1,4284.0
2218,2025-05-19,P006,WH-SE,64,64,0,4352.0
2219,2025-05-26,P006,WH-SE,70,70,0,4760.0
2220,2025-06-02,P006,WH-SE,67,65,2,4420.0
2221,2025-06-09,P006,WH-SE,58,57,1,3876.0
2222,2025-06-16,P006,WH-SE,71,64,7,4352.0
2223,2025-06-23,P006,WH-SE,58,57,1,3876.0
2224,2025-06-30,P006,WH-SE,60,59,1,4012.0
2225,2025-07-07,P006,WH-SE,65,64,1,4352.0
2226,2025-07-14,P006,WH-SE,61,61,0,4148.0
2227,2025-07-21,P006,WH-SE,59,58,1,3944.0
2228,2025-07-28,P006,WH-SE,56,56,0,3808.0
2229,2025-08-04,P006,WH-SE,58,57,1,3876.0
2230,2025-08-11,P006,WH-SE,61,60,1,4080.0
2231,2025-08-18,P006,WH-SE,63,63,0,4284.0
2232,2025-08-25,P006,WH-SE,51,50,1,3400.0
2233,2025-09-01,P006,WH-SE,58,57,1,3876.0
2234,2025-09-08,P006,WH-SE,58,57,1,3876.0
2235,2025-09-15,P006,WH-SE,51,50,1,3400.0
2236,2025-09-22,P006,WH-SE,52,51,1,3468.0
2237,2025-09-29,P006,WH-SE,53,52,1,3536.0
2238,2025-10-06,P006,WH-SE,57,57,0,3876.0
2239,2025-10-13,P006,WH-SE,52,51,1,3468.0
2240,2025-10-20,P006,WH-SE,50,49,1,3332.0
2241,2025-10-27,P006,WH-SE,52,51,1,3468.0
2242,2025-11-03,P006,WH-SE,56,56,0,3808.0
2243,2025-11-10,P006,WH-SE,47,43,4,2924.0
2244,2025-11-17,P006,WH-SE,50,47,3,3196.0
2245,2025-11-24,P006,WH-SE,43,42,1,2856.0
2246,2025-12-01,P006,WH-SE,39,39,0,2652.0
2247,2025-12-08,P006,WH-SE,51,50,1,3400.0
2248,2025-12-15,P006,WH-SE,52,52,0,3536.0
2249,2025-12-22,P006,WH-SE,55,55,0,3740.0
2250,2025-12-29,P006,WH-SE,62,61,1,4148.0
2251,2026-01-05,P006,WH-SE,65,64,1,4352.0
2252,2026-01-12,P006,WH-SE,63,62,1,4216.0
2253,2026-01-19,P006,WH-SE,48,47,1,3196.0
2254,2026-01-26,P006,WH-SE,47,46,1,3128.0
2255,2026-02-02,P006,WH-SE,64,63,1,4284.0
2256,2026-02-09,P006,WH-SE,59,58,1,3944.0
2257,2026-02-16,P006,WH-SE,55,54,1,3672.0
2258,2026-02-23,P006,WH-SE,56,55,1,3740.0
2259,2026-03-02,P006,WH-SE,55,54,1,3672.0
2260,2026-03-09,P006,WH-SE,68,67,1,4556.0
2261,2026-03-16,P006,WH-SE,58,58,0,3944.0
2262,2026-03-23,P006,WH-SE,69,63,6,4284.0
2263,2026-03-30,P006,WH-SE,63,63,0,4284.0
2264,2026-04-06,P006,WH-SE,56,55,1,3740.0
2265,2026-04-13,P006,WH-SE,52,52,0,3536.0
2266,2026-04-20,P006,WH-SE,79,68,11,4624.0
2267,2026-04-27,P006,WH-SE,75,75,0,5100.0
2268,2026-05-04,P006,WH-SE,63,63,0,4284.0
2269,2026-05-11,P006,WH-SE,70,69,1,4692.0
2270,2026-05-18,P006,WH-SE,57,57,0,3876.0
2271,2026-05-25,P006,WH-SE,75,75,0,5100.0
2272,2026-06-01,P006,WH-SE,59,58,1,3944.0
2273,2026-06-08,P006,WH-SE,60,60,0,4080.0
2274,2026-06-15,P006,WH-SE,64,63,1,4284.0
2275,2026-06-22,P006,WH-SE,63,63,0,4284.0
2276,2026-06-29,P006,WH-SE,62,61,1,4148.0
2277,2026-07-06,P006,WH-SE,59,58,1,3944.0
2278,2026-07-13,P006,WH-SE,66,66,0,4488.0
2279,2026-07-20,P006,WH-SE,73,72,1,4896.0
2280,2026-07-27,P006,WH-SE,60,60,0,4080.0
2281,2026-08-03,P006,WH-SE,60,59,1,4012.0
2282,2026-08-10,P006,WH-SE,61,60,1,4080.0
2283,2026-08-17,P006,WH-SE,63,62,1,4216.0
2284,2026-08-24,P006,WH-SE,58,58,0,3944.0
2285,2026-08-31,P006,WH-SE,55,54,1,3672.0
2286,2026-09-07,P006,WH-SE,67,66,1,4488.0
2287,2026-09-14,P006,WH-SE,52,51,1,3468.0
2288,2026-09-21,P006,WH-SE,52,52,0,3536.0
2289,2024-09-30,P006,WH-MW,51,50,1,3400.0
2290,2024-10-07,P006,WH-MW,55,54,1,3672.0
2291,2024-10-14,P006,WH-MW,50,49,1,3332.0
2292,2024-10-21,P006,WH-MW,54,53,1,3604.0
2293,2024-10-28,P006,WH-MW,50,49,1,3332.0
2294,2024-11-04,P006,WH-MW,55,55,0,3740.0
2295,2024-11-11,P006,WH-MW,57,57,0,3876.0
2296,2024-11-18,P006,WH-MW,50,49,1,3332.0
2297,2024-11-25,P006,WH-MW,52,51,1,3468.0
2298,2024-12-02,P006,WH-MW,52,44,8,2992.0
2299,2024-12-09,P006,WH-MW,53,52,1,3536.0
2300,2024-12-16,P006,WH-MW,48,48,0,3264.0
2301,2024-12-23,P006,WH-MW,54,54,0,3672.0
2302,2024-12-30,P006,WH-MW,41,41,0,2788.0
2303,2025-01-06,P006,WH-MW,52,51,1,3468.0
2304,2025-01-13,P006,WH-MW,49,41,8,2788.0
2305,2025-01-20,P006,WH-MW,57,57,0,3876.0
2306,2025-01-27,P006,WH-MW,55,54,1,3672.0
2307,2025-02-03,P006,WH-MW,60,59,1,4012.0
2308,2025-02-10,P006,WH-MW,60,60,0,4080.0
2309,2025-02-17,P006,WH-MW,42,41,1,2788.0
2310,2025-02-24,P006,WH-MW,68,67,1,4556.0
2311,2025-03-03,P006,WH-MW,57,49,8,3332.0
2312,2025-03-10,P006,WH-MW,69,68,1,4624.0
2313,2025-03-17,P006,WH-MW,61,61,0,4148.0
2314,2025-03-24,P006,WH-MW,62,61,1,4148.0
2315,2025-03-31,P006,WH-MW,59,58,1,3944.0
2316,2025-04-07,P006,WH-MW,55,54,1,3672.0
2317,2025-04-14,P006,WH-MW,70,69,1,4692.0
2318,2025-04-21,P006,WH-MW,57,56,1,3808.0
2319,2025-04-28,P006,WH-MW,61,60,1,4080.0
2320,2025-05-05,P006,WH-MW,55,54,1,3672.0
2321,2025-05-12,P006,WH-MW,63,61,2,4148.0
2322,2025-05-19,P006,WH-MW,64,56,8,3808.0
2323,2025-05-26,P006,WH-MW,80,80,0,5440.0
2324,2025-06-02,P006,WH-MW,65,64,1,4352.0
2325,2025-06-09,P006,WH-MW,60,59,1,4012.0
2326,2025-06-16,P006,WH-MW,58,57,1,3876.0
2327,2025-06-23,P006,WH-MW,59,59,0,4012.0
2328,2025-06-30,P006,WH-MW,67,67,0,4556.0
2329,2025-07-07,P006,WH-MW,58,58,0,3944.0
2330,2025-07-14,P006,WH-MW,77,75,2,5100.0
2331,2025-07-21,P006,WH-MW,67,66,1,4488.0
2332,2025-07-28,P006,WH-MW,58,58,0,3944.0
2333,2025-08-04,P006,WH-MW,60,59,1,4012.0
2334,2025-08-11,P006,WH-MW,54,47,7,3196.0
2335,2025-08-18,P006,WH-MW,61,60,1,4080.0
2336,2025-08-25,P006,WH-MW,59,54,5,3672.0
2337,2025-09-01,P006,WH-MW,52,51,1,3468.0
2338,2025-09-08,P006,WH-MW,60,60,0,4080.0
2339,2025-09-15,P006,WH-MW,54,54,0,3672.0
2340,2025-09-22,P006,WH-MW,57,56,1,3808.0
2341,2025-09-29,P006,WH-MW,54,53,1,3604.0
2342,2025-10-06,P006,WH-MW,63,62,1,4216.0
2343,2025-10-13,P006,WH-MW,63,62,1,4216.0
2344,2025-10-20,P006,WH-MW,65,64,1,4352.0
2345,2025-10-27,P006,WH-MW,54,53,1,3604.0
2346,2025-11-03,P006,WH-MW,58,57,1,3876.0
2347,2025-11-10,P006,WH-MW,43,42,1,2856.0
2348,2025-11-17,P006,WH-MW,57,57,0,3876.0
2349,2025-11-24,P006,WH-MW,62,62,0,4216.0
2350,2025-12-01,P006,WH-MW,60,60,0,4080.0
2351,2025-12-08,P006,WH-MW,49,49,0,3332.0
2352,2025-12-15,P006,WH-MW,46,46,0,3128.0
2353,2025-12-22,P006,WH-MW,66,66,0,4488.0
2354,2025-12-29,P006,WH-MW,54,53,1,3604.0
2355,2026-01-05,P006,WH-MW,51,51,0,3468.0
2356,2026-01-12,P006,WH-MW,61,61,0,4148.0
2357,2026-01-19,P006,WH-MW,55,54,1,3672.0
2358,2026-01-26,P006,WH-MW,59,59,0,4012.0
2359,2026-02-02,P006,WH-MW,58,57,1,3876.0
2360,2026-02-09,P006,WH-MW,63,63,0,4284.0
2361,2026-02-16,P006,WH-MW,57,56,1,3808.0
2362,2026-02-23,P006,WH-MW,66,64,2,4352.0
2363,2026-03-02,P006,WH-MW,61,60,1,4080.0
2364,2026-03-09,P006,WH-MW,60,59,1,4012.0
2365,2026-03-16,P006,WH-MW,65,64,1,4352.0
2366,2026-03-23,P006,WH-MW,68,67,1,4556.0
2367,2026-03-30,P006,WH-MW,67,66,1,4488.0
2368,2026-04-06,P006,WH-MW,71,68,3,4624.0
2369,2026-04-13,P006,WH-MW,75,74,1,5032.0
2370,2026-04-20,P006,WH-MW,80,79,1,5372.0
2371,2026-04-27,P006,WH-MW,77,76,1,5168.0
2372,2026-05-04,P006,WH-MW,61,60,1,4080.0
2373,2026-05-11,P006,WH-MW,76,75,1,5100.0
2374,2026-05-18,P006,WH-MW,76,74,2,5032.0
2375,2026-05-25,P006,WH-MW,66,65,1,4420.0
2376,2026-06-01,P006,WH-MW,74,64,10,4352.0
2377,2026-06-08,P006,WH-MW,72,71,1,4828.0
2378,2026-06-15,P006,WH-MW,81,80,1,5440.0
2379,2026-06-22,P006,WH-MW,85,84,1,5712.0
2380,2026-06-29,P006,WH-MW,68,68,0,4624.0
2381,2026-07-06,P006,WH-MW,72,71,1,4828.0
2382,2026-07-13,P006,WH-MW,70,70,0,4760.0
2383,2026-07-20,P006,WH-MW,66,66,0,4488.0
2384,2026-07-27,P006,WH-MW,72,71,1,4828.0
2385,2026-08-03,P006,WH-MW,73,72,1,4896.0
2386,2026-08-10,P006,WH-MW,63,63,0,4284.0
2387,2026-08-17,P006,WH-MW,71,67,4,4556.0
2388,2026-08-24,P006,WH-MW,69,67,2,4556.0
2389,2026-08-31,P006,WH-MW,59,51,8,3468.0
2390,2026-09-07,P006,WH-MW,62,61,1,4148.0
2391,2026-09-14,P006,WH-MW,66,64,2,4352.0
2392,2026-09-21,P006,WH-MW,68,68,0,4624.0
2393,2024-09-30,P006,WH-W,50,50,0,3400.0
2394,2024-10-07,P006,WH-W,51,50,1,3400.0
2395,2024-10-14,P006,WH-W,47,47,0,3196.0
2396,2024-10-21,P006,WH-W,50,49,1,3332.0
2397,2024-10-28,P006,WH-W,51,50,1,3400.0
2398,2024-11-04,P006,WH-W,41,41,0,2788.0
2399,2024-11-11,P006,WH-W,42,41,1,2788.0
2400,2024-11-18,P006,WH-W,49,48,1,3264.0
2401,2024-11-25,P006,WH-W,48,47,1,3196.0
2402,2024-12-02,P006,WH-W,45,44,1,2992.0
2403,2024-12-09,P006,WH-W,45,44,1,2992.0
2404,2024-12-16,P006,WH-W,47,46,1,3128.0
2405,2024-12-23,P006,WH-W,58,57,1,3876.0
2406,2024-12-30,P006,WH-W,62,61,1,4148.0
2407,2025-01-06,P006,WH-W,52,43,9,2924.0
2408,2025-01-13,P006,WH-W,48,48,0,3264.0
2409,2025-01-20,P006,WH-W,52,51,1,3468.0
2410,2025-01-27,P006,WH-W,48,47,1,3196.0
2411,2025-02-03,P006,WH-W,51,51,0,3468.0
2412,2025-02-10,P006,WH-W,52,52,0,3536.0
2413,2025-02-17,P006,WH-W,46,46,0,3128.0
2414,2025-02-24,P006,WH-W,51,51,0,3468.0
2415,2025-03-03,P006,WH-W,57,56,1,3808.0
2416,2025-03-10,P006,WH-W,48,47,1,3196.0
2417,2025-03-17,P006,WH-W,55,47,8,3196.0
2418,2025-03-24,P006,WH-W,63,62,1,4216.0
2419,2025-03-31,P006,WH-W,56,55,1,3740.0
2420,2025-04-07,P006,WH-W,56,55,1,3740.0
2421,2025-04-14,P006,WH-W,59,59,0,4012.0
2422,2025-04-21,P006,WH-W,54,53,1,3604.0
2423,2025-04-28,P006,WH-W,55,55,0,3740.0
2424,2025-05-05,P006,WH-W,64,63,1,4284.0
2425,2025-05-12,P006,WH-W,65,64,1,4352.0
2426,2025-05-19,P006,WH-W,53,52,1,3536.0
2427,2025-05-26,P006,WH-W,71,70,1,4760.0
2428,2025-06-02,P006,WH-W,63,53,10,3604.0
2429,2025-06-09,P006,WH-W,63,62,1,4216.0
2430,2025-06-16,P006,WH-W,57,56,1,3808.0
2431,2025-06-23,P006,WH-W,56,56,0,3808.0
2432,2025-06-30,P006,WH-W,50,49,1,3332.0
2433,2025-07-07,P006,WH-W,53,53,0,3604.0
2434,2025-07-14,P006,WH-W,61,60,1,4080.0
2435,2025-07-21,P006,WH-W,56,55,1,3740.0
2436,2025-07-28,P006,WH-W,50,49,1,3332.0
2437,2025-08-04,P006,WH-W,61,61,0,4148.0
2438,2025-08-11,P006,WH-W,50,50,0,3400.0
2439,2025-08-18,P006,WH-W,61,61,0,4148.0
2440,2025-08-25,P006,WH-W,63,62,1,4216.0
2441,2025-09-01,P006,WH-W,49,48,1,3264.0
2442,2025-09-08,P006,WH-W,48,48,0,3264.0
2443,2025-09-15,P006,WH-W,55,55,0,3740.0
2444,2025-09-22,P006,WH-W,47,47,0,3196.0
2445,2025-09-29,P006,WH-W,51,45,6,3060.0
2446,2025-10-06,P006,WH-W,59,58,1,3944.0
2447,2025-10-13,P006,WH-W,46,46,0,3128.0
2448,2025-10-20,P006,WH-W,55,54,1,3672.0
2449,2025-10-27,P006,WH-W,52,51,1,3468.0
2450,2025-11-03,P006,WH-W,47,46,1,3128.0
2451,2025-11-10,P006,WH-W,52,51,1,3468.0
2452,2025-11-17,P006,WH-W,43,43,0,2924.0
2453,2025-11-24,P006,WH-W,47,47,0,3196.0
2454,2025-12-01,P006,WH-W,46,45,1,3060.0
2455,2025-12-08,P006,WH-W,48,47,1,3196.0
2456,2025-12-15,P006,WH-W,43,43,0,2924.0
2457,2025-12-22,P006,WH-W,58,58,0,3944.0
2458,2025-12-29,P006,WH-W,59,58,1,3944.0
2459,2026-01-05,P006,WH-W,53,52,1,3536.0
2460,2026-01-12,P006,WH-W,51,50,1,3400.0
2461,2026-01-19,P006,WH-W,53,52,1,3536.0
2462,2026-01-26,P006,WH-W,51,50,1,3400.0
2463,2026-02-02,P006,WH-W,52,50,2,3400.0
2464,2026-02-09,P006,WH-W,51,51,0,3468.0
2465,2026-02-16,P006,WH-W,63,62,1,4216.0
2466,2026-02-23,P006,WH-W,54,54,0,3672.0
2467,2026-03-02,P006,WH-W,56,55,1,3740.0
2468,2026-03-09,P006,WH-W,44,44,0,2992.0
2469,2026-03-16,P006,WH-W,63,62,1,4216.0
2470,2026-03-23,P006,WH-W,62,57,5,3876.0
2471,2026-03-30,P006,WH-W,66,66,0,4488.0
2472,2026-04-06,P006,WH-W,58,57,1,3876.0
2473,2026-04-13,P006,WH-W,68,67,1,4556.0
2474,2026-04-20,P006,WH-W,66,65,1,4420.0
2475,2026-04-27,P006,WH-W,74,73,1,4964.0
2476,2026-05-04,P006,WH-W,65,64,1,4352.0
2477,2026-05-11,P006,WH-W,60,52,8,3536.0
2478,2026-05-18,P006,WH-W,70,70,0,4760.0
2479,2026-05-25,P006,WH-W,63,63,0,4284.0
2480,2026-06-01,P006,WH-W,63,63,0,4284.0
2481,2026-06-08,P006,WH-W,66,65,1,4420.0
2482,2026-06-15,P006,WH-W,60,59,1,4012.0
2483,2026-06-22,P006,WH-W,62,61,1,4148.0
2484,2026-06-29,P006,WH-W,69,69,0,4692.0
2485,2026-07-06,P006,WH-W,65,65,0,4420.0
2486,2026-07-13,P006,WH-W,60,59,1,4012.0
2487,2026-07-20,P006,WH-W,50,49,1,3332.0
2488,2026-07-27,P006,WH-W,60,55,5,3740.0
2489,2026-08-03,P006,WH-W,57,57,0,3876.0
2490,2026-08-10,P006,WH-W,62,61,1,4148.0
2491,2026-08-17,P006,WH-W,58,58,0,3944.0
2492,2026-08-24,P006,WH-W,54,47,7,3196.0
2493,2026-08-31,P006,WH-W,57,57,0,3876.0
2494,2026-09-07,P006,WH-W,52,51,1,3468.0
2495,2026-09-14,P006,WH-W,63,62,1,4216.0
2496,2026-09-21,P006,WH-W,69,69,0,4692.0
2497,2024-09-30,P007,WH-NE,83,82,1,3116.0
2498,2024-10-07,P007,WH-NE,79,79,0,3002.0
2499,2024-10-14,P007,WH-NE,74,73,1,2774.0
2500,2024-10-21,P007,WH-NE,83,83,0,3154.0
2501,2024-10-28,P007,WH-NE,86,86,0,3268.0
2502,2024-11-04,P007,WH-NE,91,90,1,3420.0
2503,2024-11-11,P007,WH-NE,88,88,0,3344.0
2504,2024-11-18,P007,WH-NE,87,86,1,3268.0
2505,2024-11-25,P007,WH-NE,101,100,1,3800.0
2506,2024-12-02,P007,WH-NE,105,103,2,3914.0
2507,2024-12-09,P007,WH-NE,108,108,0,4104.0
2508,2024-12-16,P007,WH-NE,103,102,1,3876.0
2509,2024-12-23,P007,WH-NE,109,108,1,4104.0
2510,2024-12-30,P007,WH-NE,111,99,12,3762.0
2511,2025-01-06,P007,WH-NE,91,90,1,3420.0
2512,2025-01-13,P007,WH-NE,99,97,2,3686.0
2513,2025-01-20,P007,WH-NE,97,95,2,3610.0
2514,2025-01-27,P007,WH-NE,105,103,2,3914.0
2515,2025-02-03,P007,WH-NE,95,93,2,3534.0
2516,2025-02-10,P007,WH-NE,106,91,15,3458.0
2517,2025-02-17,P007,WH-NE,103,102,1,3876.0
2518,2025-02-24,P007,WH-NE,104,102,2,3876.0
2519,2025-03-03,P007,WH-NE,111,111,0,4218.0
2520,2025-03-10,P007,WH-NE,101,100,1,3800.0
2521,2025-03-17,P007,WH-NE,107,106,1,4028.0
2522,2025-03-24,P007,WH-NE,71,71,0,2698.0
2523,2025-03-31,P007,WH-NE,101,100,1,3800.0
2524,2025-04-07,P007,WH-NE,95,95,0,3610.0
2525,2025-04-14,P007,WH-NE,85,84,1,3192.0
2526,2025-04-21,P007,WH-NE,108,105,3,3990.0
2527,2025-04-28,P007,WH-NE,90,89,1,3382.0
2528,2025-05-05,P007,WH-NE,75,73,2,2774.0
2529,2025-05-12,P007,WH-NE,88,86,2,3268.0
2530,2025-05-19,P007,WH-NE,77,76,1,2888.0
2531,2025-05-26,P007,WH-NE,96,95,1,3610.0
2532,2025-06-02,P007,WH-NE,105,104,1,3952.0
2533,2025-06-09,P007,WH-NE,88,87,1,3306.0
2534,2025-06-16,P007,WH-NE,92,91,1,3458.0
2535,2025-06-23,P007,WH-NE,90,90,0,3420.0
2536,2025-06-30,P007,WH-NE,82,81,1,3078.0
2537,2025-07-07,P007,WH-NE,89,89,0,3382.0
2538,2025-07-14,P007,WH-NE,82,80,2,3040.0
2539,2025-07-21,P007,WH-NE,96,85,11,3230.0
2540,2025-07-28,P007,WH-NE,107,105,2,3990.0
2541,2025-08-04,P007,WH-NE,81,79,2,3002.0
2542,2025-08-11,P007,WH-NE,80,79,1,3002.0
2543,2025-08-18,P007,WH-NE,94,93,1,3534.0
2544,2025-08-25,P007,WH-NE,88,86,2,3268.0
2545,2025-09-01,P007,WH-NE,88,87,1,3306.0
2546,2025-09-08,P007,WH-NE,89,89,0,3382.0
2547,2025-09-15,P007,WH-NE,96,95,1,3610.0
2548,2025-09-22,P007,WH-NE,88,88,0,3344.0
2549,2025-09-29,P007,WH-NE,84,84,0,3192.0
2550,2025-10-06,P007,WH-NE,83,81,2,3078.0
2551,2025-10-13,P007,WH-NE,94,93,1,3534.0
2552,2025-10-20,P007,WH-NE,86,84,2,3192.0
2553,2025-10-27,P007,WH-NE,91,89,2,3382.0
2554,2025-11-03,P007,WH-NE,106,106,0,4028.0
2555,2025-11-10,P007,WH-NE,105,88,17,3344.0
2556,2025-11-17,P007,WH-NE,108,107,1,4066.0
2557,2025-11-24,P007,WH-NE,91,91,0,3458.0
2558,2025-12-01,P007,WH-NE,93,92,1,3496.0
2559,2025-12-08,P007,WH-NE,99,97,2,3686.0
2560,2025-12-15,P007,WH-NE,104,103,1,3914.0
2561,2025-12-22,P007,WH-NE,115,113,2,4294.0
2562,2025-12-29,P007,WH-NE,115,113,2,4294.0
2563,2026-01-05,P007,WH-NE,115,114,1,4332.0
2564,2026-01-12,P007,WH-NE,126,124,2,4712.0
2565,2026-01-19,P007,WH-NE,104,103,1,3914.0
2566,2026-01-26,P007,WH-NE,93,91,2,3458.0
2567,2026-02-02,P007,WH-NE,116,114,2,4332.0
2568,2026-02-09,P007,WH-NE,115,97,18,3686.0
2569,2026-02-16,P007,WH-NE,111,109,2,4142.0
2570,2026-02-23,P007,WH-NE,110,109,1,4142.0
2571,2026-03-02,P007,WH-NE,103,102,1,3876.0
2572,2026-03-09,P007,WH-NE,102,100,2,3800.0
2573,2026-03-16,P007,WH-NE,104,102,2,3876.0
2574,2026-03-23,P007,WH-NE,100,100,0,3800.0
2575,2026-03-30,P007,WH-NE,111,110,1,4180.0
2576,2026-04-06,P007,WH-NE,107,106,1,4028.0
2577,2026-04-13,P007,WH-NE,114,113,1,4294.0
2578,2026-04-20,P007,WH-NE,83,83,0,3154.0
2579,2026-04-27,P007,WH-NE,112,111,1,4218.0
2580,2026-05-04,P007,WH-NE,89,88,1,3344.0
2581,2026-05-11,P007,WH-NE,100,99,1,3762.0
2582,2026-05-18,P007,WH-NE,92,91,1,3458.0
2583,2026-05-25,P007,WH-NE,106,105,1,3990.0
2584,2026-06-01,P007,WH-NE,103,103,0,3914.0
2585,2026-06-08,P007,WH-NE,105,102,3,3876.0
2586,2026-06-15,P007,WH-NE,94,93,1,3534.0
2587,2026-06-22,P007,WH-NE,82,70,12,2660.0
2588,2026-06-29,P007,WH-NE,88,86,2,3268.0
2589,2026-07-06,P007,WH-NE,95,93,2,3534.0
2590,2026-07-13,P007,WH-NE,84,83,1,3154.0
2591,2026-07-20,P007,WH-NE,93,93,0,3534.0
2592,2026-07-27,P007,WH-NE,90,79,11,3002.0
2593,2026-08-03,P007,WH-NE,94,82,12,3116.0
2594,2026-08-10,P007,WH-NE,83,82,1,3116.0
2595,2026-08-17,P007,WH-NE,92,92,0,3496.0
2596,2026-08-24,P007,WH-NE,68,67,1,2546.0
2597,2026-08-31,P007,WH-NE,84,82,2,3116.0
2598,2026-09-07,P007,WH-NE,84,83,1,3154.0
2599,2026-09-14,P007,WH-NE,97,96,1,3648.0
2600,2026-09-21,P007,WH-NE,84,83,1,3154.0
2601,2024-09-30,P007,WH-SE,72,72,0,2736.0
2602,2024-10-07,P007,WH-SE,75,75,0,2850.0
2603,2024-10-14,P007,WH-SE,73,73,0,2774.0
2604,2024-10-21,P007,WH-SE,87,86,1,3268.0
2605,2024-10-28,P007,WH-SE,76,76,0,2888.0
2606,2024-11-04,P007,WH-SE,73,72,1,2736.0
2607,2024-11-11,P007,WH-SE,89,87,2,3306.0
2608,2024-11-18,P007,WH-SE,87,86,1,3268.0
2609,2024-11-25,P007,WH-SE,69,68,1,2584.0
2610,2024-12-02,P007,WH-SE,84,82,2,3116.0
2611,2024-12-09,P007,WH-SE,77,75,2,2850.0
2612,2024-12-16,P007,WH-SE,90,88,2,3344.0
2613,2024-12-23,P007,WH-SE,92,90,2,3420.0
2614,2024-12-30,P007,WH-SE,92,91,1,3458.0
2615,2025-01-06,P007,WH-SE,92,86,6,3268.0
2616,2025-01-13,P007,WH-SE,95,93,2,3534.0
2617,2025-01-20,P007,WH-SE,96,94,2,3572.0
2618,2025-01-27,P007,WH-SE,91,90,1,3420.0
2619,2025-02-03,P007,WH-SE,89,88,1,3344.0
2620,2025-02-10,P007,WH-SE,82,80,2,3040.0
2621,2025-02-17,P007,WH-SE,90,89,1,3382.0
2622,2025-02-24,P007,WH-SE,89,89,0,3382.0
2623,2025-03-03,P007,WH-SE,81,81,0,3078.0
2624,2025-03-10,P007,WH-SE,94,94,0,3572.0
2625,2025-03-17,P007,WH-SE,85,85,0,3230.0
2626,2025-03-24,P007,WH-SE,85,85,0,3230.0
2627,2025-03-31,P007,WH-SE,83,82,1,3116.0
2628,2025-04-07,P007,WH-SE,80,80,0,3040.0
2629,2025-04-14,P007,WH-SE,90,88,2,3344.0
2630,2025-04-21,P007,WH-SE,75,75,0,2850.0
2631,2025-04-28,P007,WH-SE,75,74,1,2812.0
2632,2025-05-05,P007,WH-SE,87,86,1,3268.0
2633,2025-05-12,P007,WH-SE,76,76,0,2888.0
2634,2025-05-19,P007,WH-SE,62,62,0,2356.0
2635,2025-05-26,P007,WH-SE,96,94,2,3572.0
2636,2025-06-02,P007,WH-SE,100,99,1,3762.0
2637,2025-06-09,P007,WH-SE,72,71,1,2698.0
2638,2025-06-16,P007,WH-SE,78,77,1,2926.0
2639,2025-06-23,P007,WH-SE,93,92,1,3496.0
2640,2025-06-30,P007,WH-SE,81,80,1,3040.0
2641,2025-07-07,P007,WH-SE,68,67,1,2546.0
2642,2025-07-14,P007,WH-SE,75,71,4,2698.0
2643,2025-07-21,P007,WH-SE,74,72,2,2736.0
2644,2025-07-28,P007,WH-SE,82,81,1,3078.0
2645,2025-08-04,P007,WH-SE,64,64,0,2432.0
2646,2025-08-11,P007,WH-SE,82,82,0,3116.0
2647,2025-08-18,P007,WH-SE,71,70,1,2660.0
2648,2025-08-25,P007,WH-SE,74,73,1,2774.0
2649,2025-09-01,P007,WH-SE,67,66,1,2508.0
2650,2025-09-08,P007,WH-SE,72,72,0,2736.0
2651,2025-09-15,P007,WH-SE,74,73,1,2774.0
2652,2025-09-22,P007,WH-SE,76,74,2,2812.0
2653,2025-09-29,P007,WH-SE,77,75,2,2850.0
2654,2025-10-06,P007,WH-SE,84,83,1,3154.0
2655,2025-10-13,P007,WH-SE,74,74,0,2812.0
2656,2025-10-20,P007,WH-SE,88,76,12,2888.0
2657,2025-10-27,P007,WH-SE,75,74,1,2812.0
2658,2025-11-03,P007,WH-SE,74,73,1,2774.0
2659,2025-11-10,P007,WH-SE,87,87,0,3306.0
2660,2025-11-17,P007,WH-SE,83,81,2,3078.0
2661,2025-11-24,P007,WH-SE,79,78,1,2964.0
2662,2025-12-01,P007,WH-SE,108,102,6,3876.0
2663,2025-12-08,P007,WH-SE,102,101,1,3838.0
2664,2025-12-15,P007,WH-SE,100,98,2,3724.0
2665,2025-12-22,P007,WH-SE,85,84,1,3192.0
2666,2025-12-29,P007,WH-SE,93,93,0,3534.0
2667,2026-01-05,P007,WH-SE,87,85,2,3230.0
2668,2026-01-12,P007,WH-SE,98,97,1,3686.0
2669,2026-01-19,P007,WH-SE,97,96,1,3648.0
2670,2026-01-26,P007,WH-SE,82,81,1,3078.0
2671,2026-02-02,P007,WH-SE,97,96,1,3648.0
2672,2026-02-09,P007,WH-SE,112,110,2,4180.0
2673,2026-02-16,P007,WH-SE,104,103,1,3914.0
2674,2026-02-23,P007,WH-SE,89,89,0,3382.0
2675,2026-03-02,P007,WH-SE,100,98,2,3724.0
2676,2026-03-09,P007,WH-SE,99,97,2,3686.0
2677,2026-03-16,P007,WH-SE,93,91,2,3458.0
2678,2026-03-23,P007,WH-SE,94,92,2,3496.0
2679,2026-03-30,P007,WH-SE,81,79,2,3002.0
2680,2026-04-06,P007,WH-SE,94,92,2,3496.0
2681,2026-04-13,P007,WH-SE,90,89,1,3382.0
2682,2026-04-20,P007,WH-SE,100,100,0,3800.0
2683,2026-04-27,P007,WH-SE,120,118,2,4484.0
2684,2026-05-04,P007,WH-SE,81,80,1,3040.0
2685,2026-05-11,P007,WH-SE,82,81,1,3078.0
2686,2026-05-18,P007,WH-SE,91,91,0,3458.0
2687,2026-05-25,P007,WH-SE,99,99,0,3762.0
2688,2026-06-01,P007,WH-SE,81,80,1,3040.0
2689,2026-06-08,P007,WH-SE,77,76,1,2888.0
2690,2026-06-15,P007,WH-SE,77,76,1,2888.0
2691,2026-06-22,P007,WH-SE,83,82,1,3116.0
2692,2026-06-29,P007,WH-SE,79,79,0,3002.0
2693,2026-07-06,P007,WH-SE,101,100,1,3800.0
2694,2026-07-13,P007,WH-SE,77,75,2,2850.0
2695,2026-07-20,P007,WH-SE,83,82,1,3116.0
2696,2026-07-27,P007,WH-SE,88,86,2,3268.0
2697,2026-08-03,P007,WH-SE,80,79,1,3002.0
2698,2026-08-10,P007,WH-SE,73,72,1,2736.0
2699,2026-08-17,P007,WH-SE,81,80,1,3040.0
2700,2026-08-24,P007,WH-SE,70,70,0,2660.0
2701,2026-08-31,P007,WH-SE,83,81,2,3078.0
2702,2026-09-07,P007,WH-SE,74,73,1,2774.0
2703,2026-09-14,P007,WH-SE,85,84,1,3192.0
2704,2026-09-21,P007,WH-SE,85,85,0,3230.0
2705,2024-09-30,P007,WH-MW,70,69,1,2622.0
2706,2024-10-07,P007,WH-MW,74,73,1,2774.0
2707,2024-10-14,P007,WH-MW,61,60,1,2280.0
2708,2024-10-21,P007,WH-MW,75,75,0,2850.0
2709,2024-10-28,P007,WH-MW,76,75,1,2850.0
2710,2024-11-04,P007,WH-MW,73,73,0,2774.0
2711,2024-11-11,P007,WH-MW,71,70,1,2660.0
2712,2024-11-18,P007,WH-MW,82,81,1,3078.0
2713,2024-11-25,P007,WH-MW,85,83,2,3154.0
2714,2024-12-02,P007,WH-MW,77,76,1,2888.0
2715,2024-12-09,P007,WH-MW,94,92,2,3496.0
2716,2024-12-16,P007,WH-MW,86,85,1,3230.0
2717,2024-12-23,P007,WH-MW,90,90,0,3420.0
2718,2024-12-30,P007,WH-MW,89,89,0,3382.0
2719,2025-01-06,P007,WH-MW,97,95,2,3610.0
2720,2025-01-13,P007,WH-MW,76,76,0,2888.0
2721,2025-01-20,P007,WH-MW,80,79,1,3002.0
2722,2025-01-27,P007,WH-MW,92,92,0,3496.0
2723,2025-02-03,P007,WH-MW,79,78,1,2964.0
2724,2025-02-10,P007,WH-MW,85,83,2,3154.0
2725,2025-02-17,P007,WH-MW,91,91,0,3458.0
2726,2025-02-24,P007,WH-MW,96,95,1,3610.0
2727,2025-03-03,P007,WH-MW,91,89,2,3382.0
2728,2025-03-10,P007,WH-MW,75,74,1,2812.0
2729,2025-03-17,P007,WH-MW,81,71,10,2698.0
2730,2025-03-24,P007,WH-MW,93,91,2,3458.0
2731,2025-03-31,P007,WH-MW,93,91,2,3458.0
2732,2025-04-07,P007,WH-MW,88,87,1,3306.0
2733,2025-04-14,P007,WH-MW,76,75,1,2850.0
2734,2025-04-21,P007,WH-MW,78,76,2,2888.0
2735,2025-04-28,P007,WH-MW,77,77,0,2926.0
2736,2025-05-05,P007,WH-MW,70,68,2,2584.0
2737,2025-05-12,P007,WH-MW,86,82,4,3116.0
2738,2025-05-19,P007,WH-MW,88,87,1,3306.0
2739,2025-05-26,P007,WH-MW,98,97,1,3686.0
2740,2025-06-02,P007,WH-MW,81,79,2,3002.0
2741,2025-06-09,P007,WH-MW,70,69,1,2622.0
2742,2025-06-16,P007,WH-MW,68,67,1,2546.0
2743,2025-06-23,P007,WH-MW,85,84,1,3192.0
2744,2025-06-30,P007,WH-MW,77,77,0,2926.0
2745,2025-07-07,P007,WH-MW,73,71,2,2698.0
2746,2025-07-14,P007,WH-MW,76,72,4,2736.0
2747,2025-07-21,P007,WH-MW,71,70,1,2660.0
2748,2025-07-28,P007,WH-MW,74,73,1,2774.0
2749,2025-08-04,P007,WH-MW,60,59,1,2242.0
2750,2025-08-11,P007,WH-MW,69,68,1,2584.0
2751,2025-08-18,P007,WH-MW,63,63,0,2394.0
2752,2025-08-25,P007,WH-MW,77,76,1,2888.0
2753,2025-09-01,P007,WH-MW,62,61,1,2318.0
2754,2025-09-08,P007,WH-MW,67,66,1,2508.0
2755,2025-09-15,P007,WH-MW,75,75,0,2850.0
2756,2025-09-22,P007,WH-MW,72,71,1,2698.0
2757,2025-09-29,P007,WH-MW,75,74,1,2812.0
2758,2025-10-06,P007,WH-MW,79,79,0,3002.0
2759,2025-10-13,P007,WH-MW,88,87,1,3306.0
2760,2025-10-20,P007,WH-MW,79,78,1,2964.0
2761,2025-10-27,P007,WH-MW,83,75,8,2850.0
2762,2025-11-03,P007,WH-MW,76,76,0,2888.0
2763,2025-11-10,P007,WH-MW,75,73,2,2774.0
2764,2025-11-17,P007,WH-MW,71,71,0,2698.0
2765,2025-11-24,P007,WH-MW,96,95,1,3610.0
2766,2025-12-01,P007,WH-MW,88,87,1,3306.0
2767,2025-12-08,P007,WH-MW,88,86,2,3268.0
2768,2025-12-15,P007,WH-MW,81,81,0,3078.0
2769,2025-12-22,P007,WH-MW,82,80,2,3040.0
2770,2025-12-29,P007,WH-MW,96,95,1,3610.0
2771,2026-01-05,P007,WH-MW,84,83,1,3154.0
2772,2026-01-12,P007,WH-MW,89,89,0,3382.0
2773,2026-01-19,P007,WH-MW,87,72,15,2736.0
2774,2026-01-26,P007,WH-MW,92,91,1,3458.0
2775,2026-02-02,P007,WH-MW,91,91,0,3458.0
2776,2026-02-09,P007,WH-MW,94,93,1,3534.0
2777,2026-02-16,P007,WH-MW,82,81,1,3078.0
2778,2026-02-23,P007,WH-MW,104,92,12,3496.0
2779,2026-03-02,P007,WH-MW,93,93,0,3534.0
2780,2026-03-09,P007,WH-MW,81,79,2,3002.0
2781,2026-03-16,P007,WH-MW,84,82,2,3116.0
2782,2026-03-23,P007,WH-MW,100,99,1,3762.0
2783,2026-03-30,P007,WH-MW,93,92,1,3496.0
2784,2026-04-06,P007,WH-MW,90,89,1,3382.0
2785,2026-04-13,P007,WH-MW,87,86,1,3268.0
2786,2026-04-20,P007,WH-MW,100,99,1,3762.0
2787,2026-04-27,P007,WH-MW,94,92,2,3496.0
2788,2026-05-04,P007,WH-MW,88,88,0,3344.0
2789,2026-05-11,P007,WH-MW,93,93,0,3534.0
2790,2026-05-18,P007,WH-MW,81,81,0,3078.0
2791,2026-05-25,P007,WH-MW,86,86,0,3268.0
2792,2026-06-01,P007,WH-MW,80,75,5,2850.0
2793,2026-06-08,P007,WH-MW,74,74,0,2812.0
2794,2026-06-15,P007,WH-MW,83,82,1,3116.0
2795,2026-06-22,P007,WH-MW,76,76,0,2888.0
2796,2026-06-29,P007,WH-MW,72,60,12,2280.0
2797,2026-07-06,P007,WH-MW,74,73,1,2774.0
2798,2026-07-13,P007,WH-MW,73,72,1,2736.0
2799,2026-07-20,P007,WH-MW,67,67,0,2546.0
2800,2026-07-27,P007,WH-MW,80,79,1,3002.0
2801,2026-08-03,P007,WH-MW,66,65,1,2470.0
2802,2026-08-10,P007,WH-MW,69,68,1,2584.0
2803,2026-08-17,P007,WH-MW,78,77,1,2926.0
2804,2026-08-24,P007,WH-MW,78,76,2,2888.0
2805,2026-08-31,P007,WH-MW,63,63,0,2394.0
2806,2026-09-07,P007,WH-MW,79,77,2,2926.0
2807,2026-09-14,P007,WH-MW,71,71,0,2698.0
2808,2026-09-21,P007,WH-MW,93,93,0,3534.0
2809,2024-09-30,P007,WH-W,61,59,2,2242.0
2810,2024-10-07,P007,WH-W,54,53,1,2014.0
2811,2024-10-14,P007,WH-W,63,62,1,2356.0
2812,2024-10-21,P007,WH-W,54,53,1,2014.0
2813,2024-10-28,P007,WH-W,68,68,0,2584.0
2814,2024-11-04,P007,WH-W,69,68,1,2584.0
2815,2024-11-11,P007,WH-W,61,61,0,2318.0
2816,2024-11-18,P007,WH-W,81,81,0,3078.0
2817,2024-11-25,P007,WH-W,85,84,1,3192.0
2818,2024-12-02,P007,WH-W,71,70,1,2660.0
2819,2024-12-09,P007,WH-W,75,75,0,2850.0
2820,2024-12-16,P007,WH-W,71,71,0,2698.0
2821,2024-12-23,P007,WH-W,78,67,11,2546.0
2822,2024-12-30,P007,WH-W,85,84,1,3192.0
2823,2025-01-06,P007,WH-W,64,62,2,2356.0
2824,2025-01-13,P007,WH-W,90,88,2,3344.0
2825,2025-01-20,P007,WH-W,87,86,1,3268.0
2826,2025-01-27,P007,WH-W,79,75,4,2850.0
2827,2025-02-03,P007,WH-W,80,80,0,3040.0
2828,2025-02-10,P007,WH-W,72,71,1,2698.0
2829,2025-02-17,P007,WH-W,80,78,2,2964.0
2830,2025-02-24,P007,WH-W,80,79,1,3002.0
2831,2025-03-03,P007,WH-W,72,72,0,2736.0
2832,2025-03-10,P007,WH-W,76,74,2,2812.0
2833,2025-03-17,P007,WH-W,80,78,2,2964.0
2834,2025-03-24,P007,WH-W,81,80,1,3040.0
2835,2025-03-31,P007,WH-W,78,77,1,2926.0
2836,2025-04-07,P007,WH-W,77,75,2,2850.0
2837,2025-04-14,P007,WH-W,71,69,2,2622.0
2838,2025-04-21,P007,WH-W,74,73,1,2774.0
2839,2025-04-28,P007,WH-W,79,78,1,2964.0
2840,2025-05-05,P007,WH-W,71,69,2,2622.0
2841,2025-05-12,P007,WH-W,78,77,1,2926.0
2842,2025-05-19,P007,WH-W,65,56,9,2128.0
2843,2025-05-26,P007,WH-W,84,73,11,2774.0
2844,2025-06-02,P007,WH-W,84,83,1,3154.0
2845,2025-06-09,P007,WH-W,76,75,1,2850.0
2846,2025-06-16,P007,WH-W,71,71,0,2698.0
2847,2025-06-23,P007,WH-W,70,69,1,2622.0
2848,2025-06-30,P007,WH-W,72,71,1,2698.0
2849,2025-07-07,P007,WH-W,68,67,1,2546.0
2850,2025-07-14,P007,WH-W,68,66,2,2508.0
2851,2025-07-21,P007,WH-W,66,65,1,2470.0
2852,2025-07-28,P007,WH-W,55,54,1,2052.0
2853,2025-08-04,P007,WH-W,66,65,1,2470.0
2854,2025-08-11,P007,WH-W,63,63,0,2394.0
2855,2025-08-18,P007,WH-W,59,59,0,2242.0
2856,2025-08-25,P007,WH-W,64,64,0,2432.0
2857,2025-09-01,P007,WH-W,74,72,2,2736.0
2858,2025-09-08,P007,WH-W,62,60,2,2280.0
2859,2025-09-15,P007,WH-W,70,69,1,2622.0
2860,2025-09-22,P007,WH-W,64,60,4,2280.0
2861,2025-09-29,P007,WH-W,55,54,1,2052.0
2862,2025-10-06,P007,WH-W,69,68,1,2584.0
2863,2025-10-13,P007,WH-W,66,65,1,2470.0
2864,2025-10-20,P007,WH-W,78,76,2,2888.0
2865,2025-10-27,P007,WH-W,71,62,9,2356.0
2866,2025-11-03,P007,WH-W,64,64,0,2432.0
2867,2025-11-10,P007,WH-W,63,53,10,2014.0
2868,2025-11-17,P007,WH-W,66,59,7,2242.0
2869,2025-11-24,P007,WH-W,71,70,1,2660.0
2870,2025-12-01,P007,WH-W,63,62,1,2356.0
2871,2025-12-08,P007,WH-W,81,80,1,3040.0
2872,2025-12-15,P007,WH-W,79,77,2,2926.0
2873,2025-12-22,P007,WH-W,78,77,1,2926.0
2874,2025-12-29,P007,WH-W,79,78,1,2964.0
2875,2026-01-05,P007,WH-W,86,85,1,3230.0
2876,2026-01-12,P007,WH-W,82,80,2,3040.0
2877,2026-01-19,P007,WH-W,97,96,1,3648.0
2878,2026-01-26,P007,WH-W,88,88,0,3344.0
2879,2026-02-02,P007,WH-W,89,88,1,3344.0
2880,2026-02-09,P007,WH-W,78,76,2,2888.0
2881,2026-02-16,P007,WH-W,94,92,2,3496.0
2882,2026-02-23,P007,WH-W,79,78,1,2964.0
2883,2026-03-02,P007,WH-W,73,72,1,2736.0
2884,2026-03-09,P007,WH-W,79,79,0,3002.0
2885,2026-03-16,P007,WH-W,87,85,2,3230.0
2886,2026-03-23,P007,WH-W,70,69,1,2622.0
2887,2026-03-30,P007,WH-W,78,76,2,2888.0
2888,2026-04-06,P007,WH-W,70,70,0,2660.0
2889,2026-04-13,P007,WH-W,70,69,1,2622.0
2890,2026-04-20,P007,WH-W,72,72,0,2736.0
2891,2026-04-27,P007,WH-W,98,97,1,3686.0
2892,2026-05-04,P007,WH-W,68,68,0,2584.0
2893,2026-05-11,P007,WH-W,82,81,1,3078.0
2894,2026-05-18,P007,WH-W,78,77,1,2926.0
2895,2026-05-25,P007,WH-W,67,66,1,2508.0
2896,2026-06-01,P007,WH-W,71,69,2,2622.0
2897,2026-06-08,P007,WH-W,75,74,1,2812.0
2898,2026-06-15,P007,WH-W,73,73,0,2774.0
2899,2026-06-22,P007,WH-W,70,70,0,2660.0
2900,2026-06-29,P007,WH-W,80,80,0,3040.0
2901,2026-07-06,P007,WH-W,63,63,0,2394.0
2902,2026-07-13,P007,WH-W,65,64,1,2432.0
2903,2026-07-20,P007,WH-W,65,65,0,2470.0
2904,2026-07-27,P007,WH-W,67,67,0,2546.0
2905,2026-08-03,P007,WH-W,74,74,0,2812.0
2906,2026-08-10,P007,WH-W,60,59,1,2242.0
2907,2026-08-17,P007,WH-W,59,58,1,2204.0
2908,2026-08-24,P007,WH-W,67,66,1,2508.0
2909,2026-08-31,P007,WH-W,72,70,2,2660.0
2910,2026-09-07,P007,WH-W,68,68,0,2584.0
2911,2026-09-14,P007,WH-W,63,62,1,2356.0
2912,2026-09-21,P007,WH-W,64,63,1,2394.0
2913,2024-09-30,P008,WH-NE,96,94,2,5264.0
2914,2024-10-07,P008,WH-NE,92,90,2,5040.0
2915,2024-10-14,P008,WH-NE,83,82,1,4592.0
2916,2024-10-21,P008,WH-NE,84,82,2,4592.0
2917,2024-10-28,P008,WH-NE,99,98,1,5488.0
2918,2024-11-04,P008,WH-NE,95,94,1,5264.0
2919,2024-11-11,P008,WH-NE,71,69,2,3864.0
2920,2024-11-18,P008,WH-NE,88,87,1,4872.0
2921,2024-11-25,P008,WH-NE,90,90,0,5040.0
2922,2024-12-02,P008,WH-NE,86,77,9,4312.0
2923,2024-12-09,P008,WH-NE,90,82,8,4592.0
2924,2024-12-16,P008,WH-NE,84,78,6,4368.0
2925,2024-12-23,P008,WH-NE,90,88,2,4928.0
2926,2024-12-30,P008,WH-NE,79,77,2,4312.0
2927,2025-01-06,P008,WH-NE,72,71,1,3976.0
2928,2025-01-13,P008,WH-NE,69,69,0,3864.0
2929,2025-01-20,P008,WH-NE,73,72,1,4032.0
2930,2025-01-27,P008,WH-NE,63,62,1,3472.0
2931,2025-02-03,P008,WH-NE,55,54,1,3024.0
2932,2025-02-10,P008,WH-NE,66,65,1,3640.0
2933,2025-02-17,P008,WH-NE,56,55,1,3080.0
2934,2025-02-24,P008,WH-NE,52,51,1,2856.0
2935,2025-03-03,P008,WH-NE,58,51,7,2856.0
2936,2025-03-10,P008,WH-NE,57,57,0,3192.0
2937,2025-03-17,P008,WH-NE,56,55,1,3080.0
2938,2025-03-24,P008,WH-NE,58,57,1,3192.0
2939,2025-03-31,P008,WH-NE,51,51,0,2856.0
2940,2025-04-07,P008,WH-NE,43,38,5,2128.0
2941,2025-04-14,P008,WH-NE,48,47,1,2632.0
2942,2025-04-21,P008,WH-NE,47,47,0,2632.0
2943,2025-04-28,P008,WH-NE,42,39,3,2184.0
2944,2025-05-05,P008,WH-NE,44,43,1,2408.0
2945,2025-05-12,P008,WH-NE,47,47,0,2632.0
2946,2025-05-19,P008,WH-NE,44,44,0,2464.0
2947,2025-05-26,P008,WH-NE,57,52,5,2912.0
2948,2025-06-02,P008,WH-NE,48,48,0,2688.0
2949,2025-06-09,P008,WH-NE,49,48,1,2688.0
2950,2025-06-16,P008,WH-NE,55,55,0,3080.0
2951,2025-06-23,P008,WH-NE,53,52,1,2912.0
2952,2025-06-30,P008,WH-NE,66,57,9,3192.0
2953,2025-07-07,P008,WH-NE,64,61,3,3416.0
2954,2025-07-14,P008,WH-NE,63,62,1,3472.0
2955,2025-07-21,P008,WH-NE,75,75,0,4200.0
2956,2025-07-28,P008,WH-NE,61,60,1,3360.0
2957,2025-08-04,P008,WH-NE,68,60,8,3360.0
2958,2025-08-11,P008,WH-NE,78,76,2,4256.0
2959,2025-08-18,P008,WH-NE,62,62,0,3472.0
2960,2025-08-25,P008,WH-NE,98,98,0,5488.0
2961,2025-09-01,P008,WH-NE,85,83,2,4648.0
2962,2025-09-08,P008,WH-NE,99,82,17,4592.0
2963,2025-09-15,P008,WH-NE,105,104,1,5824.0
2964,2025-09-22,P008,WH-NE,99,88,11,4928.0
2965,2025-09-29,P008,WH-NE,104,102,2,5712.0
2966,2025-10-06,P008,WH-NE,108,107,1,5992.0
2967,2025-10-13,P008,WH-NE,97,97,0,5432.0
2968,2025-10-20,P008,WH-NE,95,95,0,5320.0
2969,2025-10-27,P008,WH-NE,104,103,1,5768.0
2970,2025-11-03,P008,WH-NE,98,96,2,5376.0
2971,2025-11-10,P008,WH-NE,85,85,0,4760.0
2972,2025-11-17,P008,WH-NE,94,93,1,5208.0
2973,2025-11-24,P008,WH-NE,85,84,1,4704.0
2974,2025-12-01,P008,WH-NE,78,66,12,3696.0
2975,2025-12-08,P008,WH-NE,89,88,1,4928.0
2976,2025-12-15,P008,WH-NE,78,77,1,4312.0
2977,2025-12-22,P008,WH-NE,82,81,1,4536.0
2978,2025-12-29,P008,WH-NE,67,67,0,3752.0
2979,2026-01-05,P008,WH-NE,84,84,0,4704.0
2980,2026-01-12,P008,WH-NE,74,72,2,4032.0
2981,2026-01-19,P008,WH-NE,82,82,0,4592.0
2982,2026-01-26,P008,WH-NE,62,61,1,3416.0
2983,2026-02-02,P008,WH-NE,58,57,1,3192.0
2984,2026-02-09,P008,WH-NE,61,60,1,3360.0
2985,2026-02-16,P008,WH-NE,63,62,1,3472.0
2986,2026-02-23,P008,WH-NE,69,69,0,3864.0
2987,2026-03-02,P008,WH-NE,61,53,8,2968.0
2988,2026-03-09,P008,WH-NE,61,60,1,3360.0
2989,2026-03-16,P008,WH-NE,55,46,9,2576.0
2990,2026-03-23,P008,WH-NE,52,51,1,2856.0
2991,2026-03-30,P008,WH-NE,46,45,1,2520.0
2992,2026-04-06,P008,WH-NE,50,49,1,2744.0
2993,2026-04-13,P008,WH-NE,51,50,1,2800.0
2994,2026-04-20,P008,WH-NE,52,51,1,2856.0
2995,2026-04-27,P008,WH-NE,54,54,0,3024.0
2996,2026-05-04,P008,WH-NE,52,51,1,2856.0
2997,2026-05-11,P008,WH-NE,53,52,1,2912.0
2998,2026-05-18,P008,WH-NE,47,46,1,2576.0
2999,2026-05-25,P008,WH-NE,45,45,0,2520.0
3000,2026-06-01,P008,WH-NE,54,53,1,2968.0
3001,2026-06-08,P008,WH-NE,53,53,0,2968.0
3002,2026-06-15,P008,WH-NE,50,50,0,2800.0
3003,2026-06-22,P008,WH-NE,66,65,1,3640.0
3004,2026-06-29,P008,WH-NE,66,65,1,3640.0
3005,2026-07-06,P008,WH-NE,70,69,1,3864.0
3006,2026-07-13,P008,WH-NE,72,71,1,3976.0
3007,2026-07-20,P008,WH-NE,73,71,2,3976.0
3008,2026-07-27,P008,WH-NE,72,71,1,3976.0
3009,2026-08-03,P008,WH-NE,73,67,6,3752.0
3010,2026-08-10,P008,WH-NE,91,90,1,5040.0
3011,2026-08-17,P008,WH-NE,97,95,2,5320.0
3012,2026-08-24,P008,WH-NE,90,89,1,4984.0
3013,2026-08-31,P008,WH-NE,86,84,2,4704.0
3014,2026-09-07,P008,WH-NE,93,91,2,5096.0
3015,2026-09-14,P008,WH-NE,110,109,1,6104.0
3016,2026-09-21,P008,WH-NE,109,108,1,6048.0
3017,2024-09-30,P008,WH-SE,75,73,2,4088.0
3018,2024-10-07,P008,WH-SE,71,60,11,3360.0
3019,2024-10-14,P008,WH-SE,81,80,1,4480.0
3020,2024-10-21,P008,WH-SE,89,87,2,4872.0
3021,2024-10-28,P008,WH-SE,84,83,1,4648.0
3022,2024-11-04,P008,WH-SE,72,72,0,4032.0
3023,2024-11-11,P008,WH-SE,72,72,0,4032.0
3024,2024-11-18,P008,WH-SE,81,80,1,4480.0
3025,2024-11-25,P008,WH-SE,81,80,1,4480.0
3026,2024-12-02,P008,WH-SE,78,77,1,4312.0
3027,2024-12-09,P008,WH-SE,70,69,1,3864.0
3028,2024-12-16,P008,WH-SE,65,64,1,3584.0
3029,2024-12-23,P008,WH-SE,67,66,1,3696.0
3030,2024-12-30,P008,WH-SE,73,73,0,4088.0
3031,2025-01-06,P008,WH-SE,73,71,2,3976.0
3032,2025-01-13,P008,WH-SE,56,52,4,2912.0
3033,2025-01-20,P008,WH-SE,66,66,0,3696.0
3034,2025-01-27,P008,WH-SE,54,53,1,2968.0
3035,2025-02-03,P008,WH-SE,62,61,1,3416.0
3036,2025-02-10,P008,WH-SE,55,55,0,3080.0
3037,2025-02-17,P008,WH-SE,48,47,1,2632.0
3038,2025-02-24,P008,WH-SE,46,46,0,2576.0
3039,2025-03-03,P008,WH-SE,55,54,1,3024.0
3040,2025-03-10,P008,WH-SE,40,40,0,2240.0
3041,2025-03-17,P008,WH-SE,45,44,1,2464.0
3042,2025-03-24,P008,WH-SE,42,42,0,2352.0
3043,2025-03-31,P008,WH-SE,45,45,0,2520.0
3044,2025-04-07,P008,WH-SE,35,34,1,1904.0
3045,2025-04-14,P008,WH-SE,38,38,0,2128.0
3046,2025-04-21,P008,WH-SE,36,36,0,2016.0
3047,2025-04-28,P008,WH-SE,39,39,0,2184.0
3048,2025-05-05,P008,WH-SE,42,42,0,2352.0
3049,2025-05-12,P008,WH-SE,40,39,1,2184.0
3050,2025-05-19,P008,WH-SE,43,43,0,2408.0
3051,2025-05-26,P008,WH-SE,45,45,0,2520.0
3052,2025-06-02,P008,WH-SE,54,53,1,2968.0
3053,2025-06-09,P008,WH-SE,50,44,6,2464.0
3054,2025-06-16,P008,WH-SE,52,52,0,2912.0
3055,2025-06-23,P008,WH-SE,46,45,1,2520.0
3056,2025-06-30,P008,WH-SE,54,53,1,2968.0
3057,2025-07-07,P008,WH-SE,53,52,1,2912.0
3058,2025-07-14,P008,WH-SE,55,54,1,3024.0
3059,2025-07-21,P008,WH-SE,59,58,1,3248.0
3060,2025-07-28,P008,WH-SE,61,60,1,3360.0
3061,2025-08-04,P008,WH-SE,62,61,1,3416.0
3062,2025-08-11,P008,WH-SE,61,54,7,3024.0
3063,2025-08-18,P008,WH-SE,60,59,1,3304.0
3064,2025-08-25,P008,WH-SE,73,72,1,4032.0
3065,2025-09-01,P008,WH-SE,77,75,2,4200.0
3066,2025-09-08,P008,WH-SE,74,73,1,4088.0
3067,2025-09-15,P008,WH-SE,84,83,1,4648.0
3068,2025-09-22,P008,WH-SE,85,84,1,4704.0
3069,2025-09-29,P008,WH-SE,91,90,1,5040.0
3070,2025-10-06,P008,WH-SE,93,84,9,4704.0
3071,2025-10-13,P008,WH-SE,62,61,1,3416.0
3072,2025-10-20,P008,WH-SE,90,89,1,4984.0
3073,2025-10-27,P008,WH-SE,91,89,2,4984.0
3074,2025-11-03,P008,WH-SE,82,77,5,4312.0
3075,2025-11-10,P008,WH-SE,93,92,1,5152.0
3076,2025-11-17,P008,WH-SE,81,80,1,4480.0
3077,2025-11-24,P008,WH-SE,81,80,1,4480.0
3078,2025-12-01,P008,WH-SE,74,73,1,4088.0
3079,2025-12-08,P008,WH-SE,86,85,1,4760.0
3080,2025-12-15,P008,WH-SE,84,82,2,4592.0
3081,2025-12-22,P008,WH-SE,68,67,1,3752.0
3082,2025-12-29,P008,WH-SE,72,71,1,3976.0
3083,2026-01-05,P008,WH-SE,71,71,0,3976.0
3084,2026-01-12,P008,WH-SE,67,66,1,3696.0
3085,2026-01-19,P008,WH-SE,70,69,1,3864.0
3086,2026-01-26,P008,WH-SE,67,66,1,3696.0
3087,2026-02-02,P008,WH-SE,60,59,1,3304.0
3088,2026-02-09,P008,WH-SE,61,60,1,3360.0
3089,2026-02-16,P008,WH-SE,52,52,0,2912.0
3090,2026-02-23,P008,WH-SE,62,57,5,3192.0
3091,2026-03-02,P008,WH-SE,54,53,1,2968.0
3092,2026-03-09,P008,WH-SE,40,40,0,2240.0
3093,2026-03-16,P008,WH-SE,52,52,0,2912.0
3094,2026-03-23,P008,WH-SE,47,46,1,2576.0
3095,2026-03-30,P008,WH-SE,47,47,0,2632.0
3096,2026-04-06,P008,WH-SE,38,38,0,2128.0
3097,2026-04-13,P008,WH-SE,41,40,1,2240.0
3098,2026-04-20,P008,WH-SE,57,57,0,3192.0
3099,2026-04-27,P008,WH-SE,43,43,0,2408.0
3100,2026-05-04,P008,WH-SE,41,40,1,2240.0
3101,2026-05-11,P008,WH-SE,42,41,1,2296.0
3102,2026-05-18,P008,WH-SE,31,30,1,1680.0
3103,2026-05-25,P008,WH-SE,43,43,0,2408.0
3104,2026-06-01,P008,WH-SE,41,41,0,2296.0
3105,2026-06-08,P008,WH-SE,54,53,1,2968.0
3106,2026-06-15,P008,WH-SE,49,48,1,2688.0
3107,2026-06-22,P008,WH-SE,48,48,0,2688.0
3108,2026-06-29,P008,WH-SE,49,49,0,2744.0
3109,2026-07-06,P008,WH-SE,56,55,1,3080.0
3110,2026-07-13,P008,WH-SE,72,72,0,4032.0
3111,2026-07-20,P008,WH-SE,64,63,1,3528.0
3112,2026-07-27,P008,WH-SE,66,65,1,3640.0
3113,2026-08-03,P008,WH-SE,74,74,0,4144.0
3114,2026-08-10,P008,WH-SE,73,63,10,3528.0
3115,2026-08-17,P008,WH-SE,75,74,1,4144.0
3116,2026-08-24,P008,WH-SE,87,86,1,4816.0
3117,2026-08-31,P008,WH-SE,86,84,2,4704.0
3118,2026-09-07,P008,WH-SE,83,82,1,4592.0
3119,2026-09-14,P008,WH-SE,81,81,0,4536.0
3120,2026-09-21,P008,WH-SE,99,99,0,5544.0
3121,2024-09-30,P008,WH-MW,68,68,0,3808.0
3122,2024-10-07,P008,WH-MW,85,84,1,4704.0
3123,2024-10-14,P008,WH-MW,79,78,1,4368.0
3124,2024-10-21,P008,WH-MW,94,93,1,5208.0
3125,2024-10-28,P008,WH-MW,73,71,2,3976.0
3126,2024-11-04,P008,WH-MW,75,74,1,4144.0
3127,2024-11-11,P008,WH-MW,95,94,1,5264.0
3128,2024-11-18,P008,WH-MW,76,75,1,4200.0
3129,2024-11-25,P008,WH-MW,77,76,1,4256.0
3130,2024-12-02,P008,WH-MW,68,67,1,3752.0
3131,2024-12-09,P008,WH-MW,78,76,2,4256.0
3132,2024-12-16,P008,WH-MW,80,79,1,4424.0
3133,2024-12-23,P008,WH-MW,76,76,0,4256.0
3134,2024-12-30,P008,WH-MW,71,64,7,3584.0
3135,2025-01-06,P008,WH-MW,65,64,1,3584.0
3136,2025-01-13,P008,WH-MW,61,60,1,3360.0
3137,2025-01-20,P008,WH-MW,67,67,0,3752.0
3138,2025-01-27,P008,WH-MW,57,56,1,3136.0
3139,2025-02-03,P008,WH-MW,61,61,0,3416.0
3140,2025-02-10,P008,WH-MW,52,52,0,2912.0
3141,2025-02-17,P008,WH-MW,56,55,1,3080.0
3142,2025-02-24,P008,WH-MW,51,51,0,2856.0
3143,2025-03-03,P008,WH-MW,49,49,0,2744.0
3144,2025-03-10,P008,WH-MW,39,38,1,2128.0
3145,2025-03-17,P008,WH-MW,44,39,5,2184.0
3146,2025-03-24,P008,WH-MW,45,45,0,2520.0
3147,2025-03-31,P008,WH-MW,41,40,1,2240.0
3148,2025-04-07,P008,WH-MW,42,42,0,2352.0
3149,2025-04-14,P008,WH-MW,48,47,1,2632.0
3150,2025-04-21,P008,WH-MW,42,42,0,2352.0
3151,2025-04-28,P008,WH-MW,41,40,1,2240.0
3152,2025-05-05,P008,WH-MW,40,40,0,2240.0
3153,2025-05-12,P008,WH-MW,54,54,0,3024.0
3154,2025-05-19,P008,WH-MW,37,37,0,2072.0
3155,2025-05-26,P008,WH-MW,48,47,1,2632.0
3156,2025-06-02,P008,WH-MW,52,51,1,2856.0
3157,2025-06-09,P008,WH-MW,52,52,0,2912.0
3158,2025-06-16,P008,WH-MW,49,48,1,2688.0
3159,2025-06-23,P008,WH-MW,47,47,0,2632.0
3160,2025-06-30,P008,WH-MW,56,55,1,3080.0
3161,2025-07-07,P008,WH-MW,61,60,1,3360.0
3162,2025-07-14,P008,WH-MW,62,61,1,3416.0
3163,2025-07-21,P008,WH-MW,78,78,0,4368.0
3164,2025-07-28,P008,WH-MW,61,60,1,3360.0
3165,2025-08-04,P008,WH-MW,63,61,2,3416.0
3166,2025-08-11,P008,WH-MW,83,82,1,4592.0
3167,2025-08-18,P008,WH-MW,72,72,0,4032.0
3168,2025-08-25,P008,WH-MW,65,65,0,3640.0
3169,2025-09-01,P008,WH-MW,92,92,0,5152.0
3170,2025-09-08,P008,WH-MW,86,86,0,4816.0
3171,2025-09-15,P008,WH-MW,101,100,1,5600.0
3172,2025-09-22,P008,WH-MW,86,86,0,4816.0
3173,2025-09-29,P008,WH-MW,95,94,1,5264.0
3174,2025-10-06,P008,WH-MW,87,85,2,4760.0
3175,2025-10-13,P008,WH-MW,81,80,1,4480.0
3176,2025-10-20,P008,WH-MW,91,90,1,5040.0
3177,2025-10-27,P008,WH-MW,84,82,2,4592.0
3178,2025-11-03,P008,WH-MW,83,81,2,4536.0
3179,2025-11-10,P008,WH-MW,83,82,1,4592.0
3180,2025-11-17,P008,WH-MW,90,90,0,5040.0
3181,2025-11-24,P008,WH-MW,78,78,0,4368.0
3182,2025-12-01,P008,WH-MW,89,87,2,4872.0
3183,2025-12-08,P008,WH-MW,77,76,1,4256.0
3184,2025-12-15,P008,WH-MW,78,77,1,4312.0
3185,2025-12-22,P008,WH-MW,87,86,1,4816.0
3186,2025-12-29,P008,WH-MW,79,75,4,4200.0
3187,2026-01-05,P008,WH-MW,75,73,2,4088.0
3188,2026-01-12,P008,WH-MW,80,78,2,4368.0
3189,2026-01-19,P008,WH-MW,65,64,1,3584.0
3190,2026-01-26,P008,WH-MW,54,49,5,2744.0
3191,2026-02-02,P008,WH-MW,62,61,1,3416.0
3192,2026-02-09,P008,WH-MW,57,56,1,3136.0
3193,2026-02-16,P008,WH-MW,69,68,1,3808.0
3194,2026-02-23,P008,WH-MW,51,51,0,2856.0
3195,2026-03-02,P008,WH-MW,50,50,0,2800.0
3196,2026-03-09,P008,WH-MW,45,45,0,2520.0
3197,2026-03-16,P008,WH-MW,51,46,5,2576.0
3198,2026-03-23,P008,WH-MW,47,47,0,2632.0
3199,2026-03-30,P008,WH-MW,45,45,0,2520.0
3200,2026-04-06,P008,WH-MW,41,41,0,2296.0
3201,2026-04-13,P008,WH-MW,40,39,1,2184.0
3202,2026-04-20,P008,WH-MW,54,53,1,2968.0
3203,2026-04-27,P008,WH-MW,50,49,1,2744.0
3204,2026-05-04,P008,WH-MW,40,39,1,2184.0
3205,2026-05-11,P008,WH-MW,43,43,0,2408.0
3206,2026-05-18,P008,WH-MW,47,47,0,2632.0
3207,2026-05-25,P008,WH-MW,45,45,0,2520.0
3208,2026-06-01,P008,WH-MW,52,52,0,2912.0
3209,2026-06-08,P008,WH-MW,51,51,0,2856.0
3210,2026-06-15,P008,WH-MW,47,43,4,2408.0
3211,2026-06-22,P008,WH-MW,50,49,1,2744.0
3212,2026-06-29,P008,WH-MW,57,57,0,3192.0
3213,2026-07-06,P008,WH-MW,64,63,1,3528.0
3214,2026-07-13,P008,WH-MW,59,58,1,3248.0
3215,2026-07-20,P008,WH-MW,63,62,1,3472.0
3216,2026-07-27,P008,WH-MW,77,76,1,4256.0
3217,2026-08-03,P008,WH-MW,70,68,2,3808.0
3218,2026-08-10,P008,WH-MW,95,94,1,5264.0
3219,2026-08-17,P008,WH-MW,84,83,1,4648.0
3220,2026-08-24,P008,WH-MW,80,79,1,4424.0
3221,2026-08-31,P008,WH-MW,84,83,1,4648.0
3222,2026-09-07,P008,WH-MW,78,77,1,4312.0
3223,2026-09-14,P008,WH-MW,81,68,13,3808.0
3224,2026-09-21,P008,WH-MW,100,98,2,5488.0
3225,2024-09-30,P008,WH-W,81,79,2,4424.0
3226,2024-10-07,P008,WH-W,86,85,1,4760.0
3227,2024-10-14,P008,WH-W,69,68,1,3808.0
3228,2024-10-21,P008,WH-W,66,66,0,3696.0
3229,2024-10-28,P008,WH-W,84,83,1,4648.0
3230,2024-11-04,P008,WH-W,80,78,2,4368.0
3231,2024-11-11,P008,WH-W,79,70,9,3920.0
3232,2024-11-18,P008,WH-W,74,74,0,4144.0
3233,2024-11-25,P008,WH-W,70,69,1,3864.0
3234,2024-12-02,P008,WH-W,76,75,1,4200.0
3235,2024-12-09,P008,WH-W,79,79,0,4424.0
3236,2024-12-16,P008,WH-W,72,71,1,3976.0
3237,2024-12-23,P008,WH-W,75,64,11,3584.0
3238,2024-12-30,P008,WH-W,67,67,0,3752.0
3239,2025-01-06,P008,WH-W,68,67,1,3752.0
3240,2025-01-13,P008,WH-W,59,58,1,3248.0
3241,2025-01-20,P008,WH-W,53,52,1,2912.0
3242,2025-01-27,P008,WH-W,56,56,0,3136.0
3243,2025-02-03,P008,WH-W,39,38,1,2128.0
3244,2025-02-10,P008,WH-W,57,56,1,3136.0
3245,2025-02-17,P008,WH-W,48,47,1,2632.0
3246,2025-02-24,P008,WH-W,45,43,2,2408.0
3247,2025-03-03,P008,WH-W,39,38,1,2128.0
3248,2025-03-10,P008,WH-W,40,40,0,2240.0
3249,2025-03-17,P008,WH-W,38,38,0,2128.0
3250,2025-03-24,P008,WH-W,35,35,0,1960.0
3251,2025-03-31,P008,WH-W,34,33,1,1848.0
3252,2025-04-07,P008,WH-W,43,43,0,2408.0
3253,2025-04-14,P008,WH-W,40,40,0,2240.0
3254,2025-04-21,P008,WH-W,29,28,1,1568.0
3255,2025-04-28,P008,WH-W,36,36,0,2016.0
3256,2025-05-05,P008,WH-W,38,38,0,2128.0
3257,2025-05-12,P008,WH-W,36,36,0,2016.0
3258,2025-05-19,P008,WH-W,42,41,1,2296.0
3259,2025-05-26,P008,WH-W,41,40,1,2240.0
3260,2025-06-02,P008,WH-W,59,58,1,3248.0
3261,2025-06-09,P008,WH-W,45,45,0,2520.0
3262,2025-06-16,P008,WH-W,50,50,0,2800.0
3263,2025-06-23,P008,WH-W,47,46,1,2576.0
3264,2025-06-30,P008,WH-W,41,40,1,2240.0
3265,2025-07-07,P008,WH-W,50,49,1,2744.0
3266,2025-07-14,P008,WH-W,59,50,9,2800.0
3267,2025-07-21,P008,WH-W,53,52,1,2912.0
3268,2025-07-28,P008,WH-W,64,63,1,3528.0
3269,2025-08-04,P008,WH-W,59,58,1,3248.0
3270,2025-08-11,P008,WH-W,64,63,1,3528.0
3271,2025-08-18,P008,WH-W,69,68,1,3808.0
3272,2025-08-25,P008,WH-W,68,68,0,3808.0
3273,2025-09-01,P008,WH-W,64,62,2,3472.0
3274,2025-09-08,P008,WH-W,80,79,1,4424.0
3275,2025-09-15,P008,WH-W,79,76,3,4256.0
3276,2025-09-22,P008,WH-W,72,71,1,3976.0
3277,2025-09-29,P008,WH-W,76,74,2,4144.0
3278,2025-10-06,P008,WH-W,89,88,1,4928.0
3279,2025-10-13,P008,WH-W,75,75,0,4200.0
3280,2025-10-20,P008,WH-W,82,72,10,4032.0
3281,2025-10-27,P008,WH-W,102,101,1,5656.0
3282,2025-11-03,P008,WH-W,88,88,0,4928.0
3283,2025-11-10,P008,WH-W,71,69,2,3864.0
3284,2025-11-17,P008,WH-W,85,83,2,4648.0
3285,2025-11-24,P008,WH-W,78,76,2,4256.0
3286,2025-12-01,P008,WH-W,86,85,1,4760.0
3287,2025-12-08,P008,WH-W,66,66,0,3696.0
3288,2025-12-15,P008,WH-W,83,82,1,4592.0
3289,2025-12-22,P008,WH-W,76,74,2,4144.0
3290,2025-12-29,P008,WH-W,74,73,1,4088.0
3291,2026-01-05,P008,WH-W,63,62,1,3472.0
3292,2026-01-12,P008,WH-W,51,50,1,2800.0
3293,2026-01-19,P008,WH-W,57,56,1,3136.0
3294,2026-01-26,P008,WH-W,58,57,1,3192.0
3295,2026-02-02,P008,WH-W,46,45,1,2520.0
3296,2026-02-09,P008,WH-W,51,51,0,2856.0
3297,2026-02-16,P008,WH-W,58,58,0,3248.0
3298,2026-02-23,P008,WH-W,49,48,1,2688.0
3299,2026-03-02,P008,WH-W,48,48,0,2688.0
3300,2026-03-09,P008,WH-W,37,37,0,2072.0
3301,2026-03-16,P008,WH-W,45,45,0,2520.0
3302,2026-03-23,P008,WH-W,37,37,0,2072.0
3303,2026-03-30,P008,WH-W,42,42,0,2352.0
3304,2026-04-06,P008,WH-W,41,41,0,2296.0
3305,2026-04-13,P008,WH-W,43,38,5,2128.0
3306,2026-04-20,P008,WH-W,39,39,0,2184.0
3307,2026-04-27,P008,WH-W,47,47,0,2632.0
3308,2026-05-04,P008,WH-W,40,37,3,2072.0
3309,2026-05-11,P008,WH-W,39,38,1,2128.0
3310,2026-05-18,P008,WH-W,42,42,0,2352.0
3311,2026-05-25,P008,WH-W,37,37,0,2072.0
3312,2026-06-01,P008,WH-W,42,42,0,2352.0
3313,2026-06-08,P008,WH-W,44,44,0,2464.0
3314,2026-06-15,P008,WH-W,41,41,0,2296.0
3315,2026-06-22,P008,WH-W,50,50,0,2800.0
3316,2026-06-29,P008,WH-W,51,50,1,2800.0
3317,2026-07-06,P008,WH-W,51,51,0,2856.0
3318,2026-07-13,P008,WH-W,56,55,1,3080.0
3319,2026-07-20,P008,WH-W,62,62,0,3472.0
3320,2026-07-27,P008,WH-W,66,65,1,3640.0
3321,2026-08-03,P008,WH-W,56,55,1,3080.0
3322,2026-08-10,P008,WH-W,70,70,0,3920.0
3323,2026-08-17,P008,WH-W,72,69,3,3864.0
3324,2026-08-24,P008,WH-W,75,75,0,4200.0
3325,2026-08-31,P008,WH-W,79,79,0,4424.0
3326,2026-09-07,P008,WH-W,80,79,1,4424.0
3327,2026-09-14,P008,WH-W,87,86,1,4816.0
3328,2026-09-21,P008,WH-W,67,66,1,3696.0
3329,2024-09-30,P009,WH-NE,91,90,1,1575.0
3330,2024-10-07,P009,WH-NE,83,81,2,1417.5
3331,2024-10-14,P009,WH-NE,89,87,2,1522.5
3332,2024-10-21,P009,WH-NE,101,99,2,1732.5
3333,2024-10-28,P009,WH-NE,105,103,2,1802.5
3334,2024-11-04,P009,WH-NE,99,98,1,1715.0
3335,2024-11-11,P009,WH-NE,88,86,2,1505.0
3336,2024-11-18,P009,WH-NE,103,101,2,1767.5
3337,2024-11-25,P009,WH-NE,87,82,5,1435.0
3338,2024-12-02,P009,WH-NE,89,88,1,1540.0
3339,2024-12-09,P009,WH-NE,94,79,15,1382.5
3340,2024-12-16,P009,WH-NE,103,102,1,1785.0
3341,2024-12-23,P009,WH-NE,101,88,13,1540.0
3342,2024-12-30,P009,WH-NE,115,114,1,1995.0
3343,2025-01-06,P009,WH-NE,102,101,1,1767.5
3344,2025-01-13,P009,WH-NE,93,92,1,1610.0
3345,2025-01-20,P009,WH-NE,96,96,0,1680.0
3346,2025-01-27,P009,WH-NE,92,92,0,1610.0
3347,2025-02-03,P009,WH-NE,94,92,2,1610.0
3348,2025-02-10,P009,WH-NE,90,88,2,1540.0
3349,2025-02-17,P009,WH-NE,84,83,1,1452.5
3350,2025-02-24,P009,WH-NE,92,92,0,1610.0
3351,2025-03-03,P009,WH-NE,86,84,2,1470.0
3352,2025-03-10,P009,WH-NE,86,85,1,1487.5
3353,2025-03-17,P009,WH-NE,95,93,2,1627.5
3354,2025-03-24,P009,WH-NE,91,89,2,1557.5
3355,2025-03-31,P009,WH-NE,72,68,4,1190.0
3356,2025-04-07,P009,WH-NE,90,89,1,1557.5
3357,2025-04-14,P009,WH-NE,83,83,0,1452.5
3358,2025-04-21,P009,WH-NE,82,81,1,1417.5
3359,2025-04-28,P009,WH-NE,93,91,2,1592.5
3360,2025-05-05,P009,WH-NE,84,82,2,1435.0
3361,2025-05-12,P009,WH-NE,80,72,8,1260.0
3362,2025-05-19,P009,WH-NE,75,74,1,1295.0
3363,2025-05-26,P009,WH-NE,97,89,8,1557.5
3364,2025-06-02,P009,WH-NE,104,103,1,1802.5
3365,2025-06-09,P009,WH-NE,97,96,1,1680.0
3366,2025-06-16,P009,WH-NE,83,81,2,1417.5
3367,2025-06-23,P009,WH-NE,101,100,1,1750.0
3368,2025-06-30,P009,WH-NE,98,97,1,1697.5
3369,2025-07-07,P009,WH-NE,97,96,1,1680.0
3370,2025-07-14,P009,WH-NE,97,83,14,1452.5
3371,2025-07-21,P009,WH-NE,79,79,0,1382.5
3372,2025-07-28,P009,WH-NE,100,98,2,1715.0
3373,2025-08-04,P009,WH-NE,100,100,0,1750.0
3374,2025-08-11,P009,WH-NE,96,95,1,1662.5
3375,2025-08-18,P009,WH-NE,94,93,1,1627.5
3376,2025-08-25,P009,WH-NE,97,97,0,1697.5
3377,2025-09-01,P009,WH-NE,93,91,2,1592.5
3378,2025-09-08,P009,WH-NE,93,92,1,1610.0
3379,2025-09-15,P009,WH-NE,106,104,2,1820.0
3380,2025-09-22,P009,WH-NE,95,94,1,1645.0
3381,2025-09-29,P009,WH-NE,96,94,2,1645.0
3382,2025-10-06,P009,WH-NE,115,112,3,1960.0
3383,2025-10-13,P009,WH-NE,124,124,0,2170.0
3384,2025-10-20,P009,WH-NE,115,113,2,1977.5
3385,2025-10-27,P009,WH-NE,110,110,0,1925.0
3386,2025-11-03,P009,WH-NE,95,93,2,1627.5
3387,2025-11-10,P009,WH-NE,107,105,2,1837.5
3388,2025-11-17,P009,WH-NE,99,98,1,1715.0
3389,2025-11-24,P009,WH-NE,111,111,0,1942.5
3390,2025-12-01,P009,WH-NE,110,109,1,1907.5
3391,2025-12-08,P009,WH-NE,99,98,1,1715.0
3392,2025-12-15,P009,WH-NE,128,125,3,2187.5
3393,2025-12-22,P009,WH-NE,108,107,1,1872.5
3394,2025-12-29,P009,WH-NE,81,81,0,1417.5
3395,2026-01-05,P009,WH-NE,107,107,0,1872.5
3396,2026-01-12,P009,WH-NE,100,99,1,1732.5
3397,2026-01-19,P009,WH-NE,96,94,2,1645.0
3398,2026-01-26,P009,WH-NE,99,97,2,1697.5
3399,2026-02-02,P009,WH-NE,87,86,1,1505.0
3400,2026-02-09,P009,WH-NE,93,91,2,1592.5
3401,2026-02-16,P009,WH-NE,106,105,1,1837.5
3402,2026-02-23,P009,WH-NE,90,89,1,1557.5
3403,2026-03-02,P009,WH-NE,92,90,2,1575.0
3404,2026-03-09,P009,WH-NE,77,77,0,1347.5
3405,2026-03-16,P009,WH-NE,89,88,1,1540.0
3406,2026-03-23,P009,WH-NE,83,82,1,1435.0
3407,2026-03-30,P009,WH-NE,84,83,1,1452.5
3408,2026-04-06,P009,WH-NE,86,85,1,1487.5
3409,2026-04-13,P009,WH-NE,82,82,0,1435.0
3410,2026-04-20,P009,WH-NE,98,97,1,1697.5
3411,2026-04-27,P009,WH-NE,86,86,0,1505.0
3412,2026-05-04,P009,WH-NE,95,95,0,1662.5
3413,2026-05-11,P009,WH-NE,94,79,15,1382.5
3414,2026-05-18,P009,WH-NE,81,81,0,1417.5
3415,2026-05-25,P009,WH-NE,83,82,1,1435.0
3416,2026-06-01,P009,WH-NE,93,92,1,1610.0
3417,2026-06-08,P009,WH-NE,94,93,1,1627.5
3418,2026-06-15,P009,WH-NE,88,87,1,1522.5
3419,2026-06-22,P009,WH-NE,95,94,1,1645.0
3420,2026-06-29,P009,WH-NE,103,102,1,1785.0
3421,2026-07-06,P009,WH-NE,97,95,2,1662.5
3422,2026-07-13,P009,WH-NE,99,99,0,1732.5
3423,2026-07-20,P009,WH-NE,89,88,1,1540.0
3424,2026-07-27,P009,WH-NE,83,81,2,1417.5
3425,2026-08-03,P009,WH-NE,95,94,1,1645.0
3426,2026-08-10,P009,WH-NE,99,97,2,1697.5
3427,2026-08-17,P009,WH-NE,101,99,2,1732.5
3428,2026-08-24,P009,WH-NE,96,94,2,1645.0
3429,2026-08-31,P009,WH-NE,102,100,2,1750.0
3430,2026-09-07,P009,WH-NE,91,89,2,1557.5
3431,2026-09-14,P009,WH-NE,117,114,3,1995.0
3432,2026-09-21,P009,WH-NE,103,102,1,1785.0
3433,2024-09-30,P009,WH-SE,84,83,1,1452.5
3434,2024-10-07,P009,WH-SE,82,80,2,1400.0
3435,2024-10-14,P009,WH-SE,80,79,1,1382.5
3436,2024-10-21,P009,WH-SE,82,82,0,1435.0
3437,2024-10-28,P009,WH-SE,78,76,2,1330.0
3438,2024-11-04,P009,WH-SE,68,66,2,1155.0
3439,2024-11-11,P009,WH-SE,86,86,0,1505.0
3440,2024-11-18,P009,WH-SE,86,85,1,1487.5
3441,2024-11-25,P009,WH-SE,86,84,2,1470.0
3442,2024-12-02,P009,WH-SE,84,84,0,1470.0
3443,2024-12-09,P009,WH-SE,91,84,7,1470.0
3444,2024-12-16,P009,WH-SE,87,86,1,1505.0
3445,2024-12-23,P009,WH-SE,84,82,2,1435.0
3446,2024-12-30,P009,WH-SE,76,76,0,1330.0
3447,2025-01-06,P009,WH-SE,95,93,2,1627.5
3448,2025-01-13,P009,WH-SE,92,90,2,1575.0
3449,2025-01-20,P009,WH-SE,85,83,2,1452.5
3450,2025-01-27,P009,WH-SE,88,86,2,1505.0
3451,2025-02-03,P009,WH-SE,80,78,2,1365.0
3452,2025-02-10,P009,WH-SE,63,62,1,1085.0
3453,2025-02-17,P009,WH-SE,69,68,1,1190.0
3454,2025-02-24,P009,WH-SE,76,75,1,1312.5
3455,2025-03-03,P009,WH-SE,81,81,0,1417.5
3456,2025-03-10,P009,WH-SE,90,77,13,1347.5
3457,2025-03-17,P009,WH-SE,66,66,0,1155.0
3458,2025-03-24,P009,WH-SE,66,64,2,1120.0
3459,2025-03-31,P009,WH-SE,78,78,0,1365.0
3460,2025-04-07,P009,WH-SE,79,79,0,1382.5
3461,2025-04-14,P009,WH-SE,71,65,6,1137.5
3462,2025-04-21,P009,WH-SE,83,83,0,1452.5
3463,2025-04-28,P009,WH-SE,55,55,0,962.5
3464,2025-05-05,P009,WH-SE,68,67,1,1172.5
3465,2025-05-12,P009,WH-SE,83,82,1,1435.0
3466,2025-05-19,P009,WH-SE,78,77,1,1347.5
3467,2025-05-26,P009,WH-SE,89,88,1,1540.0
3468,2025-06-02,P009,WH-SE,83,83,0,1452.5
3469,2025-06-09,P009,WH-SE,73,71,2,1242.5
3470,2025-06-16,P009,WH-SE,75,75,0,1312.5
3471,2025-06-23,P009,WH-SE,68,67,1,1172.5
3472,2025-06-30,P009,WH-SE,83,81,2,1417.5
3473,2025-07-07,P009,WH-SE,68,63,5,1102.5
3474,2025-07-14,P009,WH-SE,75,73,2,1277.5
3475,2025-07-21,P009,WH-SE,73,72,1,1260.0
3476,2025-07-28,P009,WH-SE,82,80,2,1400.0
3477,2025-08-04,P009,WH-SE,82,80,2,1400.0
3478,2025-08-11,P009,WH-SE,92,92,0,1610.0
3479,2025-08-18,P009,WH-SE,94,93,1,1627.5
3480,2025-08-25,P009,WH-SE,83,82,1,1435.0
3481,2025-09-01,P009,WH-SE,84,82,2,1435.0
3482,2025-09-08,P009,WH-SE,82,81,1,1417.5
3483,2025-09-15,P009,WH-SE,87,86,1,1505.0
3484,2025-09-22,P009,WH-SE,85,85,0,1487.5
3485,2025-09-29,P009,WH-SE,88,86,2,1505.0
3486,2025-10-06,P009,WH-SE,86,85,1,1487.5
3487,2025-10-13,P009,WH-SE,85,83,2,1452.5
3488,2025-10-20,P009,WH-SE,87,87,0,1522.5
3489,2025-10-27,P009,WH-SE,73,73,0,1277.5
3490,2025-11-03,P009,WH-SE,89,87,2,1522.5
3491,2025-11-10,P009,WH-SE,77,77,0,1347.5
3492,2025-11-17,P009,WH-SE,94,92,2,1610.0
3493,2025-11-24,P009,WH-SE,94,93,1,1627.5
3494,2025-12-01,P009,WH-SE,93,92,1,1610.0
3495,2025-12-08,P009,WH-SE,81,80,1,1400.0
3496,2025-12-15,P009,WH-SE,98,97,1,1697.5
3497,2025-12-22,P009,WH-SE,99,97,2,1697.5
3498,2025-12-29,P009,WH-SE,86,85,1,1487.5
3499,2026-01-05,P009,WH-SE,87,87,0,1522.5
3500,2026-01-12,P009,WH-SE,90,88,2,1540.0
3501,2026-01-19,P009,WH-SE,96,95,1,1662.5
3502,2026-01-26,P009,WH-SE,82,82,0,1435.0
3503,2026-02-02,P009,WH-SE,90,89,1,1557.5
3504,2026-02-09,P009,WH-SE,91,91,0,1592.5
3505,2026-02-16,P009,WH-SE,82,81,1,1417.5
3506,2026-02-23,P009,WH-SE,80,78,2,1365.0
3507,2026-03-02,P009,WH-SE,90,89,1,1557.5
3508,2026-03-09,P009,WH-SE,82,81,1,1417.5
3509,2026-03-16,P009,WH-SE,80,80,0,1400.0
3510,2026-03-23,P009,WH-SE,78,77,1,1347.5
3511,2026-03-30,P009,WH-SE,84,72,12,1260.0
3512,2026-04-06,P009,WH-SE,86,86,0,1505.0
3513,2026-04-13,P009,WH-SE,73,73,0,1277.5
3514,2026-04-20,P009,WH-SE,98,97,1,1697.5
3515,2026-04-27,P009,WH-SE,97,96,1,1680.0
3516,2026-05-04,P009,WH-SE,74,74,0,1295.0
3517,2026-05-11,P009,WH-SE,72,72,0,1260.0
3518,2026-05-18,P009,WH-SE,91,91,0,1592.5
3519,2026-05-25,P009,WH-SE,74,74,0,1295.0
3520,2026-06-01,P009,WH-SE,75,74,1,1295.0
3521,2026-06-08,P009,WH-SE,80,80,0,1400.0
3522,2026-06-15,P009,WH-SE,79,78,1,1365.0
3523,2026-06-22,P009,WH-SE,88,88,0,1540.0
3524,2026-06-29,P009,WH-SE,92,91,1,1592.5
3525,2026-07-06,P009,WH-SE,91,90,1,1575.0
3526,2026-07-13,P009,WH-SE,86,84,2,1470.0
3527,2026-07-20,P009,WH-SE,84,82,2,1435.0
3528,2026-07-27,P009,WH-SE,90,88,2,1540.0
3529,2026-08-03,P009,WH-SE,83,83,0,1452.5
3530,2026-08-10,P009,WH-SE,101,100,1,1750.0
3531,2026-08-17,P009,WH-SE,91,90,1,1575.0
3532,2026-08-24,P009,WH-SE,83,83,0,1452.5
3533,2026-08-31,P009,WH-SE,92,91,1,1592.5
3534,2026-09-07,P009,WH-SE,89,88,1,1540.0
3535,2026-09-14,P009,WH-SE,83,81,2,1417.5
3536,2026-09-21,P009,WH-SE,90,89,1,1557.5
3537,2024-09-30,P009,WH-MW,76,74,2,1295.0
3538,2024-10-07,P009,WH-MW,87,86,1,1505.0
3539,2024-10-14,P009,WH-MW,99,98,1,1715.0
3540,2024-10-21,P009,WH-MW,104,104,0,1820.0
3541,2024-10-28,P009,WH-MW,98,97,1,1697.5
3542,2024-11-04,P009,WH-MW,81,80,1,1400.0
3543,2024-11-11,P009,WH-MW,97,96,1,1680.0
3544,2024-11-18,P009,WH-MW,96,94,2,1645.0
3545,2024-11-25,P009,WH-MW,86,85,1,1487.5
3546,2024-12-02,P009,WH-MW,90,90,0,1575.0
3547,2024-12-09,P009,WH-MW,86,85,1,1487.5
3548,2024-12-16,P009,WH-MW,109,107,2,1872.5
3549,2024-12-23,P009,WH-MW,106,104,2,1820.0
3550,2024-12-30,P009,WH-MW,90,90,0,1575.0
3551,2025-01-06,P009,WH-MW,81,81,0,1417.5
3552,2025-01-13,P009,WH-MW,89,87,2,1522.5
3553,2025-01-20,P009,WH-MW,96,96,0,1680.0
3554,2025-01-27,P009,WH-MW,82,81,1,1417.5
3555,2025-02-03,P009,WH-MW,92,91,1,1592.5
3556,2025-02-10,P009,WH-MW,84,82,2,1435.0
3557,2025-02-17,P009,WH-MW,82,81,1,1417.5
3558,2025-02-24,P009,WH-MW,81,79,2,1382.5
3559,2025-03-03,P009,WH-MW,90,89,1,1557.5
3560,2025-03-10,P009,WH-MW,82,82,0,1435.0
3561,2025-03-17,P009,WH-MW,87,86,1,1505.0
3562,2025-03-24,P009,WH-MW,79,78,1,1365.0
3563,2025-03-31,P009,WH-MW,78,77,1,1347.5
3564,2025-04-07,P009,WH-MW,80,70,10,1225.0
3565,2025-04-14,P009,WH-MW,86,84,2,1470.0
3566,2025-04-21,P009,WH-MW,90,88,2,1540.0
3567,2025-04-28,P009,WH-MW,73,72,1,1260.0
3568,2025-05-05,P009,WH-MW,68,67,1,1172.5
3569,2025-05-12,P009,WH-MW,85,83,2,1452.5
3570,2025-05-19,P009,WH-MW,83,82,1,1435.0
3571,2025-05-26,P009,WH-MW,97,96,1,1680.0
3572,2025-06-02,P009,WH-MW,94,93,1,1627.5
3573,2025-06-09,P009,WH-MW,89,88,1,1540.0
3574,2025-06-16,P009,WH-MW,86,84,2,1470.0
3575,2025-06-23,P009,WH-MW,70,69,1,1207.5
3576,2025-06-30,P009,WH-MW,88,81,7,1417.5
3577,2025-07-07,P009,WH-MW,78,76,2,1330.0
3578,2025-07-14,P009,WH-MW,81,81,0,1417.5
3579,2025-07-21,P009,WH-MW,94,93,1,1627.5
3580,2025-07-28,P009,WH-MW,95,93,2,1627.5
3581,2025-08-04,P009,WH-MW,97,95,2,1662.5
3582,2025-08-11,P009,WH-MW,88,87,1,1522.5
3583,2025-08-18,P009,WH-MW,85,83,2,1452.5
3584,2025-08-25,P009,WH-MW,99,98,1,1715.0
3585,2025-09-01,P009,WH-MW,104,103,1,1802.5
3586,2025-09-08,P009,WH-MW,96,94,2,1645.0
3587,2025-09-15,P009,WH-MW,90,89,1,1557.5
3588,2025-09-22,P009,WH-MW,76,75,1,1312.5
3589,2025-09-29,P009,WH-MW,95,95,0,1662.5
3590,2025-10-06,P009,WH-MW,103,102,1,1785.0
3591,2025-10-13,P009,WH-MW,101,101,0,1767.5
3592,2025-10-20,P009,WH-MW,108,107,1,1872.5
3593,2025-10-27,P009,WH-MW,100,99,1,1732.5
3594,2025-11-03,P009,WH-MW,117,115,2,2012.5
3595,2025-11-10,P009,WH-MW,97,97,0,1697.5
3596,2025-11-17,P009,WH-MW,99,97,2,1697.5
3597,2025-11-24,P009,WH-MW,105,104,1,1820.0
3598,2025-12-01,P009,WH-MW,97,96,1,1680.0
3599,2025-12-08,P009,WH-MW,119,119,0,2082.5
3600,2025-12-15,P009,WH-MW,95,94,1,1645.0
3601,2025-12-22,P009,WH-MW,95,95,0,1662.5
3602,2025-12-29,P009,WH-MW,110,109,1,1907.5
3603,2026-01-05,P009,WH-MW,111,111,0,1942.5
3604,2026-01-12,P009,WH-MW,102,102,0,1785.0
3605,2026-01-19,P009,WH-MW,112,111,1,1942.5
3606,2026-01-26,P009,WH-MW,86,84,2,1470.0
3607,2026-02-02,P009,WH-MW,89,88,1,1540.0
3608,2026-02-09,P009,WH-MW,97,96,1,1680.0
3609,2026-02-16,P009,WH-MW,87,86,1,1505.0
3610,2026-02-23,P009,WH-MW,95,95,0,1662.5
3611,2026-03-02,P009,WH-MW,93,91,2,1592.5
3612,2026-03-09,P009,WH-MW,95,94,1,1645.0
3613,2026-03-16,P009,WH-MW,80,79,1,1382.5
3614,2026-03-23,P009,WH-MW,88,87,1,1522.5
3615,2026-03-30,P009,WH-MW,77,77,0,1347.5
3616,2026-04-06,P009,WH-MW,84,83,1,1452.5
3617,2026-04-13,P009,WH-MW,99,97,2,1697.5
3618,2026-04-20,P009,WH-MW,84,83,1,1452.5
3619,2026-04-27,P009,WH-MW,94,94,0,1645.0
3620,2026-05-04,P009,WH-MW,90,85,5,1487.5
3621,2026-05-11,P009,WH-MW,77,75,2,1312.5
3622,2026-05-18,P009,WH-MW,91,89,2,1557.5
3623,2026-05-25,P009,WH-MW,86,86,0,1505.0
3624,2026-06-01,P009,WH-MW,82,82,0,1435.0
3625,2026-06-08,P009,WH-MW,80,79,1,1382.5
3626,2026-06-15,P009,WH-MW,89,88,1,1540.0
3627,2026-06-22,P009,WH-MW,93,92,1,1610.0
3628,2026-06-29,P009,WH-MW,97,95,2,1662.5
3629,2026-07-06,P009,WH-MW,95,95,0,1662.5
3630,2026-07-13,P009,WH-MW,91,91,0,1592.5
3631,2026-07-20,P009,WH-MW,88,88,0,1540.0
3632,2026-07-27,P009,WH-MW,91,90,1,1575.0
3633,2026-08-03,P009,WH-MW,106,104,2,1820.0
3634,2026-08-10,P009,WH-MW,74,73,1,1277.5
3635,2026-08-17,P009,WH-MW,94,93,1,1627.5
3636,2026-08-24,P009,WH-MW,82,80,2,1400.0
3637,2026-08-31,P009,WH-MW,115,113,2,1977.5
3638,2026-09-07,P009,WH-MW,91,89,2,1557.5
3639,2026-09-14,P009,WH-MW,101,99,2,1732.5
3640,2026-09-21,P009,WH-MW,97,95,2,1662.5
3641,2024-09-30,P009,WH-W,77,77,0,1347.5
3642,2024-10-07,P009,WH-W,82,81,1,1417.5
3643,2024-10-14,P009,WH-W,97,97,0,1697.5
3644,2024-10-21,P009,WH-W,75,74,1,1295.0
3645,2024-10-28,P009,WH-W,80,78,2,1365.0
3646,2024-11-04,P009,WH-W,83,82,1,1435.0
3647,2024-11-11,P009,WH-W,79,78,1,1365.0
3648,2024-11-18,P009,WH-W,93,92,1,1610.0
3649,2024-11-25,P009,WH-W,75,74,1,1295.0
3650,2024-12-02,P009,WH-W,65,64,1,1120.0
3651,2024-12-09,P009,WH-W,88,86,2,1505.0
3652,2024-12-16,P009,WH-W,77,76,1,1330.0
3653,2024-12-23,P009,WH-W,93,92,1,1610.0
3654,2024-12-30,P009,WH-W,73,71,2,1242.5
3655,2025-01-06,P009,WH-W,82,81,1,1417.5
3656,2025-01-13,P009,WH-W,97,96,1,1680.0
3657,2025-01-20,P009,WH-W,70,69,1,1207.5
3658,2025-01-27,P009,WH-W,83,82,1,1435.0
3659,2025-02-03,P009,WH-W,79,78,1,1365.0
3660,2025-02-10,P009,WH-W,84,84,0,1470.0
3661,2025-02-17,P009,WH-W,80,78,2,1365.0
3662,2025-02-24,P009,WH-W,62,61,1,1067.5
3663,2025-03-03,P009,WH-W,72,72,0,1260.0
3664,2025-03-10,P009,WH-W,71,71,0,1242.5
3665,2025-03-17,P009,WH-W,75,73,2,1277.5
3666,2025-03-24,P009,WH-W,82,81,1,1417.5
3667,2025-03-31,P009,WH-W,69,68,1,1190.0
3668,2025-04-07,P009,WH-W,60,51,9,892.5
3669,2025-04-14,P009,WH-W,68,67,1,1172.5
3670,2025-04-21,P009,WH-W,84,82,2,1435.0
3671,2025-04-28,P009,WH-W,67,67,0,1172.5
3672,2025-05-05,P009,WH-W,65,64,1,1120.0
3673,2025-05-12,P009,WH-W,65,65,0,1137.5
3674,2025-05-19,P009,WH-W,66,64,2,1120.0
3675,2025-05-26,P009,WH-W,79,79,0,1382.5
3676,2025-06-02,P009,WH-W,84,84,0,1470.0
3677,2025-06-09,P009,WH-W,79,78,1,1365.0
3678,2025-06-16,P009,WH-W,81,81,0,1417.5
3679,2025-06-23,P009,WH-W,78,76,2,1330.0
3680,2025-06-30,P009,WH-W,67,65,2,1137.5
3681,2025-07-07,P009,WH-W,77,76,1,1330.0
3682,2025-07-14,P009,WH-W,76,74,2,1295.0
3683,2025-07-21,P009,WH-W,71,70,1,1225.0
3684,2025-07-28,P009,WH-W,65,55,10,962.5
3685,2025-08-04,P009,WH-W,81,80,1,1400.0
3686,2025-08-11,P009,WH-W,95,93,2,1627.5
3687,2025-08-18,P009,WH-W,70,69,1,1207.5
3688,2025-08-25,P009,WH-W,80,78,2,1365.0
3689,2025-09-01,P009,WH-W,88,86,2,1505.0
3690,2025-09-08,P009,WH-W,91,89,2,1557.5
3691,2025-09-15,P009,WH-W,84,83,1,1452.5
3692,2025-09-22,P009,WH-W,85,84,1,1470.0
3693,2025-09-29,P009,WH-W,75,73,2,1277.5
3694,2025-10-06,P009,WH-W,92,91,1,1592.5
3695,2025-10-13,P009,WH-W,81,79,2,1382.5
3696,2025-10-20,P009,WH-W,69,65,4,1137.5
3697,2025-10-27,P009,WH-W,101,100,1,1750.0
3698,2025-11-03,P009,WH-W,89,87,2,1522.5
3699,2025-11-10,P009,WH-W,93,92,1,1610.0
3700,2025-11-17,P009,WH-W,87,86,1,1505.0
3701,2025-11-24,P009,WH-W,103,101,2,1767.5
3702,2025-12-01,P009,WH-W,91,91,0,1592.5
3703,2025-12-08,P009,WH-W,102,101,1,1767.5
3704,2025-12-15,P009,WH-W,92,91,1,1592.5
3705,2025-12-22,P009,WH-W,103,102,1,1785.0
3706,2025-12-29,P009,WH-W,87,85,2,1487.5
3707,2026-01-05,P009,WH-W,91,90,1,1575.0
3708,2026-01-12,P009,WH-W,81,69,12,1207.5
3709,2026-01-19,P009,WH-W,86,86,0,1505.0
3710,2026-01-26,P009,WH-W,77,67,10,1172.5
3711,2026-02-02,P009,WH-W,81,80,1,1400.0
3712,2026-02-09,P009,WH-W,89,88,1,1540.0
3713,2026-02-16,P009,WH-W,80,80,0,1400.0
3714,2026-02-23,P009,WH-W,85,85,0,1487.5
3715,2026-03-02,P009,WH-W,74,74,0,1295.0
3716,2026-03-09,P009,WH-W,71,70,1,1225.0
3717,2026-03-16,P009,WH-W,95,94,1,1645.0
3718,2026-03-23,P009,WH-W,76,75,1,1312.5
3719,2026-03-30,P009,WH-W,76,76,0,1330.0
3720,2026-04-06,P009,WH-W,82,81,1,1417.5
3721,2026-04-13,P009,WH-W,74,72,2,1260.0
3722,2026-04-20,P009,WH-W,93,92,1,1610.0
3723,2026-04-27,P009,WH-W,80,78,2,1365.0
3724,2026-05-04,P009,WH-W,83,81,2,1417.5
3725,2026-05-11,P009,WH-W,80,79,1,1382.5
3726,2026-05-18,P009,WH-W,68,68,0,1190.0
3727,2026-05-25,P009,WH-W,78,77,1,1347.5
3728,2026-06-01,P009,WH-W,72,72,0,1260.0
3729,2026-06-08,P009,WH-W,84,83,1,1452.5
3730,2026-06-15,P009,WH-W,75,73,2,1277.5
3731,2026-06-22,P009,WH-W,56,55,1,962.5
3732,2026-06-29,P009,WH-W,81,79,2,1382.5
3733,2026-07-06,P009,WH-W,84,83,1,1452.5
3734,2026-07-13,P009,WH-W,82,80,2,1400.0
3735,2026-07-20,P009,WH-W,75,73,2,1277.5
3736,2026-07-27,P009,WH-W,79,67,12,1172.5
3737,2026-08-03,P009,WH-W,71,70,1,1225.0
3738,2026-08-10,P009,WH-W,85,83,2,1452.5
3739,2026-08-17,P009,WH-W,96,96,0,1680.0
3740,2026-08-24,P009,WH-W,81,81,0,1417.5
3741,2026-08-31,P009,WH-W,93,92,1,1610.0
3742,2026-09-07,P009,WH-W,94,93,1,1627.5
3743,2026-09-14,P009,WH-W,88,86,2,1505.0
3744,2026-09-21,P009,WH-W,84,83,1,1452.5
3745,2024-09-30,P010,WH-NE,89,88,1,1320.0
3746,2024-10-07,P010,WH-NE,84,82,2,1230.0
3747,2024-10-14,P010,WH-NE,89,87,2,1305.0
3748,2024-10-21,P010,WH-NE,88,87,1,1305.0
3749,2024-10-28,P010,WH-NE,72,72,0,1080.0
3750,2024-11-04,P010,WH-NE,80,79,1,1185.0
3751,2024-11-11,P010,WH-NE,80,80,0,1200.0
3752,2024-11-18,P010,WH-NE,78,76,2,1140.0
3753,2024-11-25,P010,WH-NE,92,91,1,1365.0
3754,2024-12-02,P010,WH-NE,69,68,1,1020.0
3755,2024-12-09,P010,WH-NE,75,75,0,1125.0
3756,2024-12-16,P010,WH-NE,73,73,0,1095.0
3757,2024-12-23,P010,WH-NE,77,77,0,1155.0
3758,2024-12-30,P010,WH-NE,72,70,2,1050.0
3759,2025-01-06,P010,WH-NE,74,72,2,1080.0
3760,2025-01-13,P010,WH-NE,82,80,2,1200.0
3761,2025-01-20,P010,WH-NE,65,64,1,960.0
3762,2025-01-27,P010,WH-NE,71,71,0,1065.0
3763,2025-02-03,P010,WH-NE,75,74,1,1110.0
3764,2025-02-10,P010,WH-NE,68,68,0,1020.0
3765,2025-02-17,P010,WH-NE,82,80,2,1200.0
3766,2025-02-24,P010,WH-NE,67,65,2,975.0
3767,2025-03-03,P010,WH-NE,71,70,1,1050.0
3768,2025-03-10,P010,WH-NE,69,69,0,1035.0
3769,2025-03-17,P010,WH-NE,54,54,0,810.0
3770,2025-03-24,P010,WH-NE,73,71,2,1065.0
3771,2025-03-31,P010,WH-NE,71,63,8,945.0
3772,2025-04-07,P010,WH-NE,73,72,1,1080.0
3773,2025-04-14,P010,WH-NE,74,74,0,1110.0
3774,2025-04-21,P010,WH-NE,78,77,1,1155.0
3775,2025-04-28,P010,WH-NE,84,82,2,1230.0
3776,2025-05-05,P010,WH-NE,83,83,0,1245.0
3777,2025-05-12,P010,WH-NE,80,79,1,1185.0
3778,2025-05-19,P010,WH-NE,96,95,1,1425.0
3779,2025-05-26,P010,WH-NE,89,89,0,1335.0
3780,2025-06-02,P010,WH-NE,86,85,1,1275.0
3781,2025-06-09,P010,WH-NE,90,75,15,1125.0
3782,2025-06-16,P010,WH-NE,93,92,1,1380.0
3783,2025-06-23,P010,WH-NE,91,90,1,1350.0
3784,2025-06-30,P010,WH-NE,89,88,1,1320.0
3785,2025-07-07,P010,WH-NE,84,84,0,1260.0
3786,2025-07-14,P010,WH-NE,91,89,2,1335.0
3787,2025-07-21,P010,WH-NE,92,92,0,1380.0
3788,2025-07-28,P010,WH-NE,101,99,2,1485.0
3789,2025-08-04,P010,WH-NE,89,88,1,1320.0
3790,2025-08-11,P010,WH-NE,101,99,2,1485.0
3791,2025-08-18,P010,WH-NE,99,97,2,1455.0
3792,2025-08-25,P010,WH-NE,94,92,2,1380.0
3793,2025-09-01,P010,WH-NE,98,97,1,1455.0
3794,2025-09-08,P010,WH-NE,94,87,7,1305.0
3795,2025-09-15,P010,WH-NE,81,80,1,1200.0
3796,2025-09-22,P010,WH-NE,90,90,0,1350.0
3797,2025-09-29,P010,WH-NE,88,78,10,1170.0
3798,2025-10-06,P010,WH-NE,104,103,1,1545.0
3799,2025-10-13,P010,WH-NE,94,92,2,1380.0
3800,2025-10-20,P010,WH-NE,87,87,0,1305.0
3801,2025-10-27,P010,WH-NE,88,87,1,1305.0
3802,2025-11-03,P010,WH-NE,92,92,0,1380.0
3803,2025-11-10,P010,WH-NE,102,102,0,1530.0
3804,2025-11-17,P010,WH-NE,81,79,2,1185.0
3805,2025-11-24,P010,WH-NE,83,82,1,1230.0
3806,2025-12-01,P010,WH-NE,92,91,1,1365.0
3807,2025-12-08,P010,WH-NE,86,85,1,1275.0
3808,2025-12-15,P010,WH-NE,85,83,2,1245.0
3809,2025-12-22,P010,WH-NE,73,72,1,1080.0
3810,2025-12-29,P010,WH-NE,84,84,0,1260.0
3811,2026-01-05,P010,WH-NE,70,70,0,1050.0
3812,2026-01-12,P010,WH-NE,68,67,1,1005.0
3813,2026-01-19,P010,WH-NE,66,65,1,975.0
3814,2026-01-26,P010,WH-NE,90,89,1,1335.0
3815,2026-02-02,P010,WH-NE,75,74,1,1110.0
3816,2026-02-09,P010,WH-NE,73,71,2,1065.0
3817,2026-02-16,P010,WH-NE,83,81,2,1215.0
3818,2026-02-23,P010,WH-NE,66,65,1,975.0
3819,2026-03-02,P010,WH-NE,76,74,2,1110.0
3820,2026-03-09,P010,WH-NE,78,77,1,1155.0
3821,2026-03-16,P010,WH-NE,81,81,0,1215.0
3822,2026-03-23,P010,WH-NE,76,74,2,1110.0
3823,2026-03-30,P010,WH-NE,78,78,0,1170.0
3824,2026-04-06,P010,WH-NE,88,87,1,1305.0
3825,2026-04-13,P010,WH-NE,87,85,2,1275.0
3826,2026-04-20,P010,WH-NE,77,76,1,1140.0
3827,2026-04-27,P010,WH-NE,86,84,2,1260.0
3828,2026-05-04,P010,WH-NE,84,83,1,1245.0
3829,2026-05-11,P010,WH-NE,83,83,0,1245.0
3830,2026-05-18,P010,WH-NE,81,79,2,1185.0
3831,2026-05-25,P010,WH-NE,87,86,1,1290.0
3832,2026-06-01,P010,WH-NE,99,97,2,1455.0
3833,2026-06-08,P010,WH-NE,86,85,1,1275.0
3834,2026-06-15,P010,WH-NE,98,97,1,1455.0
3835,2026-06-22,P010,WH-NE,106,104,2,1560.0
3836,2026-06-29,P010,WH-NE,93,93,0,1395.0
3837,2026-07-06,P010,WH-NE,93,91,2,1365.0
3838,2026-07-13,P010,WH-NE,100,99,1,1485.0
3839,2026-07-20,P010,WH-NE,92,91,1,1365.0
3840,2026-07-27,P010,WH-NE,111,110,1,1650.0
3841,2026-08-03,P010,WH-NE,98,96,2,1440.0
3842,2026-08-10,P010,WH-NE,87,87,0,1305.0
3843,2026-08-17,P010,WH-NE,103,101,2,1515.0
3844,2026-08-24,P010,WH-NE,97,97,0,1455.0
3845,2026-08-31,P010,WH-NE,111,109,2,1635.0
3846,2026-09-07,P010,WH-NE,102,101,1,1515.0
3847,2026-09-14,P010,WH-NE,93,91,2,1365.0
3848,2026-09-21,P010,WH-NE,102,102,0,1530.0
3849,2024-09-30,P010,WH-SE,77,77,0,1155.0
3850,2024-10-07,P010,WH-SE,82,80,2,1200.0
3851,2024-10-14,P010,WH-SE,79,78,1,1170.0
3852,2024-10-21,P010,WH-SE,77,76,1,1140.0
3853,2024-10-28,P010,WH-SE,81,79,2,1185.0
3854,2024-11-04,P010,WH-SE,86,86,0,1290.0
3855,2024-11-11,P010,WH-SE,80,79,1,1185.0
3856,2024-11-18,P010,WH-SE,71,69,2,1035.0
3857,2024-11-25,P010,WH-SE,68,67,1,1005.0
3858,2024-12-02,P010,WH-SE,71,63,8,945.0
3859,2024-12-09,P010,WH-SE,76,74,2,1110.0
3860,2024-12-16,P010,WH-SE,78,78,0,1170.0
3861,2024-12-23,P010,WH-SE,59,59,0,885.0
3862,2024-12-30,P010,WH-SE,63,62,1,930.0
3863,2025-01-06,P010,WH-SE,62,61,1,915.0
3864,2025-01-13,P010,WH-SE,79,78,1,1170.0
3865,2025-01-20,P010,WH-SE,71,69,2,1035.0
3866,2025-01-27,P010,WH-SE,69,69,0,1035.0
3867,2025-02-03,P010,WH-SE,73,72,1,1080.0
3868,2025-02-10,P010,WH-SE,62,62,0,930.0
3869,2025-02-17,P010,WH-SE,60,59,1,885.0
3870,2025-02-24,P010,WH-SE,70,68,2,1020.0
3871,2025-03-03,P010,WH-SE,68,66,2,990.0
3872,2025-03-10,P010,WH-SE,74,72,2,1080.0
3873,2025-03-17,P010,WH-SE,78,77,1,1155.0
3874,2025-03-24,P010,WH-SE,71,70,1,1050.0
3875,2025-03-31,P010,WH-SE,71,62,9,930.0
3876,2025-04-07,P010,WH-SE,75,73,2,1095.0
3877,2025-04-14,P010,WH-SE,73,72,1,1080.0
3878,2025-04-21,P010,WH-SE,73,67,6,1005.0
3879,2025-04-28,P010,WH-SE,67,66,1,990.0
3880,2025-05-05,P010,WH-SE,83,82,1,1230.0
3881,2025-05-12,P010,WH-SE,81,80,1,1200.0
3882,2025-05-19,P010,WH-SE,84,82,2,1230.0
3883,2025-05-26,P010,WH-SE,84,83,1,1245.0
3884,2025-06-02,P010,WH-SE,85,84,1,1260.0
3885,2025-06-09,P010,WH-SE,74,73,1,1095.0
3886,2025-06-16,P010,WH-SE,74,74,0,1110.0
3887,2025-06-23,P010,WH-SE,97,97,0,1455.0
3888,2025-06-30,P010,WH-SE,94,93,1,1395.0
3889,2025-07-07,P010,WH-SE,90,80,10,1200.0
3890,2025-07-14,P010,WH-SE,92,92,0,1380.0
3891,2025-07-21,P010,WH-SE,85,83,2,1245.0
3892,2025-07-28,P010,WH-SE,77,76,1,1140.0
3893,2025-08-04,P010,WH-SE,85,83,2,1245.0
3894,2025-08-11,P010,WH-SE,99,97,2,1455.0
3895,2025-08-18,P010,WH-SE,79,79,0,1185.0
3896,2025-08-25,P010,WH-SE,90,85,5,1275.0
3897,2025-09-01,P010,WH-SE,94,93,1,1395.0
3898,2025-09-08,P010,WH-SE,80,80,0,1200.0
3899,2025-09-15,P010,WH-SE,89,87,2,1305.0
3900,2025-09-22,P010,WH-SE,87,86,1,1290.0
3901,2025-09-29,P010,WH-SE,89,87,2,1305.0
3902,2025-10-06,P010,WH-SE,91,90,1,1350.0
3903,2025-10-13,P010,WH-SE,78,78,0,1170.0
3904,2025-10-20,P010,WH-SE,89,88,1,1320.0
3905,2025-10-27,P010,WH-SE,90,90,0,1350.0
3906,2025-11-03,P010,WH-SE,89,87,2,1305.0
3907,2025-11-10,P010,WH-SE,71,69,2,1035.0
3908,2025-11-17,P010,WH-SE,80,80,0,1200.0
3909,2025-11-24,P010,WH-SE,73,66,7,990.0
3910,2025-12-01,P010,WH-SE,74,73,1,1095.0
3911,2025-12-08,P010,WH-SE,81,80,1,1200.0
3912,2025-12-15,P010,WH-SE,88,88,0,1320.0
3913,2025-12-22,P010,WH-SE,75,73,2,1095.0
3914,2025-12-29,P010,WH-SE,71,70,1,1050.0
3915,2026-01-05,P010,WH-SE,74,74,0,1110.0
3916,2026-01-12,P010,WH-SE,81,80,1,1200.0
3917,2026-01-19,P010,WH-SE,70,70,0,1050.0
3918,2026-01-26,P010,WH-SE,60,59,1,885.0
3919,2026-02-02,P010,WH-SE,62,62,0,930.0
3920,2026-02-09,P010,WH-SE,77,77,0,1155.0
3921,2026-02-16,P010,WH-SE,76,75,1,1125.0
3922,2026-02-23,P010,WH-SE,84,83,1,1245.0
3923,2026-03-02,P010,WH-SE,65,65,0,975.0
3924,2026-03-09,P010,WH-SE,64,63,1,945.0
3925,2026-03-16,P010,WH-SE,64,64,0,960.0
3926,2026-03-23,P010,WH-SE,69,68,1,1020.0
3927,2026-03-30,P010,WH-SE,74,73,1,1095.0
3928,2026-04-06,P010,WH-SE,74,73,1,1095.0
3929,2026-04-13,P010,WH-SE,68,67,1,1005.0
3930,2026-04-20,P010,WH-SE,102,100,2,1500.0
3931,2026-04-27,P010,WH-SE,88,87,1,1305.0
3932,2026-05-04,P010,WH-SE,77,77,0,1155.0
3933,2026-05-11,P010,WH-SE,93,93,0,1395.0
3934,2026-05-18,P010,WH-SE,80,80,0,1200.0
3935,2026-05-25,P010,WH-SE,83,81,2,1215.0
3936,2026-06-01,P010,WH-SE,92,91,1,1365.0
3937,2026-06-08,P010,WH-SE,76,74,2,1110.0
3938,2026-06-15,P010,WH-SE,83,82,1,1230.0
3939,2026-06-22,P010,WH-SE,103,101,2,1515.0
3940,2026-06-29,P010,WH-SE,95,93,2,1395.0
3941,2026-07-06,P010,WH-SE,85,84,1,1260.0
3942,2026-07-13,P010,WH-SE,92,91,1,1365.0
3943,2026-07-20,P010,WH-SE,88,86,2,1290.0
3944,2026-07-27,P010,WH-SE,99,97,2,1455.0
3945,2026-08-03,P010,WH-SE,87,86,1,1290.0
3946,2026-08-10,P010,WH-SE,91,91,0,1365.0
3947,2026-08-17,P010,WH-SE,114,113,1,1695.0
3948,2026-08-24,P010,WH-SE,89,89,0,1335.0
3949,2026-08-31,P010,WH-SE,78,77,1,1155.0
3950,2026-09-07,P010,WH-SE,90,88,2,1320.0
3951,2026-09-14,P010,WH-SE,93,93,0,1395.0
3952,2026-09-21,P010,WH-SE,91,91,0,1365.0
3953,2024-09-30,P010,WH-MW,74,65,9,975.0
3954,2024-10-07,P010,WH-MW,84,84,0,1260.0
3955,2024-10-14,P010,WH-MW,82,81,1,1215.0
3956,2024-10-21,P010,WH-MW,84,82,2,1230.0
3957,2024-10-28,P010,WH-MW,75,75,0,1125.0
3958,2024-11-04,P010,WH-MW,62,61,1,915.0
3959,2024-11-11,P010,WH-MW,64,64,0,960.0
3960,2024-11-18,P010,WH-MW,71,71,0,1065.0
3961,2024-11-25,P010,WH-MW,69,69,0,1035.0
3962,2024-12-02,P010,WH-MW,67,67,0,1005.0
3963,2024-12-09,P010,WH-MW,63,53,10,795.0
3964,2024-12-16,P010,WH-MW,63,62,1,930.0
3965,2024-12-23,P010,WH-MW,70,69,1,1035.0
3966,2024-12-30,P010,WH-MW,64,63,1,945.0
3967,2025-01-06,P010,WH-MW,61,60,1,900.0
3968,2025-01-13,P010,WH-MW,67,66,1,990.0
3969,2025-01-20,P010,WH-MW,71,70,1,1050.0
3970,2025-01-27,P010,WH-MW,67,66,1,990.0
3971,2025-02-03,P010,WH-MW,65,64,1,960.0
3972,2025-02-10,P010,WH-MW,66,65,1,975.0
3973,2025-02-17,P010,WH-MW,53,48,5,720.0
3974,2025-02-24,P010,WH-MW,55,55,0,825.0
3975,2025-03-03,P010,WH-MW,63,63,0,945.0
3976,2025-03-10,P010,WH-MW,63,62,1,930.0
3977,2025-03-17,P010,WH-MW,62,61,1,915.0
3978,2025-03-24,P010,WH-MW,66,65,1,975.0
3979,2025-03-31,P010,WH-MW,65,64,1,960.0
3980,2025-04-07,P010,WH-MW,68,67,1,1005.0
3981,2025-04-14,P010,WH-MW,66,66,0,990.0
3982,2025-04-21,P010,WH-MW,60,59,1,885.0
3983,2025-04-28,P010,WH-MW,67,66,1,990.0
3984,2025-05-05,P010,WH-MW,68,66,2,990.0
3985,2025-05-12,P010,WH-MW,68,60,8,900.0
3986,2025-05-19,P010,WH-MW,75,73,2,1095.0
3987,2025-05-26,P010,WH-MW,82,81,1,1215.0
3988,2025-06-02,P010,WH-MW,72,71,1,1065.0
3989,2025-06-09,P010,WH-MW,74,73,1,1095.0
3990,2025-06-16,P010,WH-MW,85,85,0,1275.0
3991,2025-06-23,P010,WH-MW,85,83,2,1245.0
3992,2025-06-30,P010,WH-MW,69,68,1,1020.0
3993,2025-07-07,P010,WH-MW,89,89,0,1335.0
3994,2025-07-14,P010,WH-MW,83,82,1,1230.0
3995,2025-07-21,P010,WH-MW,89,88,1,1320.0
3996,2025-07-28,P010,WH-MW,84,82,2,1230.0
3997,2025-08-04,P010,WH-MW,84,74,10,1110.0
3998,2025-08-11,P010,WH-MW,82,81,1,1215.0
3999,2025-08-18,P010,WH-MW,85,85,0,1275.0
4000,2025-08-25,P010,WH-MW,80,78,2,1170.0
4001,2025-09-01,P010,WH-MW,90,88,2,1320.0
4002,2025-09-08,P010,WH-MW,72,66,6,990.0
4003,2025-09-15,P010,WH-MW,81,79,2,1185.0
4004,2025-09-22,P010,WH-MW,97,97,0,1455.0
4005,2025-09-29,P010,WH-MW,82,81,1,1215.0
4006,2025-10-06,P010,WH-MW,95,94,1,1410.0
4007,2025-10-13,P010,WH-MW,87,86,1,1290.0
4008,2025-10-20,P010,WH-MW,76,75,1,1125.0
4009,2025-10-27,P010,WH-MW,85,85,0,1275.0
4010,2025-11-03,P010,WH-MW,77,76,1,1140.0
4011,2025-11-10,P010,WH-MW,75,73,2,1095.0
4012,2025-11-17,P010,WH-MW,62,61,1,915.0
4013,2025-11-24,P010,WH-MW,63,62,1,930.0
4014,2025-12-01,P010,WH-MW,70,69,1,1035.0
4015,2025-12-08,P010,WH-MW,69,69,0,1035.0
4016,2025-12-15,P010,WH-MW,71,71,0,1065.0
4017,2025-12-22,P010,WH-MW,72,71,1,1065.0
4018,2025-12-29,P010,WH-MW,85,83,2,1245.0
4019,2026-01-05,P010,WH-MW,67,61,6,915.0
4020,2026-01-12,P010,WH-MW,72,70,2,1050.0
4021,2026-01-19,P010,WH-MW,65,65,0,975.0
4022,2026-01-26,P010,WH-MW,65,64,1,960.0
4023,2026-02-02,P010,WH-MW,77,75,2,1125.0
4024,2026-02-09,P010,WH-MW,78,70,8,1050.0
4025,2026-02-16,P010,WH-MW,67,66,1,990.0
4026,2026-02-23,P010,WH-MW,63,62,1,930.0
4027,2026-03-02,P010,WH-MW,70,69,1,1035.0
4028,2026-03-09,P010,WH-MW,71,71,0,1065.0
4029,2026-03-16,P010,WH-MW,65,64,1,960.0
4030,2026-03-23,P010,WH-MW,65,64,1,960.0
4031,2026-03-30,P010,WH-MW,67,66,1,990.0
4032,2026-04-06,P010,WH-MW,74,72,2,1080.0
4033,2026-04-13,P010,WH-MW,72,60,12,900.0
4034,2026-04-20,P010,WH-MW,84,82,2,1230.0
4035,2026-04-27,P010,WH-MW,76,75,1,1125.0
4036,2026-05-04,P010,WH-MW,62,61,1,915.0
4037,2026-05-11,P010,WH-MW,86,85,1,1275.0
4038,2026-05-18,P010,WH-MW,74,63,11,945.0
4039,2026-05-25,P010,WH-MW,69,68,1,1020.0
4040,2026-06-01,P010,WH-MW,78,77,1,1155.0
4041,2026-06-08,P010,WH-MW,78,77,1,1155.0
4042,2026-06-15,P010,WH-MW,81,77,4,1155.0
4043,2026-06-22,P010,WH-MW,73,72,1,1080.0
4044,2026-06-29,P010,WH-MW,75,75,0,1125.0
4045,2026-07-06,P010,WH-MW,79,78,1,1170.0
4046,2026-07-13,P010,WH-MW,81,80,1,1200.0
4047,2026-07-20,P010,WH-MW,89,89,0,1335.0
4048,2026-07-27,P010,WH-MW,90,88,2,1320.0
4049,2026-08-03,P010,WH-MW,91,91,0,1365.0
4050,2026-08-10,P010,WH-MW,79,78,1,1170.0
4051,2026-08-17,P010,WH-MW,94,93,1,1395.0
4052,2026-08-24,P010,WH-MW,95,94,1,1410.0
4053,2026-08-31,P010,WH-MW,92,91,1,1365.0
4054,2026-09-07,P010,WH-MW,95,94,1,1410.0
4055,2026-09-14,P010,WH-MW,92,91,1,1365.0
4056,2026-09-21,P010,WH-MW,85,84,1,1260.0
4057,2024-09-30,P010,WH-W,68,67,1,1005.0
4058,2024-10-07,P010,WH-W,73,72,1,1080.0
4059,2024-10-14,P010,WH-W,69,68,1,1020.0
4060,2024-10-21,P010,WH-W,70,69,1,1035.0
4061,2024-10-28,P010,WH-W,84,83,1,1245.0
4062,2024-11-04,P010,WH-W,69,69,0,1035.0
4063,2024-11-11,P010,WH-W,72,70,2,1050.0
4064,2024-11-18,P010,WH-W,64,63,1,945.0
4065,2024-11-25,P010,WH-W,72,71,1,1065.0
4066,2024-12-02,P010,WH-W,71,70,1,1050.0
4067,2024-12-09,P010,WH-W,60,60,0,900.0
4068,2024-12-16,P010,WH-W,50,45,5,675.0
4069,2024-12-23,P010,WH-W,66,66,0,990.0
4070,2024-12-30,P010,WH-W,62,61,1,915.0
4071,2025-01-06,P010,WH-W,59,59,0,885.0
4072,2025-01-13,P010,WH-W,54,53,1,795.0
4073,2025-01-20,P010,WH-W,64,63,1,945.0
4074,2025-01-27,P010,WH-W,51,50,1,750.0
4075,2025-02-03,P010,WH-W,56,56,0,840.0
4076,2025-02-10,P010,WH-W,67,66,1,990.0
4077,2025-02-17,P010,WH-W,64,64,0,960.0
4078,2025-02-24,P010,WH-W,59,58,1,870.0
4079,2025-03-03,P010,WH-W,59,50,9,750.0
4080,2025-03-10,P010,WH-W,60,59,1,885.0
4081,2025-03-17,P010,WH-W,62,61,1,915.0
4082,2025-03-24,P010,WH-W,63,62,1,930.0
4083,2025-03-31,P010,WH-W,57,56,1,840.0
4084,2025-04-07,P010,WH-W,66,65,1,975.0
4085,2025-04-14,P010,WH-W,64,64,0,960.0
4086,2025-04-21,P010,WH-W,62,62,0,930.0
4087,2025-04-28,P010,WH-W,65,59,6,885.0
4088,2025-05-05,P010,WH-W,64,63,1,945.0
4089,2025-05-12,P010,WH-W,64,55,9,825.0
4090,2025-05-19,P010,WH-W,68,68,0,1020.0
4091,2025-05-26,P010,WH-W,64,63,1,945.0
4092,2025-06-02,P010,WH-W,72,72,0,1080.0
4093,2025-06-09,P010,WH-W,78,76,2,1140.0
4094,2025-06-16,P010,WH-W,74,73,1,1095.0
4095,2025-06-23,P010,WH-W,69,68,1,1020.0
4096,2025-06-30,P010,WH-W,62,61,1,915.0
4097,2025-07-07,P010,WH-W,71,71,0,1065.0
4098,2025-07-14,P010,WH-W,67,67,0,1005.0
4099,2025-07-21,P010,WH-W,73,72,1,1080.0
4100,2025-07-28,P010,WH-W,78,77,1,1155.0
4101,2025-08-04,P010,WH-W,72,72,0,1080.0
4102,2025-08-11,P010,WH-W,66,64,2,960.0
4103,2025-08-18,P010,WH-W,71,70,1,1050.0
4104,2025-08-25,P010,WH-W,70,69,1,1035.0
4105,2025-09-01,P010,WH-W,64,63,1,945.0
4106,2025-09-08,P010,WH-W,76,75,1,1125.0
4107,2025-09-15,P010,WH-W,79,79,0,1185.0
4108,2025-09-22,P010,WH-W,68,67,1,1005.0
4109,2025-09-29,P010,WH-W,70,69,1,1035.0
4110,2025-10-06,P010,WH-W,74,73,1,1095.0
4111,2025-10-13,P010,WH-W,75,73,2,1095.0
4112,2025-10-20,P010,WH-W,74,74,0,1110.0
4113,2025-10-27,P010,WH-W,71,70,1,1050.0
4114,2025-11-03,P010,WH-W,71,70,1,1050.0
4115,2025-11-10,P010,WH-W,59,58,1,870.0
4116,2025-11-17,P010,WH-W,71,69,2,1035.0
4117,2025-11-24,P010,WH-W,66,66,0,990.0
4118,2025-12-01,P010,WH-W,62,53,9,795.0
4119,2025-12-08,P010,WH-W,68,67,1,1005.0
4120,2025-12-15,P010,WH-W,54,53,1,795.0
4121,2025-12-22,P010,WH-W,60,59,1,885.0
4122,2025-12-29,P010,WH-W,71,70,1,1050.0
4123,2026-01-05,P010,WH-W,62,62,0,930.0
4124,2026-01-12,P010,WH-W,65,64,1,960.0
4125,2026-01-19,P010,WH-W,60,59,1,885.0
4126,2026-01-26,P010,WH-W,58,58,0,870.0
4127,2026-02-02,P010,WH-W,61,61,0,915.0
4128,2026-02-09,P010,WH-W,59,58,1,870.0
4129,2026-02-16,P010,WH-W,68,67,1,1005.0
4130,2026-02-23,P010,WH-W,62,61,1,915.0
4131,2026-03-02,P010,WH-W,74,73,1,1095.0
4132,2026-03-09,P010,WH-W,63,62,1,930.0
4133,2026-03-16,P010,WH-W,59,58,1,870.0
4134,2026-03-23,P010,WH-W,59,58,1,870.0
4135,2026-03-30,P010,WH-W,63,63,0,945.0
4136,2026-04-06,P010,WH-W,73,72,1,1080.0
4137,2026-04-13,P010,WH-W,63,63,0,945.0
4138,2026-04-20,P010,WH-W,89,89,0,1335.0
4139,2026-04-27,P010,WH-W,78,77,1,1155.0
4140,2026-05-04,P010,WH-W,72,72,0,1080.0
4141,2026-05-11,P010,WH-W,68,67,1,1005.0
4142,2026-05-18,P010,WH-W,77,77,0,1155.0
4143,2026-05-25,P010,WH-W,74,72,2,1080.0
4144,2026-06-01,P010,WH-W,81,81,0,1215.0
4145,2026-06-08,P010,WH-W,77,77,0,1155.0
4146,2026-06-15,P010,WH-W,88,87,1,1305.0
4147,2026-06-22,P010,WH-W,69,68,1,1020.0
4148,2026-06-29,P010,WH-W,80,80,0,1200.0
4149,2026-07-06,P010,WH-W,89,87,2,1305.0
4150,2026-07-13,P010,WH-W,81,81,0,1215.0
4151,2026-07-20,P010,WH-W,75,74,1,1110.0
4152,2026-07-27,P010,WH-W,93,92,1,1380.0
4153,2026-08-03,P010,WH-W,87,86,1,1290.0
4154,2026-08-10,P010,WH-W,97,97,0,1455.0
4155,2026-08-17,P010,WH-W,88,87,1,1305.0
4156,2026-08-24,P010,WH-W,87,86,1,1290.0
4157,2026-08-31,P010,WH-W,85,83,2,1245.0
4158,2026-09-07,P010,WH-W,92,91,1,1365.0
4159,2026-09-14,P010,WH-W,88,86,2,1290.0
4160,2026-09-21,P010,WH-W,88,82,6,1230.0
4161,2024-09-30,P011,WH-NE,50,49,1,2401.0
4162,2024-10-07,P011,WH-NE,57,57,0,2793.0
4163,2024-10-14,P011,WH-NE,55,54,1,2646.0
4164,2024-10-21,P011,WH-NE,52,52,0,2548.0
4165,2024-10-28,P011,WH-NE,41,40,1,1960.0
4166,2024-11-04,P011,WH-NE,54,54,0,2646.0
4167,2024-11-11,P011,WH-NE,46,46,0,2254.0
4168,2024-11-18,P011,WH-NE,46,46,0,2254.0
4169,2024-11-25,P011,WH-NE,45,44,1,2156.0
4170,2024-12-02,P011,WH-NE,51,51,0,2499.0
4171,2024-12-09,P011,WH-NE,46,45,1,2205.0
4172,2024-12-16,P011,WH-NE,44,43,1,2107.0
4173,2024-12-23,P011,WH-NE,51,50,1,2450.0
4174,2024-12-30,P011,WH-NE,42,41,1,2009.0
4175,2025-01-06,P011,WH-NE,41,40,1,1960.0
4176,2025-01-13,P011,WH-NE,40,39,1,1911.0
4177,2025-01-20,P011,WH-NE,42,41,1,2009.0
4178,2025-01-27,P011,WH-NE,46,45,1,2205.0
4179,2025-02-03,P011,WH-NE,43,43,0,2107.0
4180,2025-02-10,P011,WH-NE,42,42,0,2058.0
4181,2025-02-17,P011,WH-NE,42,42,0,2058.0
4182,2025-02-24,P011,WH-NE,38,38,0,1862.0
4183,2025-03-03,P011,WH-NE,36,35,1,1715.0
4184,2025-03-10,P011,WH-NE,43,42,1,2058.0
4185,2025-03-17,P011,WH-NE,45,44,1,2156.0
4186,2025-03-24,P011,WH-NE,44,44,0,2156.0
4187,2025-03-31,P011,WH-NE,45,44,1,2156.0
4188,2025-04-07,P011,WH-NE,41,39,2,1911.0
4189,2025-04-14,P011,WH-NE,40,40,0,1960.0
4190,2025-04-21,P011,WH-NE,48,48,0,2352.0
4191,2025-04-28,P011,WH-NE,45,44,1,2156.0
4192,2025-05-05,P011,WH-NE,42,42,0,2058.0
4193,2025-05-12,P011,WH-NE,52,51,1,2499.0
4194,2025-05-19,P011,WH-NE,47,46,1,2254.0
4195,2025-05-26,P011,WH-NE,51,51,0,2499.0
4196,2025-06-02,P011,WH-NE,58,57,1,2793.0
4197,2025-06-09,P011,WH-NE,49,49,0,2401.0
4198,2025-06-16,P011,WH-NE,54,53,1,2597.0
4199,2025-06-23,P011,WH-NE,52,51,1,2499.0
4200,2025-06-30,P011,WH-NE,60,59,1,2891.0
4201,2025-07-07,P011,WH-NE,51,50,1,2450.0
4202,2025-07-14,P011,WH-NE,56,55,1,2695.0
4203,2025-07-21,P011,WH-NE,63,62,1,3038.0
4204,2025-07-28,P011,WH-NE,59,58,1,2842.0
4205,2025-08-04,P011,WH-NE,65,58,7,2842.0
4206,2025-08-11,P011,WH-NE,55,54,1,2646.0
4207,2025-08-18,P011,WH-NE,54,53,1,2597.0
4208,2025-08-25,P011,WH-NE,54,53,1,2597.0
4209,2025-09-01,P011,WH-NE,73,72,1,3528.0
4210,2025-09-08,P011,WH-NE,62,61,1,2989.0
4211,2025-09-15,P011,WH-NE,58,57,1,2793.0
4212,2025-09-22,P011,WH-NE,60,59,1,2891.0
4213,2025-09-29,P011,WH-NE,65,64,1,3136.0
4214,2025-10-06,P011,WH-NE,55,54,1,2646.0
4215,2025-10-13,P011,WH-NE,56,55,1,2695.0
4216,2025-10-20,P011,WH-NE,60,60,0,2940.0
4217,2025-10-27,P011,WH-NE,55,55,0,2695.0
4218,2025-11-03,P011,WH-NE,58,57,1,2793.0
4219,2025-11-10,P011,WH-NE,46,46,0,2254.0
4220,2025-11-17,P011,WH-NE,57,56,1,2744.0
4221,2025-11-24,P011,WH-NE,50,50,0,2450.0
4222,2025-12-01,P011,WH-NE,53,53,0,2597.0
4223,2025-12-08,P011,WH-NE,52,51,1,2499.0
4224,2025-12-15,P011,WH-NE,54,53,1,2597.0
4225,2025-12-22,P011,WH-NE,50,49,1,2401.0
4226,2025-12-29,P011,WH-NE,50,49,1,2401.0
4227,2026-01-05,P011,WH-NE,35,34,1,1666.0
4228,2026-01-12,P011,WH-NE,43,42,1,2058.0
4229,2026-01-19,P011,WH-NE,44,44,0,2156.0
4230,2026-01-26,P011,WH-NE,48,48,0,2352.0
4231,2026-02-02,P011,WH-NE,50,49,1,2401.0
4232,2026-02-09,P011,WH-NE,45,44,1,2156.0
4233,2026-02-16,P011,WH-NE,42,42,0,2058.0
4234,2026-02-23,P011,WH-NE,49,48,1,2352.0
4235,2026-03-02,P011,WH-NE,44,44,0,2156.0
4236,2026-03-09,P011,WH-NE,46,45,1,2205.0
4237,2026-03-16,P011,WH-NE,47,46,1,2254.0
4238,2026-03-23,P011,WH-NE,45,44,1,2156.0
4239,2026-03-30,P011,WH-NE,46,45,1,2205.0
4240,2026-04-06,P011,WH-NE,46,45,1,2205.0
4241,2026-04-13,P011,WH-NE,54,54,0,2646.0
4242,2026-04-20,P011,WH-NE,52,51,1,2499.0
4243,2026-04-27,P011,WH-NE,63,62,1,3038.0
4244,2026-05-04,P011,WH-NE,57,56,1,2744.0
4245,2026-05-11,P011,WH-NE,42,42,0,2058.0
4246,2026-05-18,P011,WH-NE,52,52,0,2548.0
4247,2026-05-25,P011,WH-NE,69,69,0,3381.0
4248,2026-06-01,P011,WH-NE,58,57,1,2793.0
4249,2026-06-08,P011,WH-NE,58,58,0,2842.0
4250,2026-06-15,P011,WH-NE,53,47,6,2303.0
4251,2026-06-22,P011,WH-NE,55,55,0,2695.0
4252,2026-06-29,P011,WH-NE,58,57,1,2793.0
4253,2026-07-06,P011,WH-NE,70,69,1,3381.0
4254,2026-07-13,P011,WH-NE,60,59,1,2891.0
4255,2026-07-20,P011,WH-NE,74,72,2,3528.0
4256,2026-07-27,P011,WH-NE,64,54,10,2646.0
4257,2026-08-03,P011,WH-NE,69,68,1,3332.0
4258,2026-08-10,P011,WH-NE,75,75,0,3675.0
4259,2026-08-17,P011,WH-NE,67,66,1,3234.0
4260,2026-08-24,P011,WH-NE,63,62,1,3038.0
4261,2026-08-31,P011,WH-NE,63,63,0,3087.0
4262,2026-09-07,P011,WH-NE,63,62,1,3038.0
4263,2026-09-14,P011,WH-NE,66,66,0,3234.0
4264,2026-09-21,P011,WH-NE,64,63,1,3087.0
4265,2024-09-30,P011,WH-SE,52,51,1,2499.0
4266,2024-10-07,P011,WH-SE,51,51,0,2499.0
4267,2024-10-14,P011,WH-SE,47,47,0,2303.0
4268,2024-10-21,P011,WH-SE,46,46,0,2254.0
4269,2024-10-28,P011,WH-SE,52,51,1,2499.0
4270,2024-11-04,P011,WH-SE,41,36,5,1764.0
4271,2024-11-11,P011,WH-SE,42,41,1,2009.0
4272,2024-11-18,P011,WH-SE,46,45,1,2205.0
4273,2024-11-25,P011,WH-SE,42,41,1,2009.0
4274,2024-12-02,P011,WH-SE,36,36,0,1764.0
4275,2024-12-09,P011,WH-SE,41,41,0,2009.0
4276,2024-12-16,P011,WH-SE,42,41,1,2009.0
4277,2024-12-23,P011,WH-SE,35,34,1,1666.0
4278,2024-12-30,P011,WH-SE,43,42,1,2058.0
4279,2025-01-06,P011,WH-SE,39,39,0,1911.0
4280,2025-01-13,P011,WH-SE,37,37,0,1813.0
4281,2025-01-20,P011,WH-SE,37,36,1,1764.0
4282,2025-01-27,P011,WH-SE,41,40,1,1960.0
4283,2025-02-03,P011,WH-SE,38,37,1,1813.0
4284,2025-02-10,P011,WH-SE,43,42,1,2058.0
4285,2025-02-17,P011,WH-SE,46,46,0,2254.0
4286,2025-02-24,P011,WH-SE,35,34,1,1666.0
4287,2025-03-03,P011,WH-SE,36,36,0,1764.0
4288,2025-03-10,P011,WH-SE,41,40,1,1960.0
4289,2025-03-17,P011,WH-SE,31,30,1,1470.0
4290,2025-03-24,P011,WH-SE,41,36,5,1764.0
4291,2025-03-31,P011,WH-SE,45,44,1,2156.0
4292,2025-04-07,P011,WH-SE,37,37,0,1813.0
4293,2025-04-14,P011,WH-SE,34,34,0,1666.0
4294,2025-04-21,P011,WH-SE,35,35,0,1715.0
4295,2025-04-28,P011,WH-SE,48,48,0,2352.0
4296,2025-05-05,P011,WH-SE,47,46,1,2254.0
4297,2025-05-12,P011,WH-SE,42,41,1,2009.0
4298,2025-05-19,P011,WH-SE,44,43,1,2107.0
4299,2025-05-26,P011,WH-SE,48,47,1,2303.0
4300,2025-06-02,P011,WH-SE,50,50,0,2450.0
4301,2025-06-09,P011,WH-SE,53,52,1,2548.0
4302,2025-06-16,P011,WH-SE,48,48,0,2352.0
4303,2025-06-23,P011,WH-SE,47,47,0,2303.0
4304,2025-06-30,P011,WH-SE,51,50,1,2450.0
4305,2025-07-07,P011,WH-SE,52,51,1,2499.0
4306,2025-07-14,P011,WH-SE,51,51,0,2499.0
4307,2025-07-21,P011,WH-SE,50,49,1,2401.0
4308,2025-07-28,P011,WH-SE,53,53,0,2597.0
4309,2025-08-04,P011,WH-SE,57,57,0,2793.0
4310,2025-08-11,P011,WH-SE,52,52,0,2548.0
4311,2025-08-18,P011,WH-SE,61,60,1,2940.0
4312,2025-08-25,P011,WH-SE,51,43,8,2107.0
4313,2025-09-01,P011,WH-SE,56,55,1,2695.0
4314,2025-09-08,P011,WH-SE,55,55,0,2695.0
4315,2025-09-15,P011,WH-SE,46,46,0,2254.0
4316,2025-09-22,P011,WH-SE,59,58,1,2842.0
4317,2025-09-29,P011,WH-SE,48,47,1,2303.0
4318,2025-10-06,P011,WH-SE,58,58,0,2842.0
4319,2025-10-13,P011,WH-SE,49,48,1,2352.0
4320,2025-10-20,P011,WH-SE,50,49,1,2401.0
4321,2025-10-27,P011,WH-SE,50,50,0,2450.0
4322,2025-11-03,P011,WH-SE,44,44,0,2156.0
4323,2025-11-10,P011,WH-SE,51,51,0,2499.0
4324,2025-11-17,P011,WH-SE,50,49,1,2401.0
4325,2025-11-24,P011,WH-SE,53,52,1,2548.0
4326,2025-12-01,P011,WH-SE,48,48,0,2352.0
4327,2025-12-08,P011,WH-SE,42,36,6,1764.0
4328,2025-12-15,P011,WH-SE,44,43,1,2107.0
4329,2025-12-22,P011,WH-SE,38,38,0,1862.0
4330,2025-12-29,P011,WH-SE,36,36,0,1764.0
4331,2026-01-05,P011,WH-SE,42,42,0,2058.0
4332,2026-01-12,P011,WH-SE,45,44,1,2156.0
4333,2026-01-19,P011,WH-SE,41,34,7,1666.0
4334,2026-01-26,P011,WH-SE,45,44,1,2156.0
4335,2026-02-02,P011,WH-SE,38,37,1,1813.0
4336,2026-02-09,P011,WH-SE,36,35,1,1715.0
4337,2026-02-16,P011,WH-SE,47,47,0,2303.0
4338,2026-02-23,P011,WH-SE,41,40,1,1960.0
4339,2026-03-02,P011,WH-SE,40,39,1,1911.0
4340,2026-03-09,P011,WH-SE,41,41,0,2009.0
4341,2026-03-16,P011,WH-SE,37,37,0,1813.0
4342,2026-03-23,P011,WH-SE,41,40,1,1960.0
4343,2026-03-30,P011,WH-SE,37,36,1,1764.0
4344,2026-04-06,P011,WH-SE,38,37,1,1813.0
4345,2026-04-13,P011,WH-SE,48,47,1,2303.0
4346,2026-04-20,P011,WH-SE,47,46,1,2254.0
4347,2026-04-27,P011,WH-SE,47,46,1,2254.0
4348,2026-05-04,P011,WH-SE,43,43,0,2107.0
4349,2026-05-11,P011,WH-SE,44,44,0,2156.0
4350,2026-05-18,P011,WH-SE,39,38,1,1862.0
4351,2026-05-25,P011,WH-SE,50,50,0,2450.0
4352,2026-06-01,P011,WH-SE,45,44,1,2156.0
4353,2026-06-08,P011,WH-SE,53,53,0,2597.0
4354,2026-06-15,P011,WH-SE,40,39,1,1911.0
4355,2026-06-22,P011,WH-SE,51,50,1,2450.0
4356,2026-06-29,P011,WH-SE,39,39,0,1911.0
4357,2026-07-06,P011,WH-SE,51,51,0,2499.0
4358,2026-07-13,P011,WH-SE,47,47,0,2303.0
4359,2026-07-20,P011,WH-SE,49,48,1,2352.0
4360,2026-07-27,P011,WH-SE,50,49,1,2401.0
4361,2026-08-03,P011,WH-SE,59,59,0,2891.0
4362,2026-08-10,P011,WH-SE,49,48,1,2352.0
4363,2026-08-17,P011,WH-SE,57,50,7,2450.0
4364,2026-08-24,P011,WH-SE,42,41,1,2009.0
4365,2026-08-31,P011,WH-SE,49,48,1,2352.0
4366,2026-09-07,P011,WH-SE,55,54,1,2646.0
4367,2026-09-14,P011,WH-SE,52,51,1,2499.0
4368,2026-09-21,P011,WH-SE,55,54,1,2646.0
4369,2024-09-30,P011,WH-MW,47,47,0,2303.0
4370,2024-10-07,P011,WH-MW,50,50,0,2450.0
4371,2024-10-14,P011,WH-MW,50,50,0,2450.0
4372,2024-10-21,P011,WH-MW,47,46,1,2254.0
4373,2024-10-28,P011,WH-MW,37,37,0,1813.0
4374,2024-11-04,P011,WH-MW,47,47,0,2303.0
4375,2024-11-11,P011,WH-MW,41,41,0,2009.0
4376,2024-11-18,P011,WH-MW,45,44,1,2156.0
4377,2024-11-25,P011,WH-MW,43,42,1,2058.0
4378,2024-12-02,P011,WH-MW,41,41,0,2009.0
4379,2024-12-09,P011,WH-MW,40,40,0,1960.0
4380,2024-12-16,P011,WH-MW,42,41,1,2009.0
4381,2024-12-23,P011,WH-MW,45,44,1,2156.0
4382,2024-12-30,P011,WH-MW,39,39,0,1911.0
4383,2025-01-06,P011,WH-MW,40,39,1,1911.0
4384,2025-01-13,P011,WH-MW,42,41,1,2009.0
4385,2025-01-20,P011,WH-MW,39,33,6,1617.0
4386,2025-01-27,P011,WH-MW,39,39,0,1911.0
4387,2025-02-03,P011,WH-MW,39,39,0,1911.0
4388,2025-02-10,P011,WH-MW,38,38,0,1862.0
4389,2025-02-17,P011,WH-MW,38,37,1,1813.0
4390,2025-02-24,P011,WH-MW,35,34,1,1666.0
4391,2025-03-03,P011,WH-MW,34,29,5,1421.0
4392,2025-03-10,P011,WH-MW,36,30,6,1470.0
4393,2025-03-17,P011,WH-MW,37,37,0,1813.0
4394,2025-03-24,P011,WH-MW,39,39,0,1911.0
4395,2025-03-31,P011,WH-MW,36,36,0,1764.0
4396,2025-04-07,P011,WH-MW,46,45,1,2205.0
4397,2025-04-14,P011,WH-MW,38,37,1,1813.0
4398,2025-04-21,P011,WH-MW,46,45,1,2205.0
4399,2025-04-28,P011,WH-MW,44,43,1,2107.0
4400,2025-05-05,P011,WH-MW,38,37,1,1813.0
4401,2025-05-12,P011,WH-MW,41,40,1,1960.0
4402,2025-05-19,P011,WH-MW,43,39,4,1911.0
4403,2025-05-26,P011,WH-MW,54,53,1,2597.0
4404,2025-06-02,P011,WH-MW,49,49,0,2401.0
4405,2025-06-09,P011,WH-MW,47,46,1,2254.0
4406,2025-06-16,P011,WH-MW,46,45,1,2205.0
4407,2025-06-23,P011,WH-MW,55,54,1,2646.0
4408,2025-06-30,P011,WH-MW,46,46,0,2254.0
4409,2025-07-07,P011,WH-MW,52,51,1,2499.0
4410,2025-07-14,P011,WH-MW,53,52,1,2548.0
4411,2025-07-21,P011,WH-MW,62,61,1,2989.0
4412,2025-07-28,P011,WH-MW,60,60,0,2940.0
4413,2025-08-04,P011,WH-MW,57,56,1,2744.0
4414,2025-08-11,P011,WH-MW,56,55,1,2695.0
4415,2025-08-18,P011,WH-MW,56,56,0,2744.0
4416,2025-08-25,P011,WH-MW,52,51,1,2499.0
4417,2025-09-01,P011,WH-MW,54,53,1,2597.0
4418,2025-09-08,P011,WH-MW,53,53,0,2597.0
4419,2025-09-15,P011,WH-MW,61,60,1,2940.0
4420,2025-09-22,P011,WH-MW,44,43,1,2107.0
4421,2025-09-29,P011,WH-MW,57,57,0,2793.0
4422,2025-10-06,P011,WH-MW,55,55,0,2695.0
4423,2025-10-13,P011,WH-MW,42,41,1,2009.0
4424,2025-10-20,P011,WH-MW,53,52,1,2548.0
4425,2025-10-27,P011,WH-MW,48,47,1,2303.0
4426,2025-11-03,P011,WH-MW,49,49,0,2401.0
4427,2025-11-10,P011,WH-MW,48,47,1,2303.0
4428,2025-11-17,P011,WH-MW,50,49,1,2401.0
4429,2025-11-24,P011,WH-MW,45,45,0,2205.0
4430,2025-12-01,P011,WH-MW,46,46,0,2254.0
4431,2025-12-08,P011,WH-MW,52,47,5,2303.0
4432,2025-12-15,P011,WH-MW,48,48,0,2352.0
4433,2025-12-22,P011,WH-MW,47,47,0,2303.0
4434,2025-12-29,P011,WH-MW,40,40,0,1960.0
4435,2026-01-05,P011,WH-MW,48,41,7,2009.0
4436,2026-01-12,P011,WH-MW,44,43,1,2107.0
4437,2026-01-19,P011,WH-MW,39,39,0,1911.0
4438,2026-01-26,P011,WH-MW,38,37,1,1813.0
4439,2026-02-02,P011,WH-MW,41,41,0,2009.0
4440,2026-02-09,P011,WH-MW,39,39,0,1911.0
4441,2026-02-16,P011,WH-MW,46,46,0,2254.0
4442,2026-02-23,P011,WH-MW,37,37,0,1813.0
4443,2026-03-02,P011,WH-MW,36,35,1,1715.0
4444,2026-03-09,P011,WH-MW,39,39,0,1911.0
4445,2026-03-16,P011,WH-MW,38,37,1,1813.0
4446,2026-03-23,P011,WH-MW,41,40,1,1960.0
4447,2026-03-30,P011,WH-MW,44,44,0,2156.0
4448,2026-04-06,P011,WH-MW,37,37,0,1813.0
4449,2026-04-13,P011,WH-MW,42,42,0,2058.0
4450,2026-04-20,P011,WH-MW,42,41,1,2009.0
4451,2026-04-27,P011,WH-MW,46,46,0,2254.0
4452,2026-05-04,P011,WH-MW,44,43,1,2107.0
4453,2026-05-11,P011,WH-MW,50,49,1,2401.0
4454,2026-05-18,P011,WH-MW,40,40,0,1960.0
4455,2026-05-25,P011,WH-MW,46,46,0,2254.0
4456,2026-06-01,P011,WH-MW,56,56,0,2744.0
4457,2026-06-08,P011,WH-MW,48,48,0,2352.0
4458,2026-06-15,P011,WH-MW,44,43,1,2107.0
4459,2026-06-22,P011,WH-MW,51,51,0,2499.0
4460,2026-06-29,P011,WH-MW,45,44,1,2156.0
4461,2026-07-06,P011,WH-MW,53,53,0,2597.0
4462,2026-07-13,P011,WH-MW,59,59,0,2891.0
4463,2026-07-20,P011,WH-MW,52,52,0,2548.0
4464,2026-07-27,P011,WH-MW,64,62,2,3038.0
4465,2026-08-03,P011,WH-MW,50,49,1,2401.0
4466,2026-08-10,P011,WH-MW,54,53,1,2597.0
4467,2026-08-17,P011,WH-MW,55,55,0,2695.0
4468,2026-08-24,P011,WH-MW,62,59,3,2891.0
4469,2026-08-31,P011,WH-MW,60,60,0,2940.0
4470,2026-09-07,P011,WH-MW,61,61,0,2989.0
4471,2026-09-14,P011,WH-MW,59,58,1,2842.0
4472,2026-09-21,P011,WH-MW,54,53,1,2597.0
4473,2024-09-30,P011,WH-W,41,41,0,2009.0
4474,2024-10-07,P011,WH-W,47,43,4,2107.0
4475,2024-10-14,P011,WH-W,47,47,0,2303.0
4476,2024-10-21,P011,WH-W,56,56,0,2744.0
4477,2024-10-28,P011,WH-W,43,43,0,2107.0
4478,2024-11-04,P011,WH-W,47,46,1,2254.0
4479,2024-11-11,P011,WH-W,39,38,1,1862.0
4480,2024-11-18,P011,WH-W,45,44,1,2156.0
4481,2024-11-25,P011,WH-W,43,43,0,2107.0
4482,2024-12-02,P011,WH-W,36,35,1,1715.0
4483,2024-12-09,P011,WH-W,44,43,1,2107.0
4484,2024-12-16,P011,WH-W,37,37,0,1813.0
4485,2024-12-23,P011,WH-W,37,36,1,1764.0
4486,2024-12-30,P011,WH-W,46,45,1,2205.0
4487,2025-01-06,P011,WH-W,39,38,1,1862.0
4488,2025-01-13,P011,WH-W,40,39,1,1911.0
4489,2025-01-20,P011,WH-W,37,36,1,1764.0
4490,2025-01-27,P011,WH-W,37,36,1,1764.0
4491,2025-02-03,P011,WH-W,36,35,1,1715.0
4492,2025-02-10,P011,WH-W,35,35,0,1715.0
4493,2025-02-17,P011,WH-W,39,38,1,1862.0
4494,2025-02-24,P011,WH-W,38,37,1,1813.0
4495,2025-03-03,P011,WH-W,33,32,1,1568.0
4496,2025-03-10,P011,WH-W,39,38,1,1862.0
4497,2025-03-17,P011,WH-W,30,30,0,1470.0
4498,2025-03-24,P011,WH-W,39,38,1,1862.0
4499,2025-03-31,P011,WH-W,37,37,0,1813.0
4500,2025-04-07,P011,WH-W,34,34,0,1666.0
4501,2025-04-14,P011,WH-W,38,37,1,1813.0
4502,2025-04-21,P011,WH-W,42,42,0,2058.0
4503,2025-04-28,P011,WH-W,34,34,0,1666.0
4504,2025-05-05,P011,WH-W,40,39,1,1911.0
4505,2025-05-12,P011,WH-W,41,40,1,1960.0
4506,2025-05-19,P011,WH-W,43,42,1,2058.0
4507,2025-05-26,P011,WH-W,50,49,1,2401.0
4508,2025-06-02,P011,WH-W,56,55,1,2695.0
4509,2025-06-09,P011,WH-W,51,50,1,2450.0
4510,2025-06-16,P011,WH-W,52,51,1,2499.0
4511,2025-06-23,P011,WH-W,52,51,1,2499.0
4512,2025-06-30,P011,WH-W,49,49,0,2401.0
4513,2025-07-07,P011,WH-W,46,46,0,2254.0
4514,2025-07-14,P011,WH-W,47,47,0,2303.0
4515,2025-07-21,P011,WH-W,47,47,0,2303.0
4516,2025-07-28,P011,WH-W,49,48,1,2352.0
4517,2025-08-04,P011,WH-W,46,45,1,2205.0
4518,2025-08-11,P011,WH-W,42,42,0,2058.0
4519,2025-08-18,P011,WH-W,44,43,1,2107.0
4520,2025-08-25,P011,WH-W,54,51,3,2499.0
4521,2025-09-01,P011,WH-W,46,45,1,2205.0
4522,2025-09-08,P011,WH-W,51,51,0,2499.0
4523,2025-09-15,P011,WH-W,50,50,0,2450.0
4524,2025-09-22,P011,WH-W,50,49,1,2401.0
4525,2025-09-29,P011,WH-W,51,50,1,2450.0
4526,2025-10-06,P011,WH-W,50,49,1,2401.0
4527,2025-10-13,P011,WH-W,53,52,1,2548.0
4528,2025-10-20,P011,WH-W,47,46,1,2254.0
4529,2025-10-27,P011,WH-W,50,50,0,2450.0
4530,2025-11-03,P011,WH-W,44,43,1,2107.0
4531,2025-11-10,P011,WH-W,39,38,1,1862.0
4532,2025-11-17,P011,WH-W,47,47,0,2303.0
4533,2025-11-24,P011,WH-W,46,45,1,2205.0
4534,2025-12-01,P011,WH-W,52,51,1,2499.0
4535,2025-12-08,P011,WH-W,44,44,0,2156.0
4536,2025-12-15,P011,WH-W,50,50,0,2450.0
4537,2025-12-22,P011,WH-W,41,40,1,1960.0
4538,2025-12-29,P011,WH-W,39,38,1,1862.0
4539,2026-01-05,P011,WH-W,36,36,0,1764.0
4540,2026-01-12,P011,WH-W,45,45,0,2205.0
4541,2026-01-19,P011,WH-W,42,41,1,2009.0
4542,2026-01-26,P011,WH-W,38,38,0,1862.0
4543,2026-02-02,P011,WH-W,37,36,1,1764.0
4544,2026-02-09,P011,WH-W,43,43,0,2107.0
4545,2026-02-16,P011,WH-W,36,36,0,1764.0
4546,2026-02-23,P011,WH-W,38,33,5,1617.0
4547,2026-03-02,P011,WH-W,35,34,1,1666.0
4548,2026-03-09,P011,WH-W,35,35,0,1715.0
4549,2026-03-16,P011,WH-W,38,38,0,1862.0
4550,2026-03-23,P011,WH-W,41,41,0,2009.0
4551,2026-03-30,P011,WH-W,32,31,1,1519.0
4552,2026-04-06,P011,WH-W,43,43,0,2107.0
4553,2026-04-13,P011,WH-W,45,44,1,2156.0
4554,2026-04-20,P011,WH-W,46,45,1,2205.0
4555,2026-04-27,P011,WH-W,46,46,0,2254.0
4556,2026-05-04,P011,WH-W,41,40,1,1960.0
4557,2026-05-11,P011,WH-W,44,43,1,2107.0
4558,2026-05-18,P011,WH-W,36,36,0,1764.0
4559,2026-05-25,P011,WH-W,50,50,0,2450.0
4560,2026-06-01,P011,WH-W,53,52,1,2548.0
4561,2026-06-08,P011,WH-W,46,45,1,2205.0
4562,2026-06-15,P011,WH-W,57,56,1,2744.0
4563,2026-06-22,P011,WH-W,52,51,1,2499.0
4564,2026-06-29,P011,WH-W,63,63,0,3087.0
4565,2026-07-06,P011,WH-W,56,55,1,2695.0
4566,2026-07-13,P011,WH-W,58,58,0,2842.0
4567,2026-07-20,P011,WH-W,46,46,0,2254.0
4568,2026-07-27,P011,WH-W,54,53,1,2597.0
4569,2026-08-03,P011,WH-W,52,52,0,2548.0
4570,2026-08-10,P011,WH-W,66,65,1,3185.0
4571,2026-08-17,P011,WH-W,65,64,1,3136.0
4572,2026-08-24,P011,WH-W,59,59,0,2891.0
4573,2026-08-31,P011,WH-W,52,52,0,2548.0
4574,2026-09-07,P011,WH-W,54,53,1,2597.0
4575,2026-09-14,P011,WH-W,56,55,1,2695.0
4576,2026-09-21,P011,WH-W,63,62,1,3038.0
4577,2024-09-30,P012,WH-NE,91,89,2,1869.0
4578,2024-10-07,P012,WH-NE,97,96,1,2016.0
4579,2024-10-14,P012,WH-NE,99,98,1,2058.0
4580,2024-10-21,P012,WH-NE,95,93,2,1953.0
4581,2024-10-28,P012,WH-NE,87,86,1,1806.0
4582,2024-11-04,P012,WH-NE,85,84,1,1764.0
4583,2024-11-11,P012,WH-NE,84,83,1,1743.0
4584,2024-11-18,P012,WH-NE,90,88,2,1848.0
4585,2024-11-25,P012,WH-NE,98,98,0,2058.0
4586,2024-12-02,P012,WH-NE,96,95,1,1995.0
4587,2024-12-09,P012,WH-NE,86,86,0,1806.0
4588,2024-12-16,P012,WH-NE,93,93,0,1953.0
4589,2024-12-23,P012,WH-NE,84,83,1,1743.0
4590,2024-12-30,P012,WH-NE,81,76,5,1596.0
4591,2025-01-06,P012,WH-NE,73,70,3,1470.0
4592,2025-01-13,P012,WH-NE,92,92,0,1932.0
4593,2025-01-20,P012,WH-NE,83,83,0,1743.0
4594,2025-01-27,P012,WH-NE,81,80,1,1680.0
4595,2025-02-03,P012,WH-NE,81,81,0,1701.0
4596,2025-02-10,P012,WH-NE,89,88,1,1848.0
4597,2025-02-17,P012,WH-NE,77,76,1,1596.0
4598,2025-02-24,P012,WH-NE,88,88,0,1848.0
4599,2025-03-03,P012,WH-NE,76,74,2,1554.0
4600,2025-03-10,P012,WH-NE,77,77,0,1617.0
4601,2025-03-17,P012,WH-NE,80,80,0,1680.0
4602,2025-03-24,P012,WH-NE,84,82,2,1722.0
4603,2025-03-31,P012,WH-NE,78,78,0,1638.0
4604,2025-04-07,P012,WH-NE,83,80,3,1680.0
4605,2025-04-14,P012,WH-NE,83,81,2,1701.0
4606,2025-04-21,P012,WH-NE,93,92,1,1932.0
4607,2025-04-28,P012,WH-NE,93,92,1,1932.0
4608,2025-05-05,P012,WH-NE,72,71,1,1491.0
4609,2025-05-12,P012,WH-NE,99,97,2,2037.0
4610,2025-05-19,P012,WH-NE,91,91,0,1911.0
4611,2025-05-26,P012,WH-NE,97,96,1,2016.0
4612,2025-06-02,P012,WH-NE,102,101,1,2121.0
4613,2025-06-09,P012,WH-NE,78,77,1,1617.0
4614,2025-06-16,P012,WH-NE,94,93,1,1953.0
4615,2025-06-23,P012,WH-NE,103,101,2,2121.0
4616,2025-06-30,P012,WH-NE,99,98,1,2058.0
4617,2025-07-07,P012,WH-NE,82,81,1,1701.0
4618,2025-07-14,P012,WH-NE,83,82,1,1722.0
4619,2025-07-21,P012,WH-NE,101,100,1,2100.0
4620,2025-07-28,P012,WH-NE,87,87,0,1827.0
4621,2025-08-04,P012,WH-NE,96,94,2,1974.0
4622,2025-08-11,P012,WH-NE,104,103,1,2163.0
4623,2025-08-18,P012,WH-NE,89,87,2,1827.0
4624,2025-08-25,P012,WH-NE,119,117,2,2457.0
4625,2025-09-01,P012,WH-NE,105,105,0,2205.0
4626,2025-09-08,P012,WH-NE,94,93,1,1953.0
4627,2025-09-15,P012,WH-NE,113,111,2,2331.0
4628,2025-09-22,P012,WH-NE,92,90,2,1890.0
4629,2025-09-29,P012,WH-NE,111,109,2,2289.0
4630,2025-10-06,P012,WH-NE,87,87,0,1827.0
4631,2025-10-13,P012,WH-NE,100,99,1,2079.0
4632,2025-10-20,P012,WH-NE,91,90,1,1890.0
4633,2025-10-27,P012,WH-NE,93,92,1,1932.0
4634,2025-11-03,P012,WH-NE,96,95,1,1995.0
4635,2025-11-10,P012,WH-NE,107,105,2,2205.0
4636,2025-11-17,P012,WH-NE,99,98,1,2058.0
4637,2025-11-24,P012,WH-NE,97,82,15,1722.0
4638,2025-12-01,P012,WH-NE,104,103,1,2163.0
4639,2025-12-08,P012,WH-NE,97,96,1,2016.0
4640,2025-12-15,P012,WH-NE,93,93,0,1953.0
4641,2025-12-22,P012,WH-NE,93,92,1,1932.0
4642,2025-12-29,P012,WH-NE,102,102,0,2142.0
4643,2026-01-05,P012,WH-NE,93,91,2,1911.0
4644,2026-01-12,P012,WH-NE,87,86,1,1806.0
4645,2026-01-19,P012,WH-NE,102,101,1,2121.0
4646,2026-01-26,P012,WH-NE,105,103,2,2163.0
4647,2026-02-02,P012,WH-NE,81,79,2,1659.0
4648,2026-02-09,P012,WH-NE,80,79,1,1659.0
4649,2026-02-16,P012,WH-NE,83,82,1,1722.0
4650,2026-02-23,P012,WH-NE,88,87,1,1827.0
4651,2026-03-02,P012,WH-NE,73,72,1,1512.0
4652,2026-03-09,P012,WH-NE,92,92,0,1932.0
4653,2026-03-16,P012,WH-NE,94,93,1,1953.0
4654,2026-03-23,P012,WH-NE,73,72,1,1512.0
4655,2026-03-30,P012,WH-NE,91,89,2,1869.0
4656,2026-04-06,P012,WH-NE,86,85,1,1785.0
4657,2026-04-13,P012,WH-NE,87,87,0,1827.0
4658,2026-04-20,P012,WH-NE,99,97,2,2037.0
4659,2026-04-27,P012,WH-NE,113,110,3,2310.0
4660,2026-05-04,P012,WH-NE,95,94,1,1974.0
4661,2026-05-11,P012,WH-NE,105,105,0,2205.0
4662,2026-05-18,P012,WH-NE,107,107,0,2247.0
4663,2026-05-25,P012,WH-NE,105,103,2,2163.0
4664,2026-06-01,P012,WH-NE,89,88,1,1848.0
4665,2026-06-08,P012,WH-NE,96,94,2,1974.0
4666,2026-06-15,P012,WH-NE,118,116,2,2436.0
4667,2026-06-22,P012,WH-NE,86,86,0,1806.0
4668,2026-06-29,P012,WH-NE,116,115,1,2415.0
4669,2026-07-06,P012,WH-NE,91,89,2,1869.0
4670,2026-07-13,P012,WH-NE,112,110,2,2310.0
4671,2026-07-20,P012,WH-NE,112,112,0,2352.0
4672,2026-07-27,P012,WH-NE,95,94,1,1974.0
4673,2026-08-03,P012,WH-NE,104,103,1,2163.0
4674,2026-08-10,P012,WH-NE,112,112,0,2352.0
4675,2026-08-17,P012,WH-NE,117,117,0,2457.0
4676,2026-08-24,P012,WH-NE,107,106,1,2226.0
4677,2026-08-31,P012,WH-NE,97,83,14,1743.0
4678,2026-09-07,P012,WH-NE,111,108,3,2268.0
4679,2026-09-14,P012,WH-NE,109,107,2,2247.0
4680,2026-09-21,P012,WH-NE,108,107,1,2247.0
4681,2024-09-30,P012,WH-SE,81,81,0,1701.0
4682,2024-10-07,P012,WH-SE,80,80,0,1680.0
4683,2024-10-14,P012,WH-SE,77,77,0,1617.0
4684,2024-10-21,P012,WH-SE,52,51,1,1071.0
4685,2024-10-28,P012,WH-SE,72,71,1,1491.0
4686,2024-11-04,P012,WH-SE,69,68,1,1428.0
4687,2024-11-11,P012,WH-SE,73,61,12,1281.0
4688,2024-11-18,P012,WH-SE,74,73,1,1533.0
4689,2024-11-25,P012,WH-SE,76,75,1,1575.0
4690,2024-12-02,P012,WH-SE,72,64,8,1344.0
4691,2024-12-09,P012,WH-SE,82,78,4,1638.0
4692,2024-12-16,P012,WH-SE,75,67,8,1407.0
4693,2024-12-23,P012,WH-SE,63,62,1,1302.0
4694,2024-12-30,P012,WH-SE,77,75,2,1575.0
4695,2025-01-06,P012,WH-SE,62,62,0,1302.0
4696,2025-01-13,P012,WH-SE,75,74,1,1554.0
4697,2025-01-20,P012,WH-SE,68,68,0,1428.0
4698,2025-01-27,P012,WH-SE,59,59,0,1239.0
4699,2025-02-03,P012,WH-SE,71,70,1,1470.0
4700,2025-02-10,P012,WH-SE,74,72,2,1512.0
4701,2025-02-17,P012,WH-SE,73,72,1,1512.0
4702,2025-02-24,P012,WH-SE,67,65,2,1365.0
4703,2025-03-03,P012,WH-SE,58,58,0,1218.0
4704,2025-03-10,P012,WH-SE,63,63,0,1323.0
4705,2025-03-17,P012,WH-SE,63,62,1,1302.0
4706,2025-03-24,P012,WH-SE,73,72,1,1512.0
4707,2025-03-31,P012,WH-SE,62,61,1,1281.0
4708,2025-04-07,P012,WH-SE,65,64,1,1344.0
4709,2025-04-14,P012,WH-SE,66,65,1,1365.0
4710,2025-04-21,P012,WH-SE,79,67,12,1407.0
4711,2025-04-28,P012,WH-SE,67,67,0,1407.0
4712,2025-05-05,P012,WH-SE,65,65,0,1365.0
4713,2025-05-12,P012,WH-SE,81,80,1,1680.0
4714,2025-05-19,P012,WH-SE,74,73,1,1533.0
4715,2025-05-26,P012,WH-SE,91,89,2,1869.0
4716,2025-06-02,P012,WH-SE,80,78,2,1638.0
4717,2025-06-09,P012,WH-SE,65,64,1,1344.0
4718,2025-06-16,P012,WH-SE,74,63,11,1323.0
4719,2025-06-23,P012,WH-SE,73,72,1,1512.0
4720,2025-06-30,P012,WH-SE,75,74,1,1554.0
4721,2025-07-07,P012,WH-SE,82,81,1,1701.0
4722,2025-07-14,P012,WH-SE,78,74,4,1554.0
4723,2025-07-21,P012,WH-SE,87,85,2,1785.0
4724,2025-07-28,P012,WH-SE,80,78,2,1638.0
4725,2025-08-04,P012,WH-SE,86,84,2,1764.0
4726,2025-08-11,P012,WH-SE,88,87,1,1827.0
4727,2025-08-18,P012,WH-SE,84,84,0,1764.0
4728,2025-08-25,P012,WH-SE,88,88,0,1848.0
4729,2025-09-01,P012,WH-SE,82,82,0,1722.0
4730,2025-09-08,P012,WH-SE,84,83,1,1743.0
4731,2025-09-15,P012,WH-SE,77,75,2,1575.0
4732,2025-09-22,P012,WH-SE,73,72,1,1512.0
4733,2025-09-29,P012,WH-SE,79,78,1,1638.0
4734,2025-10-06,P012,WH-SE,85,83,2,1743.0
4735,2025-10-13,P012,WH-SE,84,83,1,1743.0
4736,2025-10-20,P012,WH-SE,76,74,2,1554.0
4737,2025-10-27,P012,WH-SE,73,72,1,1512.0
4738,2025-11-03,P012,WH-SE,77,75,2,1575.0
4739,2025-11-10,P012,WH-SE,80,78,2,1638.0
4740,2025-11-17,P012,WH-SE,70,69,1,1449.0
4741,2025-11-24,P012,WH-SE,77,77,0,1617.0
4742,2025-12-01,P012,WH-SE,75,74,1,1554.0
4743,2025-12-08,P012,WH-SE,75,74,1,1554.0
4744,2025-12-15,P012,WH-SE,74,74,0,1554.0
4745,2025-12-22,P012,WH-SE,70,70,0,1470.0
4746,2025-12-29,P012,WH-SE,86,84,2,1764.0
4747,2026-01-05,P012,WH-SE,74,73,1,1533.0
4748,2026-01-12,P012,WH-SE,65,64,1,1344.0
4749,2026-01-19,P012,WH-SE,60,59,1,1239.0
4750,2026-01-26,P012,WH-SE,76,75,1,1575.0
4751,2026-02-02,P012,WH-SE,75,73,2,1533.0
4752,2026-02-09,P012,WH-SE,70,69,1,1449.0
4753,2026-02-16,P012,WH-SE,81,79,2,1659.0
4754,2026-02-23,P012,WH-SE,66,65,1,1365.0
4755,2026-03-02,P012,WH-SE,58,58,0,1218.0
4756,2026-03-09,P012,WH-SE,66,66,0,1386.0
4757,2026-03-16,P012,WH-SE,72,70,2,1470.0
4758,2026-03-23,P012,WH-SE,64,63,1,1323.0
4759,2026-03-30,P012,WH-SE,73,72,1,1512.0
4760,2026-04-06,P012,WH-SE,80,79,1,1659.0
4761,2026-04-13,P012,WH-SE,68,68,0,1428.0
4762,2026-04-20,P012,WH-SE,78,76,2,1596.0
4763,2026-04-27,P012,WH-SE,86,85,1,1785.0
4764,2026-05-04,P012,WH-SE,76,74,2,1554.0
4765,2026-05-11,P012,WH-SE,73,72,1,1512.0
4766,2026-05-18,P012,WH-SE,80,71,9,1491.0
4767,2026-05-25,P012,WH-SE,76,76,0,1596.0
4768,2026-06-01,P012,WH-SE,80,79,1,1659.0
4769,2026-06-08,P012,WH-SE,84,83,1,1743.0
4770,2026-06-15,P012,WH-SE,86,85,1,1785.0
4771,2026-06-22,P012,WH-SE,80,79,1,1659.0
4772,2026-06-29,P012,WH-SE,83,81,2,1701.0
4773,2026-07-06,P012,WH-SE,76,74,2,1554.0
4774,2026-07-13,P012,WH-SE,77,77,0,1617.0
4775,2026-07-20,P012,WH-SE,99,98,1,2058.0
4776,2026-07-27,P012,WH-SE,92,92,0,1932.0
4777,2026-08-03,P012,WH-SE,93,92,1,1932.0
4778,2026-08-10,P012,WH-SE,85,84,1,1764.0
4779,2026-08-17,P012,WH-SE,84,83,1,1743.0
4780,2026-08-24,P012,WH-SE,98,96,2,2016.0
4781,2026-08-31,P012,WH-SE,91,90,1,1890.0
4782,2026-09-07,P012,WH-SE,83,81,2,1701.0
4783,2026-09-14,P012,WH-SE,91,89,2,1869.0
4784,2026-09-21,P012,WH-SE,89,89,0,1869.0
4785,2024-09-30,P012,WH-MW,90,90,0,1890.0
4786,2024-10-07,P012,WH-MW,82,82,0,1722.0
4787,2024-10-14,P012,WH-MW,90,88,2,1848.0
4788,2024-10-21,P012,WH-MW,88,86,2,1806.0
4789,2024-10-28,P012,WH-MW,86,75,11,1575.0
4790,2024-11-04,P012,WH-MW,76,76,0,1596.0
4791,2024-11-11,P012,WH-MW,69,67,2,1407.0
4792,2024-11-18,P012,WH-MW,70,69,1,1449.0
4793,2024-11-25,P012,WH-MW,80,80,0,1680.0
4794,2024-12-02,P012,WH-MW,81,80,1,1680.0
4795,2024-12-09,P012,WH-MW,74,73,1,1533.0
4796,2024-12-16,P012,WH-MW,87,86,1,1806.0
4797,2024-12-23,P012,WH-MW,58,57,1,1197.0
4798,2024-12-30,P012,WH-MW,91,89,2,1869.0
4799,2025-01-06,P012,WH-MW,81,81,0,1701.0
4800,2025-01-13,P012,WH-MW,68,67,1,1407.0
4801,2025-01-20,P012,WH-MW,67,67,0,1407.0
4802,2025-01-27,P012,WH-MW,70,69,1,1449.0
4803,2025-02-03,P012,WH-MW,68,68,0,1428.0
4804,2025-02-10,P012,WH-MW,69,68,1,1428.0
4805,2025-02-17,P012,WH-MW,65,64,1,1344.0
4806,2025-02-24,P012,WH-MW,60,60,0,1260.0
4807,2025-03-03,P012,WH-MW,66,66,0,1386.0
4808,2025-03-10,P012,WH-MW,62,61,1,1281.0
4809,2025-03-17,P012,WH-MW,82,80,2,1680.0
4810,2025-03-24,P012,WH-MW,80,79,1,1659.0
4811,2025-03-31,P012,WH-MW,80,70,10,1470.0
4812,2025-04-07,P012,WH-MW,64,63,1,1323.0
4813,2025-04-14,P012,WH-MW,81,81,0,1701.0
4814,2025-04-21,P012,WH-MW,59,58,1,1218.0
4815,2025-04-28,P012,WH-MW,77,76,1,1596.0
4816,2025-05-05,P012,WH-MW,71,69,2,1449.0
4817,2025-05-12,P012,WH-MW,72,70,2,1470.0
4818,2025-05-19,P012,WH-MW,76,75,1,1575.0
4819,2025-05-26,P012,WH-MW,80,79,1,1659.0
4820,2025-06-02,P012,WH-MW,81,80,1,1680.0
4821,2025-06-09,P012,WH-MW,83,82,1,1722.0
4822,2025-06-16,P012,WH-MW,71,70,1,1470.0
4823,2025-06-23,P012,WH-MW,77,76,1,1596.0
4824,2025-06-30,P012,WH-MW,71,69,2,1449.0
4825,2025-07-07,P012,WH-MW,98,96,2,2016.0
4826,2025-07-14,P012,WH-MW,87,86,1,1806.0
4827,2025-07-21,P012,WH-MW,90,88,2,1848.0
4828,2025-07-28,P012,WH-MW,101,95,6,1995.0
4829,2025-08-04,P012,WH-MW,76,75,1,1575.0
4830,2025-08-11,P012,WH-MW,95,94,1,1974.0
4831,2025-08-18,P012,WH-MW,96,95,1,1995.0
4832,2025-08-25,P012,WH-MW,84,83,1,1743.0
4833,2025-09-01,P012,WH-MW,101,99,2,2079.0
4834,2025-09-08,P012,WH-MW,95,94,1,1974.0
4835,2025-09-15,P012,WH-MW,92,92,0,1932.0
4836,2025-09-22,P012,WH-MW,101,99,2,2079.0
4837,2025-09-29,P012,WH-MW,88,86,2,1806.0
4838,2025-10-06,P012,WH-MW,101,100,1,2100.0
4839,2025-10-13,P012,WH-MW,94,93,1,1953.0
4840,2025-10-20,P012,WH-MW,87,85,2,1785.0
4841,2025-10-27,P012,WH-MW,79,78,1,1638.0
4842,2025-11-03,P012,WH-MW,94,93,1,1953.0
4843,2025-11-10,P012,WH-MW,94,93,1,1953.0
4844,2025-11-17,P012,WH-MW,80,79,1,1659.0
4845,2025-11-24,P012,WH-MW,81,81,0,1701.0
4846,2025-12-01,P012,WH-MW,74,73,1,1533.0
4847,2025-12-08,P012,WH-MW,84,83,1,1743.0
4848,2025-12-15,P012,WH-MW,97,96,1,2016.0
4849,2025-12-22,P012,WH-MW,99,97,2,2037.0
4850,2025-12-29,P012,WH-MW,71,70,1,1470.0
4851,2026-01-05,P012,WH-MW,64,63,1,1323.0
4852,2026-01-12,P012,WH-MW,72,71,1,1491.0
4853,2026-01-19,P012,WH-MW,75,75,0,1575.0
4854,2026-01-26,P012,WH-MW,80,79,1,1659.0
4855,2026-02-02,P012,WH-MW,70,69,1,1449.0
4856,2026-02-09,P012,WH-MW,77,77,0,1617.0
4857,2026-02-16,P012,WH-MW,68,67,1,1407.0
4858,2026-02-23,P012,WH-MW,75,66,9,1386.0
4859,2026-03-02,P012,WH-MW,76,75,1,1575.0
4860,2026-03-09,P012,WH-MW,90,90,0,1890.0
4861,2026-03-16,P012,WH-MW,77,76,1,1596.0
4862,2026-03-23,P012,WH-MW,78,77,1,1617.0
4863,2026-03-30,P012,WH-MW,71,69,2,1449.0
4864,2026-04-06,P012,WH-MW,79,79,0,1659.0
4865,2026-04-13,P012,WH-MW,78,77,1,1617.0
4866,2026-04-20,P012,WH-MW,78,76,2,1596.0
4867,2026-04-27,P012,WH-MW,93,93,0,1953.0
4868,2026-05-04,P012,WH-MW,92,91,1,1911.0
4869,2026-05-11,P012,WH-MW,82,81,1,1701.0
4870,2026-05-18,P012,WH-MW,85,83,2,1743.0
4871,2026-05-25,P012,WH-MW,93,91,2,1911.0
4872,2026-06-01,P012,WH-MW,90,88,2,1848.0
4873,2026-06-08,P012,WH-MW,102,101,1,2121.0
4874,2026-06-15,P012,WH-MW,89,87,2,1827.0
4875,2026-06-22,P012,WH-MW,84,84,0,1764.0
4876,2026-06-29,P012,WH-MW,89,88,1,1848.0
4877,2026-07-06,P012,WH-MW,92,91,1,1911.0
4878,2026-07-13,P012,WH-MW,79,72,7,1512.0
4879,2026-07-20,P012,WH-MW,93,92,1,1932.0
4880,2026-07-27,P012,WH-MW,95,93,2,1953.0
4881,2026-08-03,P012,WH-MW,106,104,2,2184.0
4882,2026-08-10,P012,WH-MW,105,103,2,2163.0
4883,2026-08-17,P012,WH-MW,92,91,1,1911.0
4884,2026-08-24,P012,WH-MW,107,104,3,2184.0
4885,2026-08-31,P012,WH-MW,88,87,1,1827.0
4886,2026-09-07,P012,WH-MW,102,87,15,1827.0
4887,2026-09-14,P012,WH-MW,109,107,2,2247.0
4888,2026-09-21,P012,WH-MW,98,97,1,2037.0
4889,2024-09-30,P012,WH-W,73,72,1,1512.0
4890,2024-10-07,P012,WH-W,92,90,2,1890.0
4891,2024-10-14,P012,WH-W,77,76,1,1596.0
4892,2024-10-21,P012,WH-W,81,79,2,1659.0
4893,2024-10-28,P012,WH-W,74,72,2,1512.0
4894,2024-11-04,P012,WH-W,68,67,1,1407.0
4895,2024-11-11,P012,WH-W,68,67,1,1407.0
4896,2024-11-18,P012,WH-W,66,66,0,1386.0
4897,2024-11-25,P012,WH-W,85,85,0,1785.0
4898,2024-12-02,P012,WH-W,71,69,2,1449.0
4899,2024-12-09,P012,WH-W,77,76,1,1596.0
4900,2024-12-16,P012,WH-W,73,73,0,1533.0
4901,2024-12-23,P012,WH-W,76,75,1,1575.0
4902,2024-12-30,P012,WH-W,63,62,1,1302.0
4903,2025-01-06,P012,WH-W,78,76,2,1596.0
4904,2025-01-13,P012,WH-W,62,61,1,1281.0
4905,2025-01-20,P012,WH-W,69,68,1,1428.0
4906,2025-01-27,P012,WH-W,67,65,2,1365.0
4907,2025-02-03,P012,WH-W,63,62,1,1302.0
4908,2025-02-10,P012,WH-W,66,65,1,1365.0
4909,2025-02-17,P012,WH-W,61,61,0,1281.0
4910,2025-02-24,P012,WH-W,55,54,1,1134.0
4911,2025-03-03,P012,WH-W,54,53,1,1113.0
4912,2025-03-10,P012,WH-W,72,71,1,1491.0
4913,2025-03-17,P012,WH-W,60,59,1,1239.0
4914,2025-03-24,P012,WH-W,68,67,1,1407.0
4915,2025-03-31,P012,WH-W,72,72,0,1512.0
4916,2025-04-07,P012,WH-W,63,62,1,1302.0
4917,2025-04-14,P012,WH-W,65,64,1,1344.0
4918,2025-04-21,P012,WH-W,74,72,2,1512.0
4919,2025-04-28,P012,WH-W,66,64,2,1344.0
4920,2025-05-05,P012,WH-W,81,80,1,1680.0
4921,2025-05-12,P012,WH-W,71,70,1,1470.0
4922,2025-05-19,P012,WH-W,66,65,1,1365.0
4923,2025-05-26,P012,WH-W,85,85,0,1785.0
4924,2025-06-02,P012,WH-W,88,86,2,1806.0
4925,2025-06-09,P012,WH-W,79,78,1,1638.0
4926,2025-06-16,P012,WH-W,82,81,1,1701.0
4927,2025-06-23,P012,WH-W,74,74,0,1554.0
4928,2025-06-30,P012,WH-W,70,70,0,1470.0
4929,2025-07-07,P012,WH-W,68,67,1,1407.0
4930,2025-07-14,P012,WH-W,71,70,1,1470.0
4931,2025-07-21,P012,WH-W,77,77,0,1617.0
4932,2025-07-28,P012,WH-W,81,81,0,1701.0
4933,2025-08-04,P012,WH-W,96,95,1,1995.0
4934,2025-08-11,P012,WH-W,94,92,2,1932.0
4935,2025-08-18,P012,WH-W,84,84,0,1764.0
4936,2025-08-25,P012,WH-W,74,74,0,1554.0
4937,2025-09-01,P012,WH-W,92,90,2,1890.0
4938,2025-09-08,P012,WH-W,73,71,2,1491.0
4939,2025-09-15,P012,WH-W,84,83,1,1743.0
4940,2025-09-22,P012,WH-W,87,85,2,1785.0
4941,2025-09-29,P012,WH-W,75,74,1,1554.0
4942,2025-10-06,P012,WH-W,79,79,0,1659.0
4943,2025-10-13,P012,WH-W,78,78,0,1638.0
4944,2025-10-20,P012,WH-W,83,82,1,1722.0
4945,2025-10-27,P012,WH-W,72,71,1,1491.0
4946,2025-11-03,P012,WH-W,66,65,1,1365.0
4947,2025-11-10,P012,WH-W,79,77,2,1617.0
4948,2025-11-17,P012,WH-W,70,68,2,1428.0
4949,2025-11-24,P012,WH-W,64,56,8,1176.0
4950,2025-12-01,P012,WH-W,72,72,0,1512.0
4951,2025-12-08,P012,WH-W,81,80,1,1680.0
4952,2025-12-15,P012,WH-W,75,74,1,1554.0
4953,2025-12-22,P012,WH-W,71,71,0,1491.0
4954,2025-12-29,P012,WH-W,64,63,1,1323.0
4955,2026-01-05,P012,WH-W,83,83,0,1743.0
4956,2026-01-12,P012,WH-W,79,77,2,1617.0
4957,2026-01-19,P012,WH-W,75,74,1,1554.0
4958,2026-01-26,P012,WH-W,76,75,1,1575.0
4959,2026-02-02,P012,WH-W,59,58,1,1218.0
4960,2026-02-09,P012,WH-W,63,60,3,1260.0
4961,2026-02-16,P012,WH-W,65,64,1,1344.0
4962,2026-02-23,P012,WH-W,69,69,0,1449.0
4963,2026-03-02,P012,WH-W,69,68,1,1428.0
4964,2026-03-09,P012,WH-W,75,75,0,1575.0
4965,2026-03-16,P012,WH-W,75,73,2,1533.0
4966,2026-03-23,P012,WH-W,68,67,1,1407.0
4967,2026-03-30,P012,WH-W,79,77,2,1617.0
4968,2026-04-06,P012,WH-W,73,73,0,1533.0
4969,2026-04-13,P012,WH-W,82,82,0,1722.0
4970,2026-04-20,P012,WH-W,98,97,1,2037.0
4971,2026-04-27,P012,WH-W,67,59,8,1239.0
4972,2026-05-04,P012,WH-W,77,76,1,1596.0
4973,2026-05-11,P012,WH-W,79,77,2,1617.0
4974,2026-05-18,P012,WH-W,86,86,0,1806.0
4975,2026-05-25,P012,WH-W,73,71,2,1491.0
4976,2026-06-01,P012,WH-W,72,71,1,1491.0
4977,2026-06-08,P012,WH-W,80,78,2,1638.0
4978,2026-06-15,P012,WH-W,88,87,1,1827.0
4979,2026-06-22,P012,WH-W,86,84,2,1764.0
4980,2026-06-29,P012,WH-W,89,87,2,1827.0
4981,2026-07-06,P012,WH-W,86,85,1,1785.0
4982,2026-07-13,P012,WH-W,79,68,11,1428.0
4983,2026-07-20,P012,WH-W,85,84,1,1764.0
4984,2026-07-27,P012,WH-W,87,77,10,1617.0
4985,2026-08-03,P012,WH-W,81,81,0,1701.0
4986,2026-08-10,P012,WH-W,81,81,0,1701.0
4987,2026-08-17,P012,WH-W,94,94,0,1974.0
4988,2026-08-24,P012,WH-W,99,99,0,2079.0
4989,2026-08-31,P012,WH-W,90,89,1,1869.0
4990,2026-09-07,P012,WH-W,86,84,2,1764.0
4991,2026-09-14,P012,WH-W,82,81,1,1701.0
4992,2026-09-21,P012,WH-W,81,80,1,1680.0
4993,2024-09-30,P013,WH-NE,70,69,1,1897.5
4994,2024-10-07,P013,WH-NE,60,57,3,1567.5
4995,2024-10-14,P013,WH-NE,70,63,7,1732.5
4996,2024-10-21,P013,WH-NE,59,59,0,1622.5
4997,2024-10-28,P013,WH-NE,66,66,0,1815.0
4998,2024-11-04,P013,WH-NE,76,71,5,1952.5
4999,2024-11-11,P013,WH-NE,61,60,1,1650.0
5000,2024-11-18,P013,WH-NE,65,64,1,1760.0
5001,2024-11-25,P013,WH-NE,66,66,0,1815.0
5002,2024-12-02,P013,WH-NE,77,76,1,2090.0
5003,2024-12-09,P013,WH-NE,62,61,1,1677.5
5004,2024-12-16,P013,WH-NE,66,65,1,1787.5
5005,2024-12-23,P013,WH-NE,67,66,1,1815.0
5006,2024-12-30,P013,WH-NE,69,68,1,1870.0
5007,2025-01-06,P013,WH-NE,83,81,2,2227.5
5008,2025-01-13,P013,WH-NE,64,64,0,1760.0
5009,2025-01-20,P013,WH-NE,67,66,1,1815.0
5010,2025-01-27,P013,WH-NE,68,67,1,1842.5
5011,2025-02-03,P013,WH-NE,67,66,1,1815.0
5012,2025-02-10,P013,WH-NE,67,66,1,1815.0
5013,2025-02-17,P013,WH-NE,64,63,1,1732.5
5014,2025-02-24,P013,WH-NE,61,61,0,1677.5
5015,2025-03-03,P013,WH-NE,74,73,1,2007.5
5016,2025-03-10,P013,WH-NE,52,51,1,1402.5
5017,2025-03-17,P013,WH-NE,57,57,0,1567.5
5018,2025-03-24,P013,WH-NE,57,56,1,1540.0
5019,2025-03-31,P013,WH-NE,56,55,1,1512.5
5020,2025-04-07,P013,WH-NE,65,65,0,1787.5
5021,2025-04-14,P013,WH-NE,66,65,1,1787.5
5022,2025-04-21,P013,WH-NE,55,54,1,1485.0
5023,2025-04-28,P013,WH-NE,60,59,1,1622.5
5024,2025-05-05,P013,WH-NE,51,50,1,1375.0
5025,2025-05-12,P013,WH-NE,53,53,0,1457.5
5026,2025-05-19,P013,WH-NE,64,63,1,1732.5
5027,2025-05-26,P013,WH-NE,66,66,0,1815.0
5028,2025-06-02,P013,WH-NE,77,77,0,2117.5
5029,2025-06-09,P013,WH-NE,65,65,0,1787.5
5030,2025-06-16,P013,WH-NE,65,65,0,1787.5
5031,2025-06-23,P013,WH-NE,57,56,1,1540.0
5032,2025-06-30,P013,WH-NE,54,54,0,1485.0
5033,2025-07-07,P013,WH-NE,60,59,1,1622.5
5034,2025-07-14,P013,WH-NE,73,71,2,1952.5
5035,2025-07-21,P013,WH-NE,61,60,1,1650.0
5036,2025-07-28,P013,WH-NE,61,60,1,1650.0
5037,2025-08-04,P013,WH-NE,60,60,0,1650.0
5038,2025-08-11,P013,WH-NE,64,63,1,1732.5
5039,2025-08-18,P013,WH-NE,61,61,0,1677.5
5040,2025-08-25,P013,WH-NE,61,61,0,1677.5
5041,2025-09-01,P013,WH-NE,71,69,2,1897.5
5042,2025-09-08,P013,WH-NE,63,62,1,1705.0
5043,2025-09-15,P013,WH-NE,66,65,1,1787.5
5044,2025-09-22,P013,WH-NE,68,67,1,1842.5
5045,2025-09-29,P013,WH-NE,70,69,1,1897.5
5046,2025-10-06,P013,WH-NE,72,71,1,1952.5
5047,2025-10-13,P013,WH-NE,72,71,1,1952.5
5048,2025-10-20,P013,WH-NE,72,71,1,1952.5
5049,2025-10-27,P013,WH-NE,68,67,1,1842.5
5050,2025-11-03,P013,WH-NE,72,71,1,1952.5
5051,2025-11-10,P013,WH-NE,78,77,1,2117.5
5052,2025-11-17,P013,WH-NE,76,76,0,2090.0
5053,2025-11-24,P013,WH-NE,64,63,1,1732.5
5054,2025-12-01,P013,WH-NE,75,74,1,2035.0
5055,2025-12-08,P013,WH-NE,70,69,1,1897.5
5056,2025-12-15,P013,WH-NE,69,68,1,1870.0
5057,2025-12-22,P013,WH-NE,73,72,1,1980.0
5058,2025-12-29,P013,WH-NE,70,70,0,1925.0
5059,2026-01-05,P013,WH-NE,65,64,1,1760.0
5060,2026-01-12,P013,WH-NE,78,78,0,2145.0
5061,2026-01-19,P013,WH-NE,75,75,0,2062.5
5062,2026-01-26,P013,WH-NE,74,74,0,2035.0
5063,2026-02-02,P013,WH-NE,73,72,1,1980.0
5064,2026-02-09,P013,WH-NE,63,62,1,1705.0
5065,2026-02-16,P013,WH-NE,55,54,1,1485.0
5066,2026-02-23,P013,WH-NE,74,73,1,2007.5
5067,2026-03-02,P013,WH-NE,69,68,1,1870.0
5068,2026-03-09,P013,WH-NE,70,69,1,1897.5
5069,2026-03-16,P013,WH-NE,66,65,1,1787.5
5070,2026-03-23,P013,WH-NE,63,62,1,1705.0
5071,2026-03-30,P013,WH-NE,60,59,1,1622.5
5072,2026-04-06,P013,WH-NE,71,71,0,1952.5
5073,2026-04-13,P013,WH-NE,80,78,2,2145.0
5074,2026-04-20,P013,WH-NE,77,76,1,2090.0
5075,2026-04-27,P013,WH-NE,71,70,1,1925.0
5076,2026-05-04,P013,WH-NE,60,54,6,1485.0
5077,2026-05-11,P013,WH-NE,62,62,0,1705.0
5078,2026-05-18,P013,WH-NE,64,64,0,1760.0
5079,2026-05-25,P013,WH-NE,67,67,0,1842.5
5080,2026-06-01,P013,WH-NE,57,56,1,1540.0
5081,2026-06-08,P013,WH-NE,64,63,1,1732.5
5082,2026-06-15,P013,WH-NE,68,67,1,1842.5
5083,2026-06-22,P013,WH-NE,63,62,1,1705.0
5084,2026-06-29,P013,WH-NE,64,64,0,1760.0
5085,2026-07-06,P013,WH-NE,66,65,1,1787.5
5086,2026-07-13,P013,WH-NE,66,66,0,1815.0
5087,2026-07-20,P013,WH-NE,63,62,1,1705.0
5088,2026-07-27,P013,WH-NE,73,72,1,1980.0
5089,2026-08-03,P013,WH-NE,71,66,5,1815.0
5090,2026-08-10,P013,WH-NE,65,63,2,1732.5
5091,2026-08-17,P013,WH-NE,70,69,1,1897.5
5092,2026-08-24,P013,WH-NE,73,73,0,2007.5
5093,2026-08-31,P013,WH-NE,71,70,1,1925.0
5094,2026-09-07,P013,WH-NE,77,76,1,2090.0
5095,2026-09-14,P013,WH-NE,85,84,1,2310.0
5096,2026-09-21,P013,WH-NE,75,75,0,2062.5
5097,2024-09-30,P013,WH-SE,42,42,0,1155.0
5098,2024-10-07,P013,WH-SE,48,45,3,1237.5
5099,2024-10-14,P013,WH-SE,58,58,0,1595.0
5100,2024-10-21,P013,WH-SE,49,48,1,1320.0
5101,2024-10-28,P013,WH-SE,60,60,0,1650.0
5102,2024-11-04,P013,WH-SE,53,52,1,1430.0
5103,2024-11-11,P013,WH-SE,59,59,0,1622.5
5104,2024-11-18,P013,WH-SE,63,62,1,1705.0
5105,2024-11-25,P013,WH-SE,64,63,1,1732.5
5106,2024-12-02,P013,WH-SE,54,53,1,1457.5
5107,2024-12-09,P013,WH-SE,52,52,0,1430.0
5108,2024-12-16,P013,WH-SE,61,60,1,1650.0
5109,2024-12-23,P013,WH-SE,56,56,0,1540.0
5110,2024-12-30,P013,WH-SE,60,59,1,1622.5
5111,2025-01-06,P013,WH-SE,58,58,0,1595.0
5112,2025-01-13,P013,WH-SE,51,51,0,1402.5
5113,2025-01-20,P013,WH-SE,53,52,1,1430.0
5114,2025-01-27,P013,WH-SE,60,59,1,1622.5
5115,2025-02-03,P013,WH-SE,54,53,1,1457.5
5116,2025-02-10,P013,WH-SE,49,48,1,1320.0
5117,2025-02-17,P013,WH-SE,62,62,0,1705.0
5118,2025-02-24,P013,WH-SE,56,55,1,1512.5
5119,2025-03-03,P013,WH-SE,51,50,1,1375.0
5120,2025-03-10,P013,WH-SE,40,39,1,1072.5
5121,2025-03-17,P013,WH-SE,56,53,3,1457.5
5122,2025-03-24,P013,WH-SE,40,40,0,1100.0
5123,2025-03-31,P013,WH-SE,57,56,1,1540.0
5124,2025-04-07,P013,WH-SE,44,38,6,1045.0
5125,2025-04-14,P013,WH-SE,56,56,0,1540.0
5126,2025-04-21,P013,WH-SE,49,49,0,1347.5
5127,2025-04-28,P013,WH-SE,45,44,1,1210.0
5128,2025-05-05,P013,WH-SE,41,41,0,1127.5
5129,2025-05-12,P013,WH-SE,46,46,0,1265.0
5130,2025-05-19,P013,WH-SE,43,42,1,1155.0
5131,2025-05-26,P013,WH-SE,54,53,1,1457.5
5132,2025-06-02,P013,WH-SE,52,52,0,1430.0
5133,2025-06-09,P013,WH-SE,47,41,6,1127.5
5134,2025-06-16,P013,WH-SE,42,41,1,1127.5
5135,2025-06-23,P013,WH-SE,43,42,1,1155.0
5136,2025-06-30,P013,WH-SE,46,45,1,1237.5
5137,2025-07-07,P013,WH-SE,51,50,1,1375.0
5138,2025-07-14,P013,WH-SE,50,49,1,1347.5
5139,2025-07-21,P013,WH-SE,53,53,0,1457.5
5140,2025-07-28,P013,WH-SE,47,46,1,1265.0
5141,2025-08-04,P013,WH-SE,54,53,1,1457.5
5142,2025-08-11,P013,WH-SE,52,51,1,1402.5
5143,2025-08-18,P013,WH-SE,59,58,1,1595.0
5144,2025-08-25,P013,WH-SE,52,52,0,1430.0
5145,2025-09-01,P013,WH-SE,57,57,0,1567.5
5146,2025-09-08,P013,WH-SE,57,57,0,1567.5
5147,2025-09-15,P013,WH-SE,63,62,1,1705.0
5148,2025-09-22,P013,WH-SE,56,55,1,1512.5
5149,2025-09-29,P013,WH-SE,58,57,1,1567.5
5150,2025-10-06,P013,WH-SE,59,58,1,1595.0
5151,2025-10-13,P013,WH-SE,57,57,0,1567.5
5152,2025-10-20,P013,WH-SE,70,68,2,1870.0
5153,2025-10-27,P013,WH-SE,66,66,0,1815.0
5154,2025-11-03,P013,WH-SE,64,64,0,1760.0
5155,2025-11-10,P013,WH-SE,57,56,1,1540.0
5156,2025-11-17,P013,WH-SE,58,58,0,1595.0
5157,2025-11-24,P013,WH-SE,54,53,1,1457.5
5158,2025-12-01,P013,WH-SE,60,55,5,1512.5
5159,2025-12-08,P013,WH-SE,62,61,1,1677.5
5160,2025-12-15,P013,WH-SE,55,51,4,1402.5
5161,2025-12-22,P013,WH-SE,67,66,1,1815.0
5162,2025-12-29,P013,WH-SE,63,62,1,1705.0
5163,2026-01-05,P013,WH-SE,62,61,1,1677.5
5164,2026-01-12,P013,WH-SE,59,58,1,1595.0
5165,2026-01-19,P013,WH-SE,61,61,0,1677.5
5166,2026-01-26,P013,WH-SE,59,59,0,1622.5
5167,2026-02-02,P013,WH-SE,58,57,1,1567.5
5168,2026-02-09,P013,WH-SE,55,54,1,1485.0
5169,2026-02-16,P013,WH-SE,63,62,1,1705.0
5170,2026-02-23,P013,WH-SE,62,61,1,1677.5
5171,2026-03-02,P013,WH-SE,55,54,1,1485.0
5172,2026-03-09,P013,WH-SE,57,56,1,1540.0
5173,2026-03-16,P013,WH-SE,50,50,0,1375.0
5174,2026-03-23,P013,WH-SE,42,42,0,1155.0
5175,2026-03-30,P013,WH-SE,51,51,0,1402.5
5176,2026-04-06,P013,WH-SE,48,47,1,1292.5
5177,2026-04-13,P013,WH-SE,53,53,0,1457.5
5178,2026-04-20,P013,WH-SE,61,60,1,1650.0
5179,2026-04-27,P013,WH-SE,55,55,0,1512.5
5180,2026-05-04,P013,WH-SE,59,58,1,1595.0
5181,2026-05-11,P013,WH-SE,46,45,1,1237.5
5182,2026-05-18,P013,WH-SE,51,50,1,1375.0
5183,2026-05-25,P013,WH-SE,54,54,0,1485.0
5184,2026-06-01,P013,WH-SE,50,49,1,1347.5
5185,2026-06-08,P013,WH-SE,56,55,1,1512.5
5186,2026-06-15,P013,WH-SE,56,55,1,1512.5
5187,2026-06-22,P013,WH-SE,60,59,1,1622.5
5188,2026-06-29,P013,WH-SE,50,49,1,1347.5
5189,2026-07-06,P013,WH-SE,53,52,1,1430.0
5190,2026-07-13,P013,WH-SE,54,53,1,1457.5
5191,2026-07-20,P013,WH-SE,57,56,1,1540.0
5192,2026-07-27,P013,WH-SE,59,58,1,1595.0
5193,2026-08-03,P013,WH-SE,61,61,0,1677.5
5194,2026-08-10,P013,WH-SE,54,53,1,1457.5
5195,2026-08-17,P013,WH-SE,56,55,1,1512.5
5196,2026-08-24,P013,WH-SE,53,51,2,1402.5
5197,2026-08-31,P013,WH-SE,65,65,0,1787.5
5198,2026-09-07,P013,WH-SE,54,54,0,1485.0
5199,2026-09-14,P013,WH-SE,57,57,0,1567.5
5200,2026-09-21,P013,WH-SE,57,56,1,1540.0
5201,2024-09-30,P013,WH-MW,69,68,1,1870.0
5202,2024-10-07,P013,WH-MW,69,69,0,1897.5
5203,2024-10-14,P013,WH-MW,58,49,9,1347.5
5204,2024-10-21,P013,WH-MW,59,58,1,1595.0
5205,2024-10-28,P013,WH-MW,56,55,1,1512.5
5206,2024-11-04,P013,WH-MW,66,65,1,1787.5
5207,2024-11-11,P013,WH-MW,62,62,0,1705.0
5208,2024-11-18,P013,WH-MW,67,66,1,1815.0
5209,2024-11-25,P013,WH-MW,56,55,1,1512.5
5210,2024-12-02,P013,WH-MW,64,63,1,1732.5
5211,2024-12-09,P013,WH-MW,58,58,0,1595.0
5212,2024-12-16,P013,WH-MW,56,52,4,1430.0
5213,2024-12-23,P013,WH-MW,63,63,0,1732.5
5214,2024-12-30,P013,WH-MW,68,67,1,1842.5
5215,2025-01-06,P013,WH-MW,65,65,0,1787.5
5216,2025-01-13,P013,WH-MW,70,69,1,1897.5
5217,2025-01-20,P013,WH-MW,51,50,1,1375.0
5218,2025-01-27,P013,WH-MW,60,59,1,1622.5
5219,2025-02-03,P013,WH-MW,70,70,0,1925.0
5220,2025-02-10,P013,WH-MW,55,55,0,1512.5
5221,2025-02-17,P013,WH-MW,50,49,1,1347.5
5222,2025-02-24,P013,WH-MW,54,53,1,1457.5
5223,2025-03-03,P013,WH-MW,68,60,8,1650.0
5224,2025-03-10,P013,WH-MW,61,61,0,1677.5
5225,2025-03-17,P013,WH-MW,65,65,0,1787.5
5226,2025-03-24,P013,WH-MW,55,55,0,1512.5
5227,2025-03-31,P013,WH-MW,54,53,1,1457.5
5228,2025-04-07,P013,WH-MW,57,57,0,1567.5
5229,2025-04-14,P013,WH-MW,60,60,0,1650.0
5230,2025-04-21,P013,WH-MW,59,58,1,1595.0
5231,2025-04-28,P013,WH-MW,60,59,1,1622.5
5232,2025-05-05,P013,WH-MW,53,53,0,1457.5
5233,2025-05-12,P013,WH-MW,51,50,1,1375.0
5234,2025-05-19,P013,WH-MW,46,45,1,1237.5
5235,2025-05-26,P013,WH-MW,54,54,0,1485.0
5236,2025-06-02,P013,WH-MW,62,61,1,1677.5
5237,2025-06-09,P013,WH-MW,55,55,0,1512.5
5238,2025-06-16,P013,WH-MW,56,55,1,1512.5
5239,2025-06-23,P013,WH-MW,58,54,4,1485.0
5240,2025-06-30,P013,WH-MW,46,46,0,1265.0
5241,2025-07-07,P013,WH-MW,56,55,1,1512.5
5242,2025-07-14,P013,WH-MW,61,61,0,1677.5
5243,2025-07-21,P013,WH-MW,62,61,1,1677.5
5244,2025-07-28,P013,WH-MW,54,53,1,1457.5
5245,2025-08-04,P013,WH-MW,51,50,1,1375.0
5246,2025-08-11,P013,WH-MW,60,59,1,1622.5
5247,2025-08-18,P013,WH-MW,67,66,1,1815.0
5248,2025-08-25,P013,WH-MW,63,63,0,1732.5
5249,2025-09-01,P013,WH-MW,57,56,1,1540.0
5250,2025-09-08,P013,WH-MW,65,65,0,1787.5
5251,2025-09-15,P013,WH-MW,59,58,1,1595.0
5252,2025-09-22,P013,WH-MW,58,58,0,1595.0
5253,2025-09-29,P013,WH-MW,70,69,1,1897.5
5254,2025-10-06,P013,WH-MW,77,77,0,2117.5
5255,2025-10-13,P013,WH-MW,77,76,1,2090.0
5256,2025-10-20,P013,WH-MW,76,69,7,1897.5
5257,2025-10-27,P013,WH-MW,65,65,0,1787.5
5258,2025-11-03,P013,WH-MW,75,74,1,2035.0
5259,2025-11-10,P013,WH-MW,59,58,1,1595.0
5260,2025-11-17,P013,WH-MW,61,52,9,1430.0
5261,2025-11-24,P013,WH-MW,71,70,1,1925.0
5262,2025-12-01,P013,WH-MW,66,65,1,1787.5
5263,2025-12-08,P013,WH-MW,73,72,1,1980.0
5264,2025-12-15,P013,WH-MW,64,63,1,1732.5
5265,2025-12-22,P013,WH-MW,65,65,0,1787.5
5266,2025-12-29,P013,WH-MW,75,74,1,2035.0
5267,2026-01-05,P013,WH-MW,64,63,1,1732.5
5268,2026-01-12,P013,WH-MW,66,66,0,1815.0
5269,2026-01-19,P013,WH-MW,74,73,1,2007.5
5270,2026-01-26,P013,WH-MW,58,58,0,1595.0
5271,2026-02-02,P013,WH-MW,57,56,1,1540.0
5272,2026-02-09,P013,WH-MW,64,64,0,1760.0
5273,2026-02-16,P013,WH-MW,72,72,0,1980.0
5274,2026-02-23,P013,WH-MW,73,73,0,2007.5
5275,2026-03-02,P013,WH-MW,54,54,0,1485.0
5276,2026-03-09,P013,WH-MW,61,61,0,1677.5
5277,2026-03-16,P013,WH-MW,57,56,1,1540.0
5278,2026-03-23,P013,WH-MW,60,59,1,1622.5
5279,2026-03-30,P013,WH-MW,64,63,1,1732.5
5280,2026-04-06,P013,WH-MW,54,53,1,1457.5
5281,2026-04-13,P013,WH-MW,57,56,1,1540.0
5282,2026-04-20,P013,WH-MW,64,64,0,1760.0
5283,2026-04-27,P013,WH-MW,64,63,1,1732.5
5284,2026-05-04,P013,WH-MW,61,60,1,1650.0
5285,2026-05-11,P013,WH-MW,62,62,0,1705.0
5286,2026-05-18,P013,WH-MW,60,59,1,1622.5
5287,2026-05-25,P013,WH-MW,54,53,1,1457.5
5288,2026-06-01,P013,WH-MW,53,52,1,1430.0
5289,2026-06-08,P013,WH-MW,63,61,2,1677.5
5290,2026-06-15,P013,WH-MW,60,59,1,1622.5
5291,2026-06-22,P013,WH-MW,69,68,1,1870.0
5292,2026-06-29,P013,WH-MW,58,57,1,1567.5
5293,2026-07-06,P013,WH-MW,66,66,0,1815.0
5294,2026-07-13,P013,WH-MW,57,57,0,1567.5
5295,2026-07-20,P013,WH-MW,58,57,1,1567.5
5296,2026-07-27,P013,WH-MW,63,62,1,1705.0
5297,2026-08-03,P013,WH-MW,55,54,1,1485.0
5298,2026-08-10,P013,WH-MW,60,59,1,1622.5
5299,2026-08-17,P013,WH-MW,67,67,0,1842.5
5300,2026-08-24,P013,WH-MW,55,54,1,1485.0
5301,2026-08-31,P013,WH-MW,77,76,1,2090.0
5302,2026-09-07,P013,WH-MW,70,70,0,1925.0
5303,2026-09-14,P013,WH-MW,70,69,1,1897.5
5304,2026-09-21,P013,WH-MW,72,70,2,1925.0
5305,2024-09-30,P013,WH-W,46,46,0,1265.0
5306,2024-10-07,P013,WH-W,51,51,0,1402.5
5307,2024-10-14,P013,WH-W,54,53,1,1457.5
5308,2024-10-21,P013,WH-W,58,57,1,1567.5
5309,2024-10-28,P013,WH-W,53,52,1,1430.0
5310,2024-11-04,P013,WH-W,51,50,1,1375.0
5311,2024-11-11,P013,WH-W,56,56,0,1540.0
5312,2024-11-18,P013,WH-W,64,64,0,1760.0
5313,2024-11-25,P013,WH-W,52,51,1,1402.5
5314,2024-12-02,P013,WH-W,47,46,1,1265.0
5315,2024-12-09,P013,WH-W,56,55,1,1512.5
5316,2024-12-16,P013,WH-W,60,59,1,1622.5
5317,2024-12-23,P013,WH-W,54,53,1,1457.5
5318,2024-12-30,P013,WH-W,49,49,0,1347.5
5319,2025-01-06,P013,WH-W,52,51,1,1402.5
5320,2025-01-13,P013,WH-W,46,45,1,1237.5
5321,2025-01-20,P013,WH-W,49,49,0,1347.5
5322,2025-01-27,P013,WH-W,48,48,0,1320.0
5323,2025-02-03,P013,WH-W,53,52,1,1430.0
5324,2025-02-10,P013,WH-W,56,56,0,1540.0
5325,2025-02-17,P013,WH-W,52,51,1,1402.5
5326,2025-02-24,P013,WH-W,46,46,0,1265.0
5327,2025-03-03,P013,WH-W,45,38,7,1045.0
5328,2025-03-10,P013,WH-W,50,50,0,1375.0
5329,2025-03-17,P013,WH-W,44,43,1,1182.5
5330,2025-03-24,P013,WH-W,45,45,0,1237.5
5331,2025-03-31,P013,WH-W,54,53,1,1457.5
5332,2025-04-07,P013,WH-W,47,46,1,1265.0
5333,2025-04-14,P013,WH-W,43,42,1,1155.0
5334,2025-04-21,P013,WH-W,54,53,1,1457.5
5335,2025-04-28,P013,WH-W,42,42,0,1155.0
5336,2025-05-05,P013,WH-W,46,45,1,1237.5
5337,2025-05-12,P013,WH-W,41,38,3,1045.0
5338,2025-05-19,P013,WH-W,48,47,1,1292.5
5339,2025-05-26,P013,WH-W,52,51,1,1402.5
5340,2025-06-02,P013,WH-W,52,52,0,1430.0
5341,2025-06-09,P013,WH-W,43,43,0,1182.5
5342,2025-06-16,P013,WH-W,47,47,0,1292.5
5343,2025-06-23,P013,WH-W,46,45,1,1237.5
5344,2025-06-30,P013,WH-W,51,50,1,1375.0
5345,2025-07-07,P013,WH-W,42,41,1,1127.5
5346,2025-07-14,P013,WH-W,52,52,0,1430.0
5347,2025-07-21,P013,WH-W,44,38,6,1045.0
5348,2025-07-28,P013,WH-W,53,52,1,1430.0
5349,2025-08-04,P013,WH-W,50,49,1,1347.5
5350,2025-08-11,P013,WH-W,46,45,1,1237.5
5351,2025-08-18,P013,WH-W,54,53,1,1457.5
5352,2025-08-25,P013,WH-W,45,45,0,1237.5
5353,2025-09-01,P013,WH-W,58,58,0,1595.0
5354,2025-09-08,P013,WH-W,51,50,1,1375.0
5355,2025-09-15,P013,WH-W,51,51,0,1402.5
5356,2025-09-22,P013,WH-W,64,64,0,1760.0
5357,2025-09-29,P013,WH-W,57,56,1,1540.0
5358,2025-10-06,P013,WH-W,56,56,0,1540.0
5359,2025-10-13,P013,WH-W,52,50,2,1375.0
5360,2025-10-20,P013,WH-W,59,58,1,1595.0
5361,2025-10-27,P013,WH-W,67,66,1,1815.0
5362,2025-11-03,P013,WH-W,57,51,6,1402.5
5363,2025-11-10,P013,WH-W,59,58,1,1595.0
5364,2025-11-17,P013,WH-W,54,53,1,1457.5
5365,2025-11-24,P013,WH-W,55,54,1,1485.0
5366,2025-12-01,P013,WH-W,64,63,1,1732.5
5367,2025-12-08,P013,WH-W,61,61,0,1677.5
5368,2025-12-15,P013,WH-W,56,56,0,1540.0
5369,2025-12-22,P013,WH-W,59,59,0,1622.5
5370,2025-12-29,P013,WH-W,61,60,1,1650.0
5371,2026-01-05,P013,WH-W,44,44,0,1210.0
5372,2026-01-12,P013,WH-W,52,52,0,1430.0
5373,2026-01-19,P013,WH-W,54,53,1,1457.5
5374,2026-01-26,P013,WH-W,55,54,1,1485.0
5375,2026-02-02,P013,WH-W,54,53,1,1457.5
5376,2026-02-09,P013,WH-W,54,54,0,1485.0
5377,2026-02-16,P013,WH-W,56,55,1,1512.5
5378,2026-02-23,P013,WH-W,59,58,1,1595.0
5379,2026-03-02,P013,WH-W,41,41,0,1127.5
5380,2026-03-09,P013,WH-W,56,51,5,1402.5
5381,2026-03-16,P013,WH-W,50,50,0,1375.0
5382,2026-03-23,P013,WH-W,46,45,1,1237.5
5383,2026-03-30,P013,WH-W,53,53,0,1457.5
5384,2026-04-06,P013,WH-W,40,40,0,1100.0
5385,2026-04-13,P013,WH-W,45,45,0,1237.5
5386,2026-04-20,P013,WH-W,65,65,0,1787.5
5387,2026-04-27,P013,WH-W,50,49,1,1347.5
5388,2026-05-04,P013,WH-W,48,47,1,1292.5
5389,2026-05-11,P013,WH-W,47,47,0,1292.5
5390,2026-05-18,P013,WH-W,48,48,0,1320.0
5391,2026-05-25,P013,WH-W,52,51,1,1402.5
5392,2026-06-01,P013,WH-W,48,48,0,1320.0
5393,2026-06-08,P013,WH-W,42,41,1,1127.5
5394,2026-06-15,P013,WH-W,55,54,1,1485.0
5395,2026-06-22,P013,WH-W,40,39,1,1072.5
5396,2026-06-29,P013,WH-W,54,53,1,1457.5
5397,2026-07-06,P013,WH-W,45,44,1,1210.0
5398,2026-07-13,P013,WH-W,51,50,1,1375.0
5399,2026-07-20,P013,WH-W,54,54,0,1485.0
5400,2026-07-27,P013,WH-W,50,49,1,1347.5
5401,2026-08-03,P013,WH-W,57,57,0,1567.5
5402,2026-08-10,P013,WH-W,59,59,0,1622.5
5403,2026-08-17,P013,WH-W,53,52,1,1430.0
5404,2026-08-24,P013,WH-W,53,53,0,1457.5
5405,2026-08-31,P013,WH-W,53,53,0,1457.5
5406,2026-09-07,P013,WH-W,61,60,1,1650.0
5407,2026-09-14,P013,WH-W,63,62,1,1705.0
5408,2026-09-21,P013,WH-W,69,64,5,1760.0
5409,2024-09-30,P014,WH-NE,27,27,0,4995.0
5410,2024-10-07,P014,WH-NE,30,30,0,5550.0
5411,2024-10-14,P014,WH-NE,28,28,0,5180.0
5412,2024-10-21,P014,WH-NE,26,25,1,4625.0
5413,2024-10-28,P014,WH-NE,28,27,1,4995.0
5414,2024-11-04,P014,WH-NE,28,28,0,5180.0
5415,2024-11-11,P014,WH-NE,23,23,0,4255.0
5416,2024-11-18,P014,WH-NE,26,26,0,4810.0
5417,2024-11-25,P014,WH-NE,28,28,0,5180.0
5418,2024-12-02,P014,WH-NE,28,27,1,4995.0
5419,2024-12-09,P014,WH-NE,28,28,0,5180.0
5420,2024-12-16,P014,WH-NE,30,30,0,5550.0
5421,2024-12-23,P014,WH-NE,27,27,0,4995.0
5422,2024-12-30,P014,WH-NE,22,22,0,4070.0
5423,2025-01-06,P014,WH-NE,26,26,0,4810.0
5424,2025-01-13,P014,WH-NE,24,24,0,4440.0
5425,2025-01-20,P014,WH-NE,27,26,1,4810.0
5426,2025-01-27,P014,WH-NE,24,24,0,4440.0
5427,2025-02-03,P014,WH-NE,28,28,0,5180.0
5428,2025-02-10,P014,WH-NE,20,18,2,3330.0
5429,2025-02-17,P014,WH-NE,24,24,0,4440.0
5430,2025-02-24,P014,WH-NE,27,27,0,4995.0
5431,2025-03-03,P014,WH-NE,24,24,0,4440.0
5432,2025-03-10,P014,WH-NE,24,24,0,4440.0
5433,2025-03-17,P014,WH-NE,26,25,1,4625.0
5434,2025-03-24,P014,WH-NE,26,26,0,4810.0
5435,2025-03-31,P014,WH-NE,23,23,0,4255.0
5436,2025-04-07,P014,WH-NE,20,20,0,3700.0
5437,2025-04-14,P014,WH-NE,25,25,0,4625.0
5438,2025-04-21,P014,WH-NE,26,26,0,4810.0
5439,2025-04-28,P014,WH-NE,27,27,0,4995.0
5440,2025-05-05,P014,WH-NE,23,22,1,4070.0
5441,2025-05-12,P014,WH-NE,22,22,0,4070.0
5442,2025-05-19,P014,WH-NE,27,27,0,4995.0
5443,2025-05-26,P014,WH-NE,27,27,0,4995.0
5444,2025-06-02,P014,WH-NE,27,27,0,4995.0
5445,2025-06-09,P014,WH-NE,21,21,0,3885.0
5446,2025-06-16,P014,WH-NE,22,22,0,4070.0
5447,2025-06-23,P014,WH-NE,28,27,1,4995.0
5448,2025-06-30,P014,WH-NE,23,22,1,4070.0
5449,2025-07-07,P014,WH-NE,30,29,1,5365.0
5450,2025-07-14,P014,WH-NE,28,28,0,5180.0
5451,2025-07-21,P014,WH-NE,29,29,0,5365.0
5452,2025-07-28,P014,WH-NE,29,29,0,5365.0
5453,2025-08-04,P014,WH-NE,28,26,2,4810.0
5454,2025-08-11,P014,WH-NE,26,25,1,4625.0
5455,2025-08-18,P014,WH-NE,30,29,1,5365.0
5456,2025-08-25,P014,WH-NE,31,30,1,5550.0
5457,2025-09-01,P014,WH-NE,29,28,1,5180.0
5458,2025-09-08,P014,WH-NE,31,30,1,5550.0
5459,2025-09-15,P014,WH-NE,28,28,0,5180.0
5460,2025-09-22,P014,WH-NE,30,30,0,5550.0
5461,2025-09-29,P014,WH-NE,29,29,0,5365.0
5462,2025-10-06,P014,WH-NE,24,24,0,4440.0
5463,2025-10-13,P014,WH-NE,32,31,1,5735.0
5464,2025-10-20,P014,WH-NE,34,33,1,6105.0
5465,2025-10-27,P014,WH-NE,30,30,0,5550.0
5466,2025-11-03,P014,WH-NE,29,27,2,4995.0
5467,2025-11-10,P014,WH-NE,34,33,1,6105.0
5468,2025-11-17,P014,WH-NE,29,29,0,5365.0
5469,2025-11-24,P014,WH-NE,29,29,0,5365.0
5470,2025-12-01,P014,WH-NE,28,28,0,5180.0
5471,2025-12-08,P014,WH-NE,28,27,1,4995.0
5472,2025-12-15,P014,WH-NE,33,33,0,6105.0
5473,2025-12-22,P014,WH-NE,36,30,6,5550.0
5474,2025-12-29,P014,WH-NE,27,23,4,4255.0
5475,2026-01-05,P014,WH-NE,30,30,0,5550.0
5476,2026-01-12,P014,WH-NE,30,30,0,5550.0
5477,2026-01-19,P014,WH-NE,30,30,0,5550.0
5478,2026-01-26,P014,WH-NE,26,26,0,4810.0
5479,2026-02-02,P014,WH-NE,24,24,0,4440.0
5480,2026-02-09,P014,WH-NE,25,25,0,4625.0
5481,2026-02-16,P014,WH-NE,29,28,1,5180.0
5482,2026-02-23,P014,WH-NE,25,25,0,4625.0
5483,2026-03-02,P014,WH-NE,26,25,1,4625.0
5484,2026-03-09,P014,WH-NE,29,29,0,5365.0
5485,2026-03-16,P014,WH-NE,26,26,0,4810.0
5486,2026-03-23,P014,WH-NE,24,24,0,4440.0
5487,2026-03-30,P014,WH-NE,23,22,1,4070.0
5488,2026-04-06,P014,WH-NE,19,19,0,3515.0
5489,2026-04-13,P014,WH-NE,21,21,0,3885.0
5490,2026-04-20,P014,WH-NE,29,29,0,5365.0
5491,2026-04-27,P014,WH-NE,25,25,0,4625.0
5492,2026-05-04,P014,WH-NE,24,24,0,4440.0
5493,2026-05-11,P014,WH-NE,26,25,1,4625.0
5494,2026-05-18,P014,WH-NE,28,27,1,4995.0
5495,2026-05-25,P014,WH-NE,20,20,0,3700.0
5496,2026-06-01,P014,WH-NE,25,25,0,4625.0
5497,2026-06-08,P014,WH-NE,27,26,1,4810.0
5498,2026-06-15,P014,WH-NE,27,27,0,4995.0
5499,2026-06-22,P014,WH-NE,25,25,0,4625.0
5500,2026-06-29,P014,WH-NE,31,31,0,5735.0
5501,2026-07-06,P014,WH-NE,26,25,1,4625.0
5502,2026-07-13,P014,WH-NE,30,29,1,5365.0
5503,2026-07-20,P014,WH-NE,29,28,1,5180.0
5504,2026-07-27,P014,WH-NE,30,29,1,5365.0
5505,2026-08-03,P014,WH-NE,31,31,0,5735.0
5506,2026-08-10,P014,WH-NE,33,33,0,6105.0
5507,2026-08-17,P014,WH-NE,35,35,0,6475.0
5508,2026-08-24,P014,WH-NE,40,40,0,7400.0
5509,2026-08-31,P014,WH-NE,30,30,0,5550.0
5510,2026-09-07,P014,WH-NE,29,29,0,5365.0
5511,2026-09-14,P014,WH-NE,31,30,1,5550.0
5512,2026-09-21,P014,WH-NE,28,28,0,5180.0
5513,2024-09-30,P014,WH-SE,22,22,0,4070.0
5514,2024-10-07,P014,WH-SE,27,27,0,4995.0
5515,2024-10-14,P014,WH-SE,21,21,0,3885.0
5516,2024-10-21,P014,WH-SE,29,29,0,5365.0
5517,2024-10-28,P014,WH-SE,26,25,1,4625.0
5518,2024-11-04,P014,WH-SE,30,30,0,5550.0
5519,2024-11-11,P014,WH-SE,25,25,0,4625.0
5520,2024-11-18,P014,WH-SE,22,22,0,4070.0
5521,2024-11-25,P014,WH-SE,26,26,0,4810.0
5522,2024-12-02,P014,WH-SE,25,24,1,4440.0
5523,2024-12-09,P014,WH-SE,27,26,1,4810.0
5524,2024-12-16,P014,WH-SE,22,22,0,4070.0
5525,2024-12-23,P014,WH-SE,19,18,1,3330.0
5526,2024-12-30,P014,WH-SE,17,17,0,3145.0
5527,2025-01-06,P014,WH-SE,24,24,0,4440.0
5528,2025-01-13,P014,WH-SE,20,20,0,3700.0
5529,2025-01-20,P014,WH-SE,24,24,0,4440.0
5530,2025-01-27,P014,WH-SE,24,24,0,4440.0
5531,2025-02-03,P014,WH-SE,22,22,0,4070.0
5532,2025-02-10,P014,WH-SE,23,23,0,4255.0
5533,2025-02-17,P014,WH-SE,19,19,0,3515.0
5534,2025-02-24,P014,WH-SE,23,23,0,4255.0
5535,2025-03-03,P014,WH-SE,21,21,0,3885.0
5536,2025-03-10,P014,WH-SE,20,20,0,3700.0
5537,2025-03-17,P014,WH-SE,18,18,0,3330.0
5538,2025-03-24,P014,WH-SE,18,18,0,3330.0
5539,2025-03-31,P014,WH-SE,20,20,0,3700.0
5540,2025-04-07,P014,WH-SE,19,19,0,3515.0
5541,2025-04-14,P014,WH-SE,17,17,0,3145.0
5542,2025-04-21,P014,WH-SE,22,22,0,4070.0
5543,2025-04-28,P014,WH-SE,20,20,0,3700.0
5544,2025-05-05,P014,WH-SE,20,20,0,3700.0
5545,2025-05-12,P014,WH-SE,21,21,0,3885.0
5546,2025-05-19,P014,WH-SE,20,20,0,3700.0
5547,2025-05-26,P014,WH-SE,26,26,0,4810.0
5548,2025-06-02,P014,WH-SE,24,24,0,4440.0
5549,2025-06-09,P014,WH-SE,21,21,0,3885.0
5550,2025-06-16,P014,WH-SE,22,22,0,4070.0
5551,2025-06-23,P014,WH-SE,26,26,0,4810.0
5552,2025-06-30,P014,WH-SE,20,18,2,3330.0
5553,2025-07-07,P014,WH-SE,21,21,0,3885.0
5554,2025-07-14,P014,WH-SE,25,24,1,4440.0
5555,2025-07-21,P014,WH-SE,23,20,3,3700.0
5556,2025-07-28,P014,WH-SE,28,27,1,4995.0
5557,2025-08-04,P014,WH-SE,31,31,0,5735.0
5558,2025-08-11,P014,WH-SE,25,25,0,4625.0
5559,2025-08-18,P014,WH-SE,20,20,0,3700.0
5560,2025-08-25,P014,WH-SE,27,26,1,4810.0
5561,2025-09-01,P014,WH-SE,30,30,0,5550.0
5562,2025-09-08,P014,WH-SE,21,21,0,3885.0
5563,2025-09-15,P014,WH-SE,26,23,3,4255.0
5564,2025-09-22,P014,WH-SE,22,22,0,4070.0
5565,2025-09-29,P014,WH-SE,28,28,0,5180.0
5566,2025-10-06,P014,WH-SE,23,23,0,4255.0
5567,2025-10-13,P014,WH-SE,27,27,0,4995.0
5568,2025-10-20,P014,WH-SE,24,23,1,4255.0
5569,2025-10-27,P014,WH-SE,26,25,1,4625.0
5570,2025-11-03,P014,WH-SE,24,24,0,4440.0
5571,2025-11-10,P014,WH-SE,31,31,0,5735.0
5572,2025-11-17,P014,WH-SE,25,24,1,4440.0
5573,2025-11-24,P014,WH-SE,24,24,0,4440.0
5574,2025-12-01,P014,WH-SE,24,24,0,4440.0
5575,2025-12-08,P014,WH-SE,24,24,0,4440.0
5576,2025-12-15,P014,WH-SE,21,21,0,3885.0
5577,2025-12-22,P014,WH-SE,21,21,0,3885.0
5578,2025-12-29,P014,WH-SE,27,27,0,4995.0
5579,2026-01-05,P014,WH-SE,21,21,0,3885.0
5580,2026-01-12,P014,WH-SE,21,21,0,3885.0
5581,2026-01-19,P014,WH-SE,23,23,0,4255.0
5582,2026-01-26,P014,WH-SE,28,27,1,4995.0
5583,2026-02-02,P014,WH-SE,22,22,0,4070.0
5584,2026-02-09,P014,WH-SE,23,23,0,4255.0
5585,2026-02-16,P014,WH-SE,23,22,1,4070.0
5586,2026-02-23,P014,WH-SE,22,22,0,4070.0
5587,2026-03-02,P014,WH-SE,23,23,0,4255.0
5588,2026-03-09,P014,WH-SE,21,19,2,3515.0
5589,2026-03-16,P014,WH-SE,21,21,0,3885.0
5590,2026-03-23,P014,WH-SE,24,23,1,4255.0
5591,2026-03-30,P014,WH-SE,20,20,0,3700.0
5592,2026-04-06,P014,WH-SE,23,23,0,4255.0
5593,2026-04-13,P014,WH-SE,20,20,0,3700.0
5594,2026-04-20,P014,WH-SE,23,22,1,4070.0
5595,2026-04-27,P014,WH-SE,22,22,0,4070.0
5596,2026-05-04,P014,WH-SE,24,23,1,4255.0
5597,2026-05-11,P014,WH-SE,23,23,0,4255.0
5598,2026-05-18,P014,WH-SE,20,20,0,3700.0
5599,2026-05-25,P014,WH-SE,22,21,1,3885.0
5600,2026-06-01,P014,WH-SE,22,22,0,4070.0
5601,2026-06-08,P014,WH-SE,26,24,2,4440.0
5602,2026-06-15,P014,WH-SE,18,18,0,3330.0
5603,2026-06-22,P014,WH-SE,19,16,3,2960.0
5604,2026-06-29,P014,WH-SE,23,22,1,4070.0
5605,2026-07-06,P014,WH-SE,26,26,0,4810.0
5606,2026-07-13,P014,WH-SE,29,28,1,5180.0
5607,2026-07-20,P014,WH-SE,23,23,0,4255.0
5608,2026-07-27,P014,WH-SE,25,24,1,4440.0
5609,2026-08-03,P014,WH-SE,26,26,0,4810.0
5610,2026-08-10,P014,WH-SE,25,24,1,4440.0
5611,2026-08-17,P014,WH-SE,26,25,1,4625.0
5612,2026-08-24,P014,WH-SE,25,24,1,4440.0
5613,2026-08-31,P014,WH-SE,27,27,0,4995.0
5614,2026-09-07,P014,WH-SE,25,25,0,4625.0
5615,2026-09-14,P014,WH-SE,28,28,0,5180.0
5616,2026-09-21,P014,WH-SE,30,29,1,5365.0
5617,2024-09-30,P014,WH-MW,22,22,0,4070.0
5618,2024-10-07,P014,WH-MW,26,25,1,4625.0
5619,2024-10-14,P014,WH-MW,23,23,0,4255.0
5620,2024-10-21,P014,WH-MW,26,26,0,4810.0
5621,2024-10-28,P014,WH-MW,26,26,0,4810.0
5622,2024-11-04,P014,WH-MW,22,22,0,4070.0
5623,2024-11-11,P014,WH-MW,17,17,0,3145.0
5624,2024-11-18,P014,WH-MW,24,24,0,4440.0
5625,2024-11-25,P014,WH-MW,25,25,0,4625.0
5626,2024-12-02,P014,WH-MW,27,27,0,4995.0
5627,2024-12-09,P014,WH-MW,26,26,0,4810.0
5628,2024-12-16,P014,WH-MW,28,28,0,5180.0
5629,2024-12-23,P014,WH-MW,27,27,0,4995.0
5630,2024-12-30,P014,WH-MW,20,20,0,3700.0
5631,2025-01-06,P014,WH-MW,23,22,1,4070.0
5632,2025-01-13,P014,WH-MW,22,22,0,4070.0
5633,2025-01-20,P014,WH-MW,26,26,0,4810.0
5634,2025-01-27,P014,WH-MW,22,22,0,4070.0
5635,2025-02-03,P014,WH-MW,24,24,0,4440.0
5636,2025-02-10,P014,WH-MW,20,20,0,3700.0
5637,2025-02-17,P014,WH-MW,18,18,0,3330.0
5638,2025-02-24,P014,WH-MW,25,25,0,4625.0
5639,2025-03-03,P014,WH-MW,23,23,0,4255.0
5640,2025-03-10,P014,WH-MW,18,18,0,3330.0
5641,2025-03-17,P014,WH-MW,19,19,0,3515.0
5642,2025-03-24,P014,WH-MW,24,24,0,4440.0
5643,2025-03-31,P014,WH-MW,24,23,1,4255.0
5644,2025-04-07,P014,WH-MW,23,23,0,4255.0
5645,2025-04-14,P014,WH-MW,26,25,1,4625.0
5646,2025-04-21,P014,WH-MW,25,25,0,4625.0
5647,2025-04-28,P014,WH-MW,18,18,0,3330.0
5648,2025-05-05,P014,WH-MW,25,25,0,4625.0
5649,2025-05-12,P014,WH-MW,16,16,0,2960.0
5650,2025-05-19,P014,WH-MW,23,21,2,3885.0
5651,2025-05-26,P014,WH-MW,27,26,1,4810.0
5652,2025-06-02,P014,WH-MW,27,27,0,4995.0
5653,2025-06-09,P014,WH-MW,27,26,1,4810.0
5654,2025-06-16,P014,WH-MW,19,19,0,3515.0
5655,2025-06-23,P014,WH-MW,24,24,0,4440.0
5656,2025-06-30,P014,WH-MW,20,20,0,3700.0
5657,2025-07-07,P014,WH-MW,23,23,0,4255.0
5658,2025-07-14,P014,WH-MW,28,28,0,5180.0
5659,2025-07-21,P014,WH-MW,24,24,0,4440.0
5660,2025-07-28,P014,WH-MW,24,24,0,4440.0
5661,2025-08-04,P014,WH-MW,20,20,0,3700.0
5662,2025-08-11,P014,WH-MW,25,25,0,4625.0
5663,2025-08-18,P014,WH-MW,26,26,0,4810.0
5664,2025-08-25,P014,WH-MW,25,25,0,4625.0
5665,2025-09-01,P014,WH-MW,22,22,0,4070.0
5666,2025-09-08,P014,WH-MW,27,26,1,4810.0
5667,2025-09-15,P014,WH-MW,27,27,0,4995.0
5668,2025-09-22,P014,WH-MW,30,30,0,5550.0
5669,2025-09-29,P014,WH-MW,26,26,0,4810.0
5670,2025-10-06,P014,WH-MW,21,21,0,3885.0
5671,2025-10-13,P014,WH-MW,29,29,0,5365.0
5672,2025-10-20,P014,WH-MW,29,29,0,5365.0
5673,2025-10-27,P014,WH-MW,30,29,1,5365.0
5674,2025-11-03,P014,WH-MW,23,23,0,4255.0
5675,2025-11-10,P014,WH-MW,26,26,0,4810.0
5676,2025-11-17,P014,WH-MW,30,30,0,5550.0
5677,2025-11-24,P014,WH-MW,29,28,1,5180.0
5678,2025-12-01,P014,WH-MW,27,27,0,4995.0
5679,2025-12-08,P014,WH-MW,31,30,1,5550.0
5680,2025-12-15,P014,WH-MW,28,28,0,5180.0
5681,2025-12-22,P014,WH-MW,29,29,0,5365.0
5682,2025-12-29,P014,WH-MW,23,22,1,4070.0
5683,2026-01-05,P014,WH-MW,21,21,0,3885.0
5684,2026-01-12,P014,WH-MW,24,24,0,4440.0
5685,2026-01-19,P014,WH-MW,24,24,0,4440.0
5686,2026-01-26,P014,WH-MW,24,24,0,4440.0
5687,2026-02-02,P014,WH-MW,22,22,0,4070.0
5688,2026-02-09,P014,WH-MW,25,24,1,4440.0
5689,2026-02-16,P014,WH-MW,26,25,1,4625.0
5690,2026-02-23,P014,WH-MW,26,26,0,4810.0
5691,2026-03-02,P014,WH-MW,18,18,0,3330.0
5692,2026-03-09,P014,WH-MW,21,21,0,3885.0
5693,2026-03-16,P014,WH-MW,23,23,0,4255.0
5694,2026-03-23,P014,WH-MW,24,23,1,4255.0
5695,2026-03-30,P014,WH-MW,22,22,0,4070.0
5696,2026-04-06,P014,WH-MW,25,25,0,4625.0
5697,2026-04-13,P014,WH-MW,19,19,0,3515.0
5698,2026-04-20,P014,WH-MW,23,23,0,4255.0
5699,2026-04-27,P014,WH-MW,28,28,0,5180.0
5700,2026-05-04,P014,WH-MW,22,22,0,4070.0
5701,2026-05-11,P014,WH-MW,23,22,1,4070.0
5702,2026-05-18,P014,WH-MW,20,20,0,3700.0
5703,2026-05-25,P014,WH-MW,23,23,0,4255.0
5704,2026-06-01,P014,WH-MW,24,20,4,3700.0
5705,2026-06-08,P014,WH-MW,24,24,0,4440.0
5706,2026-06-15,P014,WH-MW,21,20,1,3700.0
5707,2026-06-22,P014,WH-MW,27,27,0,4995.0
5708,2026-06-29,P014,WH-MW,24,24,0,4440.0
5709,2026-07-06,P014,WH-MW,30,29,1,5365.0
5710,2026-07-13,P014,WH-MW,25,25,0,4625.0
5711,2026-07-20,P014,WH-MW,27,23,4,4255.0
5712,2026-07-27,P014,WH-MW,27,26,1,4810.0
5713,2026-08-03,P014,WH-MW,31,31,0,5735.0
5714,2026-08-10,P014,WH-MW,27,26,1,4810.0
5715,2026-08-17,P014,WH-MW,31,31,0,5735.0
5716,2026-08-24,P014,WH-MW,27,26,1,4810.0
5717,2026-08-31,P014,WH-MW,26,26,0,4810.0
5718,2026-09-07,P014,WH-MW,29,29,0,5365.0
5719,2026-09-14,P014,WH-MW,26,26,0,4810.0
5720,2026-09-21,P014,WH-MW,30,30,0,5550.0
5721,2024-09-30,P014,WH-W,26,26,0,4810.0
5722,2024-10-07,P014,WH-W,22,20,2,3700.0
5723,2024-10-14,P014,WH-W,24,24,0,4440.0
5724,2024-10-21,P014,WH-W,24,24,0,4440.0
5725,2024-10-28,P014,WH-W,22,22,0,4070.0
5726,2024-11-04,P014,WH-W,23,23,0,4255.0
5727,2024-11-11,P014,WH-W,28,28,0,5180.0
5728,2024-11-18,P014,WH-W,27,27,0,4995.0
5729,2024-11-25,P014,WH-W,19,19,0,3515.0
5730,2024-12-02,P014,WH-W,19,19,0,3515.0
5731,2024-12-09,P014,WH-W,24,21,3,3885.0
5732,2024-12-16,P014,WH-W,22,22,0,4070.0
5733,2024-12-23,P014,WH-W,21,19,2,3515.0
5734,2024-12-30,P014,WH-W,23,23,0,4255.0
5735,2025-01-06,P014,WH-W,21,21,0,3885.0
5736,2025-01-13,P014,WH-W,22,22,0,4070.0
5737,2025-01-20,P014,WH-W,20,20,0,3700.0
5738,2025-01-27,P014,WH-W,22,22,0,4070.0
5739,2025-02-03,P014,WH-W,14,14,0,2590.0
5740,2025-02-10,P014,WH-W,20,17,3,3145.0
5741,2025-02-17,P014,WH-W,23,23,0,4255.0
5742,2025-02-24,P014,WH-W,18,18,0,3330.0
5743,2025-03-03,P014,WH-W,22,22,0,4070.0
5744,2025-03-10,P014,WH-W,19,19,0,3515.0
5745,2025-03-17,P014,WH-W,19,19,0,3515.0
5746,2025-03-24,P014,WH-W,16,16,0,2960.0
5747,2025-03-31,P014,WH-W,20,20,0,3700.0
5748,2025-04-07,P014,WH-W,17,17,0,3145.0
5749,2025-04-14,P014,WH-W,19,19,0,3515.0
5750,2025-04-21,P014,WH-W,21,21,0,3885.0
5751,2025-04-28,P014,WH-W,19,19,0,3515.0
5752,2025-05-05,P014,WH-W,21,21,0,3885.0
5753,2025-05-12,P014,WH-W,18,18,0,3330.0
5754,2025-05-19,P014,WH-W,24,24,0,4440.0
5755,2025-05-26,P014,WH-W,20,18,2,3330.0
5756,2025-06-02,P014,WH-W,23,23,0,4255.0
5757,2025-06-09,P014,WH-W,16,16,0,2960.0
5758,2025-06-16,P014,WH-W,22,22,0,4070.0
5759,2025-06-23,P014,WH-W,19,19,0,3515.0
5760,2025-06-30,P014,WH-W,24,24,0,4440.0
5761,2025-07-07,P014,WH-W,18,18,0,3330.0
5762,2025-07-14,P014,WH-W,22,22,0,4070.0
5763,2025-07-21,P014,WH-W,25,25,0,4625.0
5764,2025-07-28,P014,WH-W,21,21,0,3885.0
5765,2025-08-04,P014,WH-W,27,27,0,4995.0
5766,2025-08-11,P014,WH-W,23,23,0,4255.0
5767,2025-08-18,P014,WH-W,22,22,0,4070.0
5768,2025-08-25,P014,WH-W,26,26,0,4810.0
5769,2025-09-01,P014,WH-W,23,23,0,4255.0
5770,2025-09-08,P014,WH-W,28,28,0,5180.0
5771,2025-09-15,P014,WH-W,22,22,0,4070.0
5772,2025-09-22,P014,WH-W,24,24,0,4440.0
5773,2025-09-29,P014,WH-W,24,24,0,4440.0
5774,2025-10-06,P014,WH-W,25,25,0,4625.0
5775,2025-10-13,P014,WH-W,23,23,0,4255.0
5776,2025-10-20,P014,WH-W,25,24,1,4440.0
5777,2025-10-27,P014,WH-W,30,29,1,5365.0
5778,2025-11-03,P014,WH-W,26,26,0,4810.0
5779,2025-11-10,P014,WH-W,24,23,1,4255.0
5780,2025-11-17,P014,WH-W,23,23,0,4255.0
5781,2025-11-24,P014,WH-W,28,27,1,4995.0
5782,2025-12-01,P014,WH-W,27,27,0,4995.0
5783,2025-12-08,P014,WH-W,26,26,0,4810.0
5784,2025-12-15,P014,WH-W,22,22,0,4070.0
5785,2025-12-22,P014,WH-W,25,23,2,4255.0
5786,2025-12-29,P014,WH-W,22,22,0,4070.0
5787,2026-01-05,P014,WH-W,24,24,0,4440.0
5788,2026-01-12,P014,WH-W,16,16,0,2960.0
5789,2026-01-19,P014,WH-W,25,25,0,4625.0
5790,2026-01-26,P014,WH-W,24,24,0,4440.0
5791,2026-02-02,P014,WH-W,21,21,0,3885.0
5792,2026-02-09,P014,WH-W,23,23,0,4255.0
5793,2026-02-16,P014,WH-W,20,20,0,3700.0
5794,2026-02-23,P014,WH-W,17,17,0,3145.0
5795,2026-03-02,P014,WH-W,22,22,0,4070.0
5796,2026-03-09,P014,WH-W,18,16,2,2960.0
5797,2026-03-16,P014,WH-W,21,21,0,3885.0
5798,2026-03-23,P014,WH-W,19,19,0,3515.0
5799,2026-03-30,P014,WH-W,21,21,0,3885.0
5800,2026-04-06,P014,WH-W,19,19,0,3515.0
5801,2026-04-13,P014,WH-W,25,25,0,4625.0
5802,2026-04-20,P014,WH-W,23,23,0,4255.0
5803,2026-04-27,P014,WH-W,22,22,0,4070.0
5804,2026-05-04,P014,WH-W,22,22,0,4070.0
5805,2026-05-11,P014,WH-W,23,23,0,4255.0
5806,2026-05-18,P014,WH-W,22,22,0,4070.0
5807,2026-05-25,P014,WH-W,21,21,0,3885.0
5808,2026-06-01,P014,WH-W,20,20,0,3700.0
5809,2026-06-08,P014,WH-W,23,22,1,4070.0
5810,2026-06-15,P014,WH-W,25,25,0,4625.0
5811,2026-06-22,P014,WH-W,26,26,0,4810.0
5812,2026-06-29,P014,WH-W,26,25,1,4625.0
5813,2026-07-06,P014,WH-W,24,24,0,4440.0
5814,2026-07-13,P014,WH-W,26,26,0,4810.0
5815,2026-07-20,P014,WH-W,23,23,0,4255.0
5816,2026-07-27,P014,WH-W,27,27,0,4995.0
5817,2026-08-03,P014,WH-W,31,31,0,5735.0
5818,2026-08-10,P014,WH-W,22,22,0,4070.0
5819,2026-08-17,P014,WH-W,27,27,0,4995.0
5820,2026-08-24,P014,WH-W,24,24,0,4440.0
5821,2026-08-31,P014,WH-W,26,26,0,4810.0
5822,2026-09-07,P014,WH-W,27,22,5,4070.0
5823,2026-09-14,P014,WH-W,29,29,0,5365.0
5824,2026-09-21,P014,WH-W,27,27,0,4995.0
5825,2024-09-30,P015,WH-NE,14,14,0,4130.0
5826,2024-10-07,P015,WH-NE,13,13,0,3835.0
5827,2024-10-14,P015,WH-NE,12,12,0,3540.0
5828,2024-10-21,P015,WH-NE,12,12,0,3540.0
5829,2024-10-28,P015,WH-NE,13,13,0,3835.0
5830,2024-11-04,P015,WH-NE,12,12,0,3540.0
5831,2024-11-11,P015,WH-NE,11,11,0,3245.0
5832,2024-11-18,P015,WH-NE,14,14,0,4130.0
5833,2024-11-25,P015,WH-NE,15,15,0,4425.0
5834,2024-12-02,P015,WH-NE,13,13,0,3835.0
5835,2024-12-09,P015,WH-NE,14,14,0,4130.0
5836,2024-12-16,P015,WH-NE,16,16,0,4720.0
5837,2024-12-23,P015,WH-NE,23,23,0,6785.0
5838,2024-12-30,P015,WH-NE,14,14,0,4130.0
5839,2025-01-06,P015,WH-NE,16,16,0,4720.0
5840,2025-01-13,P015,WH-NE,17,17,0,5015.0
5841,2025-01-20,P015,WH-NE,17,17,0,5015.0
5842,2025-01-27,P015,WH-NE,14,14,0,4130.0
5843,2025-02-03,P015,WH-NE,16,16,0,4720.0
5844,2025-02-10,P015,WH-NE,12,11,1,3245.0
5845,2025-02-17,P015,WH-NE,17,17,0,5015.0
5846,2025-02-24,P015,WH-NE,17,17,0,5015.0
5847,2025-03-03,P015,WH-NE,16,16,0,4720.0
5848,2025-03-10,P015,WH-NE,19,19,0,5605.0
5849,2025-03-17,P015,WH-NE,21,21,0,6195.0
5850,2025-03-24,P015,WH-NE,19,19,0,5605.0
5851,2025-03-31,P015,WH-NE,16,16,0,4720.0
5852,2025-04-07,P015,WH-NE,17,17,0,5015.0
5853,2025-04-14,P015,WH-NE,21,21,0,6195.0
5854,2025-04-21,P015,WH-NE,16,16,0,4720.0
5855,2025-04-28,P015,WH-NE,15,15,0,4425.0
5856,2025-05-05,P015,WH-NE,16,16,0,4720.0
5857,2025-05-12,P015,WH-NE,14,13,1,3835.0
5858,2025-05-19,P015,WH-NE,19,19,0,5605.0
5859,2025-05-26,P015,WH-NE,15,15,0,4425.0
5860,2025-06-02,P015,WH-NE,18,18,0,5310.0
5861,2025-06-09,P015,WH-NE,18,18,0,5310.0
5862,2025-06-16,P015,WH-NE,21,21,0,6195.0
5863,2025-06-23,P015,WH-NE,19,19,0,5605.0
5864,2025-06-30,P015,WH-NE,18,18,0,5310.0
5865,2025-07-07,P015,WH-NE,21,21,0,6195.0
5866,2025-07-14,P015,WH-NE,14,14,0,4130.0
5867,2025-07-21,P015,WH-NE,14,14,0,4130.0
5868,2025-07-28,P015,WH-NE,13,13,0,3835.0
5869,2025-08-04,P015,WH-NE,16,16,0,4720.0
5870,2025-08-11,P015,WH-NE,15,15,0,4425.0
5871,2025-08-18,P015,WH-NE,20,20,0,5900.0
5872,2025-08-25,P015,WH-NE,15,15,0,4425.0
5873,2025-09-01,P015,WH-NE,13,13,0,3835.0
5874,2025-09-08,P015,WH-NE,12,12,0,3540.0
5875,2025-09-15,P015,WH-NE,15,15,0,4425.0
5876,2025-09-22,P015,WH-NE,11,11,0,3245.0
5877,2025-09-29,P015,WH-NE,16,16,0,4720.0
5878,2025-10-06,P015,WH-NE,15,15,0,4425.0
5879,2025-10-13,P015,WH-NE,16,16,0,4720.0
5880,2025-10-20,P015,WH-NE,17,17,0,5015.0
5881,2025-10-27,P015,WH-NE,15,15,0,4425.0
5882,2025-11-03,P015,WH-NE,17,17,0,5015.0
5883,2025-11-10,P015,WH-NE,14,14,0,4130.0
5884,2025-11-17,P015,WH-NE,14,14,0,4130.0
5885,2025-11-24,P015,WH-NE,15,15,0,4425.0
5886,2025-12-01,P015,WH-NE,16,16,0,4720.0
5887,2025-12-08,P015,WH-NE,18,18,0,5310.0
5888,2025-12-15,P015,WH-NE,16,16,0,4720.0
5889,2025-12-22,P015,WH-NE,14,14,0,4130.0
5890,2025-12-29,P015,WH-NE,19,19,0,5605.0
5891,2026-01-05,P015,WH-NE,16,16,0,4720.0
5892,2026-01-12,P015,WH-NE,18,18,0,5310.0
5893,2026-01-19,P015,WH-NE,17,17,0,5015.0
5894,2026-01-26,P015,WH-NE,18,18,0,5310.0
5895,2026-02-02,P015,WH-NE,22,22,0,6490.0
5896,2026-02-09,P015,WH-NE,20,20,0,5900.0
5897,2026-02-16,P015,WH-NE,18,18,0,5310.0
5898,2026-02-23,P015,WH-NE,22,22,0,6490.0
5899,2026-03-02,P015,WH-NE,14,14,0,4130.0
5900,2026-03-09,P015,WH-NE,18,18,0,5310.0
5901,2026-03-16,P015,WH-NE,19,19,0,5605.0
5902,2026-03-23,P015,WH-NE,16,16,0,4720.0
5903,2026-03-30,P015,WH-NE,16,16,0,4720.0
5904,2026-04-06,P015,WH-NE,20,20,0,5900.0
5905,2026-04-13,P015,WH-NE,19,16,3,4720.0
5906,2026-04-20,P015,WH-NE,20,20,0,5900.0
5907,2026-04-27,P015,WH-NE,23,23,0,6785.0
5908,2026-05-04,P015,WH-NE,18,18,0,5310.0
5909,2026-05-11,P015,WH-NE,21,21,0,6195.0
5910,2026-05-18,P015,WH-NE,18,18,0,5310.0
5911,2026-05-25,P015,WH-NE,23,23,0,6785.0
5912,2026-06-01,P015,WH-NE,18,18,0,5310.0
5913,2026-06-08,P015,WH-NE,18,18,0,5310.0
5914,2026-06-15,P015,WH-NE,19,18,1,5310.0
5915,2026-06-22,P015,WH-NE,16,16,0,4720.0
5916,2026-06-29,P015,WH-NE,17,17,0,5015.0
5917,2026-07-06,P015,WH-NE,21,21,0,6195.0
5918,2026-07-13,P015,WH-NE,14,14,0,4130.0
5919,2026-07-20,P015,WH-NE,17,17,0,5015.0
5920,2026-07-27,P015,WH-NE,16,16,0,4720.0
5921,2026-08-03,P015,WH-NE,23,20,3,5900.0
5922,2026-08-10,P015,WH-NE,15,15,0,4425.0
5923,2026-08-17,P015,WH-NE,19,19,0,5605.0
5924,2026-08-24,P015,WH-NE,13,13,0,3835.0
5925,2026-08-31,P015,WH-NE,14,14,0,4130.0
5926,2026-09-07,P015,WH-NE,11,11,0,3245.0
5927,2026-09-14,P015,WH-NE,17,17,0,5015.0
5928,2026-09-21,P015,WH-NE,17,17,0,5015.0
5929,2024-09-30,P015,WH-SE,10,10,0,2950.0
5930,2024-10-07,P015,WH-SE,11,11,0,3245.0
5931,2024-10-14,P015,WH-SE,11,11,0,3245.0
5932,2024-10-21,P015,WH-SE,11,11,0,3245.0
5933,2024-10-28,P015,WH-SE,15,15,0,4425.0
5934,2024-11-04,P015,WH-SE,13,13,0,3835.0
5935,2024-11-11,P015,WH-SE,18,18,0,5310.0
5936,2024-11-18,P015,WH-SE,12,12,0,3540.0
5937,2024-11-25,P015,WH-SE,7,7,0,2065.0
5938,2024-12-02,P015,WH-SE,10,10,0,2950.0
5939,2024-12-09,P015,WH-SE,12,12,0,3540.0
5940,2024-12-16,P015,WH-SE,14,14,0,4130.0
5941,2024-12-23,P015,WH-SE,15,15,0,4425.0
5942,2024-12-30,P015,WH-SE,12,12,0,3540.0
5943,2025-01-06,P015,WH-SE,15,15,0,4425.0
5944,2025-01-13,P015,WH-SE,16,16,0,4720.0
5945,2025-01-20,P015,WH-SE,10,10,0,2950.0
5946,2025-01-27,P015,WH-SE,16,16,0,4720.0
5947,2025-02-03,P015,WH-SE,11,11,0,3245.0
5948,2025-02-10,P015,WH-SE,15,15,0,4425.0
5949,2025-02-17,P015,WH-SE,9,9,0,2655.0
5950,2025-02-24,P015,WH-SE,11,11,0,3245.0
5951,2025-03-03,P015,WH-SE,15,15,0,4425.0
5952,2025-03-10,P015,WH-SE,13,13,0,3835.0
5953,2025-03-17,P015,WH-SE,18,18,0,5310.0
5954,2025-03-24,P015,WH-SE,11,11,0,3245.0
5955,2025-03-31,P015,WH-SE,12,12,0,3540.0
5956,2025-04-07,P015,WH-SE,15,15,0,4425.0
5957,2025-04-14,P015,WH-SE,14,14,0,4130.0
5958,2025-04-21,P015,WH-SE,14,14,0,4130.0
5959,2025-04-28,P015,WH-SE,17,17,0,5015.0
5960,2025-05-05,P015,WH-SE,18,18,0,5310.0
5961,2025-05-12,P015,WH-SE,19,19,0,5605.0
5962,2025-05-19,P015,WH-SE,18,18,0,5310.0
5963,2025-05-26,P015,WH-SE,18,18,0,5310.0
5964,2025-06-02,P015,WH-SE,13,13,0,3835.0
5965,2025-06-09,P015,WH-SE,15,15,0,4425.0
5966,2025-06-16,P015,WH-SE,14,14,0,4130.0
5967,2025-06-23,P015,WH-SE,15,15,0,4425.0
5968,2025-06-30,P015,WH-SE,14,14,0,4130.0
5969,2025-07-07,P015,WH-SE,17,17,0,5015.0
5970,2025-07-14,P015,WH-SE,15,15,0,4425.0
5971,2025-07-21,P015,WH-SE,13,13,0,3835.0
5972,2025-07-28,P015,WH-SE,16,16,0,4720.0
5973,2025-08-04,P015,WH-SE,12,12,0,3540.0
5974,2025-08-11,P015,WH-SE,11,11,0,3245.0
5975,2025-08-18,P015,WH-SE,14,14,0,4130.0
5976,2025-08-25,P015,WH-SE,11,11,0,3245.0
5977,2025-09-01,P015,WH-SE,15,15,0,4425.0
5978,2025-09-08,P015,WH-SE,15,15,0,4425.0
5979,2025-09-15,P015,WH-SE,11,11,0,3245.0
5980,2025-09-22,P015,WH-SE,10,10,0,2950.0
5981,2025-09-29,P015,WH-SE,11,11,0,3245.0
5982,2025-10-06,P015,WH-SE,14,14,0,4130.0
5983,2025-10-13,P015,WH-SE,14,14,0,4130.0
5984,2025-10-20,P015,WH-SE,10,10,0,2950.0
5985,2025-10-27,P015,WH-SE,12,12,0,3540.0
5986,2025-11-03,P015,WH-SE,12,12,0,3540.0
5987,2025-11-10,P015,WH-SE,14,14,0,4130.0
5988,2025-11-17,P015,WH-SE,18,18,0,5310.0
5989,2025-11-24,P015,WH-SE,12,12,0,3540.0
5990,2025-12-01,P015,WH-SE,11,11,0,3245.0
5991,2025-12-08,P015,WH-SE,16,16,0,4720.0
5992,2025-12-15,P015,WH-SE,15,13,2,3835.0
5993,2025-12-22,P015,WH-SE,11,11,0,3245.0
5994,2025-12-29,P015,WH-SE,14,14,0,4130.0
5995,2026-01-05,P015,WH-SE,13,13,0,3835.0
5996,2026-01-12,P015,WH-SE,16,16,0,4720.0
5997,2026-01-19,P015,WH-SE,12,12,0,3540.0
5998,2026-01-26,P015,WH-SE,15,15,0,4425.0
5999,2026-02-02,P015,WH-SE,15,15,0,4425.0
6000,2026-02-09,P015,WH-SE,13,13,0,3835.0
6001,2026-02-16,P015,WH-SE,16,16,0,4720.0
6002,2026-02-23,P015,WH-SE,10,10,0,2950.0
6003,2026-03-02,P015,WH-SE,13,12,1,3540.0
6004,2026-03-09,P015,WH-SE,14,14,0,4130.0
6005,2026-03-16,P015,WH-SE,14,14,0,4130.0
6006,2026-03-23,P015,WH-SE,14,14,0,4130.0
6007,2026-03-30,P015,WH-SE,16,16,0,4720.0
6008,2026-04-06,P015,WH-SE,13,13,0,3835.0
6009,2026-04-13,P015,WH-SE,11,11,0,3245.0
6010,2026-04-20,P015,WH-SE,20,20,0,5900.0
6011,2026-04-27,P015,WH-SE,21,21,0,6195.0
6012,2026-05-04,P015,WH-SE,19,19,0,5605.0
6013,2026-05-11,P015,WH-SE,17,17,0,5015.0
6014,2026-05-18,P015,WH-SE,13,13,0,3835.0
6015,2026-05-25,P015,WH-SE,19,19,0,5605.0
6016,2026-06-01,P015,WH-SE,19,19,0,5605.0
6017,2026-06-08,P015,WH-SE,11,11,0,3245.0
6018,2026-06-15,P015,WH-SE,15,15,0,4425.0
6019,2026-06-22,P015,WH-SE,11,11,0,3245.0
6020,2026-06-29,P015,WH-SE,16,16,0,4720.0
6021,2026-07-06,P015,WH-SE,14,14,0,4130.0
6022,2026-07-13,P015,WH-SE,13,13,0,3835.0
6023,2026-07-20,P015,WH-SE,16,16,0,4720.0
6024,2026-07-27,P015,WH-SE,14,14,0,4130.0
6025,2026-08-03,P015,WH-SE,17,17,0,5015.0
6026,2026-08-10,P015,WH-SE,13,13,0,3835.0
6027,2026-08-17,P015,WH-SE,14,14,0,4130.0
6028,2026-08-24,P015,WH-SE,10,9,1,2655.0
6029,2026-08-31,P015,WH-SE,15,15,0,4425.0
6030,2026-09-07,P015,WH-SE,14,14,0,4130.0
6031,2026-09-14,P015,WH-SE,17,17,0,5015.0
6032,2026-09-21,P015,WH-SE,13,13,0,3835.0
6033,2024-09-30,P015,WH-MW,16,16,0,4720.0
6034,2024-10-07,P015,WH-MW,16,16,0,4720.0
6035,2024-10-14,P015,WH-MW,15,15,0,4425.0
6036,2024-10-21,P015,WH-MW,14,14,0,4130.0
6037,2024-10-28,P015,WH-MW,9,9,0,2655.0
6038,2024-11-04,P015,WH-MW,11,11,0,3245.0
6039,2024-11-11,P015,WH-MW,17,17,0,5015.0
6040,2024-11-18,P015,WH-MW,14,14,0,4130.0
6041,2024-11-25,P015,WH-MW,11,11,0,3245.0
6042,2024-12-02,P015,WH-MW,14,14,0,4130.0
6043,2024-12-09,P015,WH-MW,9,9,0,2655.0
6044,2024-12-16,P015,WH-MW,15,15,0,4425.0
6045,2024-12-23,P015,WH-MW,13,13,0,3835.0
6046,2024-12-30,P015,WH-MW,15,15,0,4425.0
6047,2025-01-06,P015,WH-MW,16,16,0,4720.0
6048,2025-01-13,P015,WH-MW,14,14,0,4130.0
6049,2025-01-20,P015,WH-MW,12,12,0,3540.0
6050,2025-01-27,P015,WH-MW,14,14,0,4130.0
6051,2025-02-03,P015,WH-MW,12,12,0,3540.0
6052,2025-02-10,P015,WH-MW,13,13,0,3835.0
6053,2025-02-17,P015,WH-MW,11,11,0,3245.0
6054,2025-02-24,P015,WH-MW,17,17,0,5015.0
6055,2025-03-03,P015,WH-MW,17,17,0,5015.0
6056,2025-03-10,P015,WH-MW,15,15,0,4425.0
6057,2025-03-17,P015,WH-MW,14,14,0,4130.0
6058,2025-03-24,P015,WH-MW,20,20,0,5900.0
6059,2025-03-31,P015,WH-MW,14,14,0,4130.0
6060,2025-04-07,P015,WH-MW,16,16,0,4720.0
6061,2025-04-14,P015,WH-MW,16,14,2,4130.0
6062,2025-04-21,P015,WH-MW,16,16,0,4720.0
6063,2025-04-28,P015,WH-MW,12,12,0,3540.0
6064,2025-05-05,P015,WH-MW,14,14,0,4130.0
6065,2025-05-12,P015,WH-MW,18,18,0,5310.0
6066,2025-05-19,P015,WH-MW,16,16,0,4720.0
6067,2025-05-26,P015,WH-MW,14,14,0,4130.0
6068,2025-06-02,P015,WH-MW,20,20,0,5900.0
6069,2025-06-09,P015,WH-MW,14,14,0,4130.0
6070,2025-06-16,P015,WH-MW,13,13,0,3835.0
6071,2025-06-23,P015,WH-MW,13,13,0,3835.0
6072,2025-06-30,P015,WH-MW,12,12,0,3540.0
6073,2025-07-07,P015,WH-MW,11,11,0,3245.0
6074,2025-07-14,P015,WH-MW,15,15,0,4425.0
6075,2025-07-21,P015,WH-MW,16,16,0,4720.0
6076,2025-07-28,P015,WH-MW,13,13,0,3835.0
6077,2025-08-04,P015,WH-MW,14,14,0,4130.0
6078,2025-08-11,P015,WH-MW,15,15,0,4425.0
6079,2025-08-18,P015,WH-MW,18,18,0,5310.0
6080,2025-08-25,P015,WH-MW,10,10,0,2950.0
6081,2025-09-01,P015,WH-MW,14,14,0,4130.0
6082,2025-09-08,P015,WH-MW,14,14,0,4130.0
6083,2025-09-15,P015,WH-MW,6,6,0,1770.0
6084,2025-09-22,P015,WH-MW,11,11,0,3245.0
6085,2025-09-29,P015,WH-MW,18,18,0,5310.0
6086,2025-10-06,P015,WH-MW,15,15,0,4425.0
6087,2025-10-13,P015,WH-MW,13,12,1,3540.0
6088,2025-10-20,P015,WH-MW,14,14,0,4130.0
6089,2025-10-27,P015,WH-MW,13,13,0,3835.0
6090,2025-11-03,P015,WH-MW,17,17,0,5015.0
6091,2025-11-10,P015,WH-MW,9,9,0,2655.0
6092,2025-11-17,P015,WH-MW,13,13,0,3835.0
6093,2025-11-24,P015,WH-MW,17,17,0,5015.0
6094,2025-12-01,P015,WH-MW,17,17,0,5015.0
6095,2025-12-08,P015,WH-MW,14,14,0,4130.0
6096,2025-12-15,P015,WH-MW,14,14,0,4130.0
6097,2025-12-22,P015,WH-MW,17,17,0,5015.0
6098,2025-12-29,P015,WH-MW,16,16,0,4720.0
6099,2026-01-05,P015,WH-MW,17,17,0,5015.0
6100,2026-01-12,P015,WH-MW,17,17,0,5015.0
6101,2026-01-19,P015,WH-MW,21,21,0,6195.0
6102,2026-01-26,P015,WH-MW,17,17,0,5015.0
6103,2026-02-02,P015,WH-MW,19,19,0,5605.0
6104,2026-02-09,P015,WH-MW,20,20,0,5900.0
6105,2026-02-16,P015,WH-MW,15,15,0,4425.0
6106,2026-02-23,P015,WH-MW,18,18,0,5310.0
6107,2026-03-02,P015,WH-MW,18,18,0,5310.0
6108,2026-03-09,P015,WH-MW,18,18,0,5310.0
6109,2026-03-16,P015,WH-MW,20,20,0,5900.0
6110,2026-03-23,P015,WH-MW,15,15,0,4425.0
6111,2026-03-30,P015,WH-MW,16,16,0,4720.0
6112,2026-04-06,P015,WH-MW,16,16,0,4720.0
6113,2026-04-13,P015,WH-MW,14,14,0,4130.0
6114,2026-04-20,P015,WH-MW,17,17,0,5015.0
6115,2026-04-27,P015,WH-MW,18,18,0,5310.0
6116,2026-05-04,P015,WH-MW,18,18,0,5310.0
6117,2026-05-11,P015,WH-MW,16,16,0,4720.0
6118,2026-05-18,P015,WH-MW,17,17,0,5015.0
6119,2026-05-25,P015,WH-MW,17,17,0,5015.0
6120,2026-06-01,P015,WH-MW,14,14,0,4130.0
6121,2026-06-08,P015,WH-MW,10,8,2,2360.0
6122,2026-06-15,P015,WH-MW,17,17,0,5015.0
6123,2026-06-22,P015,WH-MW,13,13,0,3835.0
6124,2026-06-29,P015,WH-MW,15,15,0,4425.0
6125,2026-07-06,P015,WH-MW,13,13,0,3835.0
6126,2026-07-13,P015,WH-MW,13,13,0,3835.0
6127,2026-07-20,P015,WH-MW,17,17,0,5015.0
6128,2026-07-27,P015,WH-MW,17,17,0,5015.0
6129,2026-08-03,P015,WH-MW,11,11,0,3245.0
6130,2026-08-10,P015,WH-MW,17,17,0,5015.0
6131,2026-08-17,P015,WH-MW,11,11,0,3245.0
6132,2026-08-24,P015,WH-MW,13,13,0,3835.0
6133,2026-08-31,P015,WH-MW,10,10,0,2950.0
6134,2026-09-07,P015,WH-MW,10,9,1,2655.0
6135,2026-09-14,P015,WH-MW,13,13,0,3835.0
6136,2026-09-21,P015,WH-MW,16,16,0,4720.0
6137,2024-09-30,P015,WH-W,13,13,0,3835.0
6138,2024-10-07,P015,WH-W,11,11,0,3245.0
6139,2024-10-14,P015,WH-W,11,11,0,3245.0
6140,2024-10-21,P015,WH-W,13,13,0,3835.0
6141,2024-10-28,P015,WH-W,11,11,0,3245.0
6142,2024-11-04,P015,WH-W,14,14,0,4130.0
6143,2024-11-11,P015,WH-W,10,10,0,2950.0
6144,2024-11-18,P015,WH-W,10,10,0,2950.0
6145,2024-11-25,P015,WH-W,12,12,0,3540.0
6146,2024-12-02,P015,WH-W,12,12,0,3540.0
6147,2024-12-09,P015,WH-W,12,12,0,3540.0
6148,2024-12-16,P015,WH-W,12,12,0,3540.0
6149,2024-12-23,P015,WH-W,10,10,0,2950.0
6150,2024-12-30,P015,WH-W,10,9,1,2655.0
6151,2025-01-06,P015,WH-W,13,13,0,3835.0
6152,2025-01-13,P015,WH-W,9,9,0,2655.0
6153,2025-01-20,P015,WH-W,11,11,0,3245.0
6154,2025-01-27,P015,WH-W,10,10,0,2950.0
6155,2025-02-03,P015,WH-W,13,13,0,3835.0
6156,2025-02-10,P015,WH-W,12,12,0,3540.0
6157,2025-02-17,P015,WH-W,15,15,0,4425.0
6158,2025-02-24,P015,WH-W,12,12,0,3540.0
6159,2025-03-03,P015,WH-W,14,14,0,4130.0
6160,2025-03-10,P015,WH-W,15,13,2,3835.0
6161,2025-03-17,P015,WH-W,17,17,0,5015.0
6162,2025-03-24,P015,WH-W,15,15,0,4425.0
6163,2025-03-31,P015,WH-W,16,16,0,4720.0
6164,2025-04-07,P015,WH-W,12,12,0,3540.0
6165,2025-04-14,P015,WH-W,14,14,0,4130.0
6166,2025-04-21,P015,WH-W,12,12,0,3540.0
6167,2025-04-28,P015,WH-W,14,14,0,4130.0
6168,2025-05-05,P015,WH-W,13,13,0,3835.0
6169,2025-05-12,P015,WH-W,11,10,1,2950.0
6170,2025-05-19,P015,WH-W,14,14,0,4130.0
6171,2025-05-26,P015,WH-W,14,14,0,4130.0
6172,2025-06-02,P015,WH-W,18,18,0,5310.0
6173,2025-06-09,P015,WH-W,10,10,0,2950.0
6174,2025-06-16,P015,WH-W,12,12,0,3540.0
6175,2025-06-23,P015,WH-W,15,15,0,4425.0
6176,2025-06-30,P015,WH-W,9,9,0,2655.0
6177,2025-07-07,P015,WH-W,10,10,0,2950.0
6178,2025-07-14,P015,WH-W,11,11,0,3245.0
6179,2025-07-21,P015,WH-W,15,15,0,4425.0
6180,2025-07-28,P015,WH-W,14,14,0,4130.0
6181,2025-08-04,P015,WH-W,11,11,0,3245.0
6182,2025-08-11,P015,WH-W,11,10,1,2950.0
6183,2025-08-18,P015,WH-W,7,7,0,2065.0
6184,2025-08-25,P015,WH-W,13,13,0,3835.0
6185,2025-09-01,P015,WH-W,15,14,1,4130.0
6186,2025-09-08,P015,WH-W,14,14,0,4130.0
6187,2025-09-15,P015,WH-W,12,12,0,3540.0
6188,2025-09-22,P015,WH-W,7,7,0,2065.0
6189,2025-09-29,P015,WH-W,8,8,0,2360.0
6190,2025-10-06,P015,WH-W,9,9,0,2655.0
6191,2025-10-13,P015,WH-W,12,12,0,3540.0
6192,2025-10-20,P015,WH-W,12,12,0,3540.0
6193,2025-10-27,P015,WH-W,11,11,0,3245.0
6194,2025-11-03,P015,WH-W,14,14,0,4130.0
6195,2025-11-10,P015,WH-W,6,6,0,1770.0
6196,2025-11-17,P015,WH-W,10,10,0,2950.0
6197,2025-11-24,P015,WH-W,17,17,0,5015.0
6198,2025-12-01,P015,WH-W,14,14,0,4130.0
6199,2025-12-08,P015,WH-W,10,10,0,2950.0
6200,2025-12-15,P015,WH-W,11,11,0,3245.0
6201,2025-12-22,P015,WH-W,10,10,0,2950.0
6202,2025-12-29,P015,WH-W,12,11,1,3245.0
6203,2026-01-05,P015,WH-W,14,14,0,4130.0
6204,2026-01-12,P015,WH-W,10,10,0,2950.0
6205,2026-01-19,P015,WH-W,15,15,0,4425.0
6206,2026-01-26,P015,WH-W,18,18,0,5310.0
6207,2026-02-02,P015,WH-W,13,13,0,3835.0
6208,2026-02-09,P015,WH-W,9,9,0,2655.0
6209,2026-02-16,P015,WH-W,9,9,0,2655.0
6210,2026-02-23,P015,WH-W,13,13,0,3835.0
6211,2026-03-02,P015,WH-W,15,15,0,4425.0
6212,2026-03-09,P015,WH-W,16,16,0,4720.0
6213,2026-03-16,P015,WH-W,15,14,1,4130.0
6214,2026-03-23,P015,WH-W,17,17,0,5015.0
6215,2026-03-30,P015,WH-W,16,16,0,4720.0
6216,2026-04-06,P015,WH-W,20,20,0,5900.0
6217,2026-04-13,P015,WH-W,17,17,0,5015.0
6218,2026-04-20,P015,WH-W,18,18,0,5310.0
6219,2026-04-27,P015,WH-W,14,14,0,4130.0
6220,2026-05-04,P015,WH-W,8,8,0,2360.0
6221,2026-05-11,P015,WH-W,18,18,0,5310.0
6222,2026-05-18,P015,WH-W,13,13,0,3835.0
6223,2026-05-25,P015,WH-W,13,13,0,3835.0
6224,2026-06-01,P015,WH-W,11,9,2,2655.0
6225,2026-06-08,P015,WH-W,14,14,0,4130.0
6226,2026-06-15,P015,WH-W,12,12,0,3540.0
6227,2026-06-22,P015,WH-W,14,14,0,4130.0
6228,2026-06-29,P015,WH-W,16,14,2,4130.0
6229,2026-07-06,P015,WH-W,15,15,0,4425.0
6230,2026-07-13,P015,WH-W,16,16,0,4720.0
6231,2026-07-20,P015,WH-W,14,14,0,4130.0
6232,2026-07-27,P015,WH-W,11,11,0,3245.0
6233,2026-08-03,P015,WH-W,11,11,0,3245.0
6234,2026-08-10,P015,WH-W,15,15,0,4425.0
6235,2026-08-17,P015,WH-W,13,13,0,3835.0
6236,2026-08-24,P015,WH-W,14,14,0,4130.0
6237,2026-08-31,P015,WH-W,13,13,0,3835.0
6238,2026-09-07,P015,WH-W,15,15,0,4425.0
6239,2026-09-14,P015,WH-W,13,13,0,3835.0
6240,2026-09-21,P015,WH-W,11,11,0,3245.0
6241,2024-09-30,P016,WH-NE,130,127,3,1333.5
6242,2024-10-07,P016,WH-NE,130,127,3,1333.5
6243,2024-10-14,P016,WH-NE,118,117,1,1228.5
6244,2024-10-21,P016,WH-NE,143,140,3,1470.0
6245,2024-10-28,P016,WH-NE,124,121,3,1270.5
6246,2024-11-04,P016,WH-NE,111,109,2,1144.5
6247,2024-11-11,P016,WH-NE,130,127,3,1333.5
6248,2024-11-18,P016,WH-NE,121,120,1,1260.0
6249,2024-11-25,P016,WH-NE,123,115,8,1207.5
6250,2024-12-02,P016,WH-NE,157,154,3,1617.0
6251,2024-12-09,P016,WH-NE,126,125,1,1312.5
6252,2024-12-16,P016,WH-NE,132,131,1,1375.5
6253,2024-12-23,P016,WH-NE,120,118,2,1239.0
6254,2024-12-30,P016,WH-NE,111,110,1,1155.0
6255,2025-01-06,P016,WH-NE,126,126,0,1323.0
6256,2025-01-13,P016,WH-NE,122,121,1,1270.5
6257,2025-01-20,P016,WH-NE,120,117,3,1228.5
6258,2025-01-27,P016,WH-NE,118,117,1,1228.5
6259,2025-02-03,P016,WH-NE,143,140,3,1470.0
6260,2025-02-10,P016,WH-NE,108,106,2,1113.0
6261,2025-02-17,P016,WH-NE,118,118,0,1239.0
6262,2025-02-24,P016,WH-NE,111,110,1,1155.0
6263,2025-03-03,P016,WH-NE,115,112,3,1176.0
6264,2025-03-10,P016,WH-NE,113,106,7,1113.0
6265,2025-03-17,P016,WH-NE,135,134,1,1407.0
6266,2025-03-24,P016,WH-NE,141,140,1,1470.0
6267,2025-03-31,P016,WH-NE,134,133,1,1396.5
6268,2025-04-07,P016,WH-NE,138,136,2,1428.0
6269,2025-04-14,P016,WH-NE,121,119,2,1249.5
6270,2025-04-21,P016,WH-NE,128,126,2,1323.0
6271,2025-04-28,P016,WH-NE,127,125,2,1312.5
6272,2025-05-05,P016,WH-NE,140,139,1,1459.5
6273,2025-05-12,P016,WH-NE,144,142,2,1491.0
6274,2025-05-19,P016,WH-NE,163,160,3,1680.0
6275,2025-05-26,P016,WH-NE,152,150,2,1575.0
6276,2025-06-02,P016,WH-NE,186,185,1,1942.5
6277,2025-06-09,P016,WH-NE,161,161,0,1690.5
6278,2025-06-16,P016,WH-NE,154,154,0,1617.0
6279,2025-06-23,P016,WH-NE,144,141,3,1480.5
6280,2025-06-30,P016,WH-NE,154,153,1,1606.5
6281,2025-07-07,P016,WH-NE,174,172,2,1806.0
6282,2025-07-14,P016,WH-NE,136,133,3,1396.5
6283,2025-07-21,P016,WH-NE,179,177,2,1858.5
6284,2025-07-28,P016,WH-NE,162,160,2,1680.0
6285,2025-08-04,P016,WH-NE,177,173,4,1816.5
6286,2025-08-11,P016,WH-NE,142,140,2,1470.0
6287,2025-08-18,P016,WH-NE,177,173,4,1816.5
6288,2025-08-25,P016,WH-NE,160,141,19,1480.5
6289,2025-09-01,P016,WH-NE,126,123,3,1291.5
6290,2025-09-08,P016,WH-NE,170,168,2,1764.0
6291,2025-09-15,P016,WH-NE,135,132,3,1386.0
6292,2025-09-22,P016,WH-NE,181,179,2,1879.5
6293,2025-09-29,P016,WH-NE,141,140,1,1470.0
6294,2025-10-06,P016,WH-NE,144,141,3,1480.5
6295,2025-10-13,P016,WH-NE,132,132,0,1386.0
6296,2025-10-20,P016,WH-NE,143,142,1,1491.0
6297,2025-10-27,P016,WH-NE,146,143,3,1501.5
6298,2025-11-03,P016,WH-NE,148,147,1,1543.5
6299,2025-11-10,P016,WH-NE,157,154,3,1617.0
6300,2025-11-17,P016,WH-NE,145,144,1,1512.0
6301,2025-11-24,P016,WH-NE,142,141,1,1480.5
6302,2025-12-01,P016,WH-NE,144,143,1,1501.5
6303,2025-12-08,P016,WH-NE,146,145,1,1522.5
6304,2025-12-15,P016,WH-NE,123,120,3,1260.0
6305,2025-12-22,P016,WH-NE,149,146,3,1533.0
6306,2025-12-29,P016,WH-NE,132,132,0,1386.0
6307,2026-01-05,P016,WH-NE,142,139,3,1459.5
6308,2026-01-12,P016,WH-NE,118,117,1,1228.5
6309,2026-01-19,P016,WH-NE,137,136,1,1428.0
6310,2026-01-26,P016,WH-NE,146,144,2,1512.0
6311,2026-02-02,P016,WH-NE,140,139,1,1459.5
6312,2026-02-09,P016,WH-NE,139,137,2,1438.5
6313,2026-02-16,P016,WH-NE,132,131,1,1375.5
6314,2026-02-23,P016,WH-NE,137,134,3,1407.0
6315,2026-03-02,P016,WH-NE,157,154,3,1617.0
6316,2026-03-09,P016,WH-NE,109,108,1,1134.0
6317,2026-03-16,P016,WH-NE,147,146,1,1533.0
6318,2026-03-23,P016,WH-NE,148,146,2,1533.0
6319,2026-03-30,P016,WH-NE,145,145,0,1522.5
6320,2026-04-06,P016,WH-NE,158,156,2,1638.0
6321,2026-04-13,P016,WH-NE,123,122,1,1281.0
6322,2026-04-20,P016,WH-NE,174,172,2,1806.0
6323,2026-04-27,P016,WH-NE,166,162,4,1701.0
6324,2026-05-04,P016,WH-NE,159,159,0,1669.5
6325,2026-05-11,P016,WH-NE,155,155,0,1627.5
6326,2026-05-18,P016,WH-NE,139,139,0,1459.5
6327,2026-05-25,P016,WH-NE,163,160,3,1680.0
6328,2026-06-01,P016,WH-NE,138,121,17,1270.5
6329,2026-06-08,P016,WH-NE,143,141,2,1480.5
6330,2026-06-15,P016,WH-NE,153,152,1,1596.0
6331,2026-06-22,P016,WH-NE,155,154,1,1617.0
6332,2026-06-29,P016,WH-NE,150,150,0,1575.0
6333,2026-07-06,P016,WH-NE,173,170,3,1785.0
6334,2026-07-13,P016,WH-NE,172,171,1,1795.5
6335,2026-07-20,P016,WH-NE,151,150,1,1575.0
6336,2026-07-27,P016,WH-NE,185,180,5,1890.0
6337,2026-08-03,P016,WH-NE,160,156,4,1638.0
6338,2026-08-10,P016,WH-NE,158,156,2,1638.0
6339,2026-08-17,P016,WH-NE,172,168,4,1764.0
6340,2026-08-24,P016,WH-NE,156,156,0,1638.0
6341,2026-08-31,P016,WH-NE,181,179,2,1879.5
6342,2026-09-07,P016,WH-NE,169,165,4,1732.5
6343,2026-09-14,P016,WH-NE,153,151,2,1585.5
6344,2026-09-21,P016,WH-NE,156,130,26,1365.0
6345,2024-09-30,P016,WH-SE,147,144,3,1512.0
6346,2024-10-07,P016,WH-SE,122,108,14,1134.0
6347,2024-10-14,P016,WH-SE,132,130,2,1365.0
6348,2024-10-21,P016,WH-SE,141,138,3,1449.0
6349,2024-10-28,P016,WH-SE,104,103,1,1081.5
6350,2024-11-04,P016,WH-SE,140,137,3,1438.5
6351,2024-11-11,P016,WH-SE,119,118,1,1239.0
6352,2024-11-18,P016,WH-SE,118,116,2,1218.0
6353,2024-11-25,P016,WH-SE,116,114,2,1197.0
6354,2024-12-02,P016,WH-SE,113,113,0,1186.5
6355,2024-12-09,P016,WH-SE,120,120,0,1260.0
6356,2024-12-16,P016,WH-SE,125,122,3,1281.0
6357,2024-12-23,P016,WH-SE,111,108,3,1134.0
6358,2024-12-30,P016,WH-SE,118,117,1,1228.5
6359,2025-01-06,P016,WH-SE,116,115,1,1207.5
6360,2025-01-13,P016,WH-SE,104,102,2,1071.0
6361,2025-01-20,P016,WH-SE,100,99,1,1039.5
6362,2025-01-27,P016,WH-SE,122,119,3,1249.5
6363,2025-02-03,P016,WH-SE,115,99,16,1039.5
6364,2025-02-10,P016,WH-SE,132,131,1,1375.5
6365,2025-02-17,P016,WH-SE,102,101,1,1060.5
6366,2025-02-24,P016,WH-SE,113,113,0,1186.5
6367,2025-03-03,P016,WH-SE,98,97,1,1018.5
6368,2025-03-10,P016,WH-SE,118,118,0,1239.0
6369,2025-03-17,P016,WH-SE,114,113,1,1186.5
6370,2025-03-24,P016,WH-SE,126,125,1,1312.5
6371,2025-03-31,P016,WH-SE,137,126,11,1323.0
6372,2025-04-07,P016,WH-SE,124,121,3,1270.5
6373,2025-04-14,P016,WH-SE,111,103,8,1081.5
6374,2025-04-21,P016,WH-SE,129,129,0,1354.5
6375,2025-04-28,P016,WH-SE,142,139,3,1459.5
6376,2025-05-05,P016,WH-SE,159,159,0,1669.5
6377,2025-05-12,P016,WH-SE,128,127,1,1333.5
6378,2025-05-19,P016,WH-SE,120,119,1,1249.5
6379,2025-05-26,P016,WH-SE,140,138,2,1449.0
6380,2025-06-02,P016,WH-SE,153,152,1,1596.0
6381,2025-06-09,P016,WH-SE,127,125,2,1312.5
6382,2025-06-16,P016,WH-SE,119,113,6,1186.5
6383,2025-06-23,P016,WH-SE,133,131,2,1375.5
6384,2025-06-30,P016,WH-SE,143,140,3,1470.0
6385,2025-07-07,P016,WH-SE,111,109,2,1144.5
6386,2025-07-14,P016,WH-SE,126,123,3,1291.5
6387,2025-07-21,P016,WH-SE,153,152,1,1596.0
6388,2025-07-28,P016,WH-SE,150,148,2,1554.0
6389,2025-08-04,P016,WH-SE,131,130,1,1365.0
6390,2025-08-11,P016,WH-SE,149,148,1,1554.0
6391,2025-08-18,P016,WH-SE,128,126,2,1323.0
6392,2025-08-25,P016,WH-SE,139,138,1,1449.0
6393,2025-09-01,P016,WH-SE,124,122,2,1281.0
6394,2025-09-08,P016,WH-SE,128,127,1,1333.5
6395,2025-09-15,P016,WH-SE,140,138,2,1449.0
6396,2025-09-22,P016,WH-SE,130,129,1,1354.5
6397,2025-09-29,P016,WH-SE,132,130,2,1365.0
6398,2025-10-06,P016,WH-SE,127,124,3,1302.0
6399,2025-10-13,P016,WH-SE,134,133,1,1396.5
6400,2025-10-20,P016,WH-SE,87,85,2,892.5
6401,2025-10-27,P016,WH-SE,125,123,2,1291.5
6402,2025-11-03,P016,WH-SE,129,128,1,1344.0
6403,2025-11-10,P016,WH-SE,127,127,0,1333.5
6404,2025-11-17,P016,WH-SE,109,106,3,1113.0
6405,2025-11-24,P016,WH-SE,115,114,1,1197.0
6406,2025-12-01,P016,WH-SE,120,120,0,1260.0
6407,2025-12-08,P016,WH-SE,109,107,2,1123.5
6408,2025-12-15,P016,WH-SE,99,97,2,1018.5
6409,2025-12-22,P016,WH-SE,135,132,3,1386.0
6410,2025-12-29,P016,WH-SE,135,133,2,1396.5
6411,2026-01-05,P016,WH-SE,115,113,2,1186.5
6412,2026-01-12,P016,WH-SE,128,128,0,1344.0
6413,2026-01-19,P016,WH-SE,132,130,2,1365.0
6414,2026-01-26,P016,WH-SE,131,128,3,1344.0
6415,2026-02-02,P016,WH-SE,101,99,2,1039.5
6416,2026-02-09,P016,WH-SE,132,131,1,1375.5
6417,2026-02-16,P016,WH-SE,117,115,2,1207.5
6418,2026-02-23,P016,WH-SE,110,108,2,1134.0
6419,2026-03-02,P016,WH-SE,111,108,3,1134.0
6420,2026-03-09,P016,WH-SE,110,110,0,1155.0
6421,2026-03-16,P016,WH-SE,127,126,1,1323.0
6422,2026-03-23,P016,WH-SE,148,146,2,1533.0
6423,2026-03-30,P016,WH-SE,117,115,2,1207.5
6424,2026-04-06,P016,WH-SE,130,128,2,1344.0
6425,2026-04-13,P016,WH-SE,137,134,3,1407.0
6426,2026-04-20,P016,WH-SE,147,125,22,1312.5
6427,2026-04-27,P016,WH-SE,143,140,3,1470.0
6428,2026-05-04,P016,WH-SE,141,126,15,1323.0
6429,2026-05-11,P016,WH-SE,150,147,3,1543.5
6430,2026-05-18,P016,WH-SE,116,115,1,1207.5
6431,2026-05-25,P016,WH-SE,138,136,2,1428.0
6432,2026-06-01,P016,WH-SE,160,159,1,1669.5
6433,2026-06-08,P016,WH-SE,136,133,3,1396.5
6434,2026-06-15,P016,WH-SE,133,123,10,1291.5
6435,2026-06-22,P016,WH-SE,160,157,3,1648.5
6436,2026-06-29,P016,WH-SE,145,143,2,1501.5
6437,2026-07-06,P016,WH-SE,130,129,1,1354.5
6438,2026-07-13,P016,WH-SE,141,138,3,1449.0
6439,2026-07-20,P016,WH-SE,163,159,4,1669.5
6440,2026-07-27,P016,WH-SE,147,143,4,1501.5
6441,2026-08-03,P016,WH-SE,138,135,3,1417.5
6442,2026-08-10,P016,WH-SE,128,127,1,1333.5
6443,2026-08-17,P016,WH-SE,137,137,0,1438.5
6444,2026-08-24,P016,WH-SE,140,139,1,1459.5
6445,2026-08-31,P016,WH-SE,137,136,1,1428.0
6446,2026-09-07,P016,WH-SE,145,126,19,1323.0
6447,2026-09-14,P016,WH-SE,129,126,3,1323.0
6448,2026-09-21,P016,WH-SE,138,137,1,1438.5
6449,2024-09-30,P016,WH-MW,115,113,2,1186.5
6450,2024-10-07,P016,WH-MW,123,121,2,1270.5
6451,2024-10-14,P016,WH-MW,121,121,0,1270.5
6452,2024-10-21,P016,WH-MW,138,137,1,1438.5
6453,2024-10-28,P016,WH-MW,86,86,0,903.0
6454,2024-11-04,P016,WH-MW,134,131,3,1375.5
6455,2024-11-11,P016,WH-MW,107,107,0,1123.5
6456,2024-11-18,P016,WH-MW,138,135,3,1417.5
6457,2024-11-25,P016,WH-MW,113,111,2,1165.5
6458,2024-12-02,P016,WH-MW,132,132,0,1386.0
6459,2024-12-09,P016,WH-MW,122,121,1,1270.5
6460,2024-12-16,P016,WH-MW,116,115,1,1207.5
6461,2024-12-23,P016,WH-MW,99,83,16,871.5
6462,2024-12-30,P016,WH-MW,99,97,2,1018.5
6463,2025-01-06,P016,WH-MW,110,110,0,1155.0
6464,2025-01-13,P016,WH-MW,121,120,1,1260.0
6465,2025-01-20,P016,WH-MW,117,117,0,1228.5
6466,2025-01-27,P016,WH-MW,85,83,2,871.5
6467,2025-02-03,P016,WH-MW,103,101,2,1060.5
6468,2025-02-10,P016,WH-MW,109,109,0,1144.5
6469,2025-02-17,P016,WH-MW,109,106,3,1113.0
6470,2025-02-24,P016,WH-MW,118,117,1,1228.5
6471,2025-03-03,P016,WH-MW,116,115,1,1207.5
6472,2025-03-10,P016,WH-MW,115,112,3,1176.0
6473,2025-03-17,P016,WH-MW,124,122,2,1281.0
6474,2025-03-24,P016,WH-MW,124,122,2,1281.0
6475,2025-03-31,P016,WH-MW,129,128,1,1344.0
6476,2025-04-07,P016,WH-MW,128,126,2,1323.0
6477,2025-04-14,P016,WH-MW,127,126,1,1323.0
6478,2025-04-21,P016,WH-MW,122,121,1,1270.5
6479,2025-04-28,P016,WH-MW,138,135,3,1417.5
6480,2025-05-05,P016,WH-MW,130,127,3,1333.5
6481,2025-05-12,P016,WH-MW,124,122,2,1281.0
6482,2025-05-19,P016,WH-MW,120,118,2,1239.0
6483,2025-05-26,P016,WH-MW,149,148,1,1554.0
6484,2025-06-02,P016,WH-MW,153,150,3,1575.0
6485,2025-06-09,P016,WH-MW,124,104,20,1092.0
6486,2025-06-16,P016,WH-MW,156,155,1,1627.5
6487,2025-06-23,P016,WH-MW,140,123,17,1291.5
6488,2025-06-30,P016,WH-MW,149,148,1,1554.0
6489,2025-07-07,P016,WH-MW,113,103,10,1081.5
6490,2025-07-14,P016,WH-MW,159,156,3,1638.0
6491,2025-07-21,P016,WH-MW,123,123,0,1291.5
6492,2025-07-28,P016,WH-MW,148,147,1,1543.5
6493,2025-08-04,P016,WH-MW,131,129,2,1354.5
6494,2025-08-11,P016,WH-MW,171,168,3,1764.0
6495,2025-08-18,P016,WH-MW,136,135,1,1417.5
6496,2025-08-25,P016,WH-MW,127,127,0,1333.5
6497,2025-09-01,P016,WH-MW,142,141,1,1480.5
6498,2025-09-08,P016,WH-MW,128,126,2,1323.0
6499,2025-09-15,P016,WH-MW,139,136,3,1428.0
6500,2025-09-22,P016,WH-MW,122,121,1,1270.5
6501,2025-09-29,P016,WH-MW,134,132,2,1386.0
6502,2025-10-06,P016,WH-MW,136,126,10,1323.0
6503,2025-10-13,P016,WH-MW,160,158,2,1659.0
6504,2025-10-20,P016,WH-MW,135,132,3,1386.0
6505,2025-10-27,P016,WH-MW,144,143,1,1501.5
6506,2025-11-03,P016,WH-MW,137,137,0,1438.5
6507,2025-11-10,P016,WH-MW,134,132,2,1386.0
6508,2025-11-17,P016,WH-MW,138,135,3,1417.5
6509,2025-11-24,P016,WH-MW,118,117,1,1228.5
6510,2025-12-01,P016,WH-MW,124,106,18,1113.0
6511,2025-12-08,P016,WH-MW,111,108,3,1134.0
6512,2025-12-15,P016,WH-MW,115,114,1,1197.0
6513,2025-12-22,P016,WH-MW,131,128,3,1344.0
6514,2025-12-29,P016,WH-MW,136,136,0,1428.0
6515,2026-01-05,P016,WH-MW,132,129,3,1354.5
6516,2026-01-12,P016,WH-MW,127,124,3,1302.0
6517,2026-01-19,P016,WH-MW,103,102,1,1071.0
6518,2026-01-26,P016,WH-MW,127,125,2,1312.5
6519,2026-02-02,P016,WH-MW,117,116,1,1218.0
6520,2026-02-09,P016,WH-MW,111,110,1,1155.0
6521,2026-02-16,P016,WH-MW,119,116,3,1218.0
6522,2026-02-23,P016,WH-MW,133,133,0,1396.5
6523,2026-03-02,P016,WH-MW,125,124,1,1302.0
6524,2026-03-09,P016,WH-MW,106,104,2,1092.0
6525,2026-03-16,P016,WH-MW,130,130,0,1365.0
6526,2026-03-23,P016,WH-MW,118,111,7,1165.5
6527,2026-03-30,P016,WH-MW,124,124,0,1302.0
6528,2026-04-06,P016,WH-MW,141,141,0,1480.5
6529,2026-04-13,P016,WH-MW,134,133,1,1396.5
6530,2026-04-20,P016,WH-MW,143,142,1,1491.0
6531,2026-04-27,P016,WH-MW,164,162,2,1701.0
6532,2026-05-04,P016,WH-MW,153,153,0,1606.5
6533,2026-05-11,P016,WH-MW,123,123,0,1291.5
6534,2026-05-18,P016,WH-MW,167,165,2,1732.5
6535,2026-05-25,P016,WH-MW,165,163,2,1711.5
6536,2026-06-01,P016,WH-MW,170,169,1,1774.5
6537,2026-06-08,P016,WH-MW,156,155,1,1627.5
6538,2026-06-15,P016,WH-MW,147,144,3,1512.0
6539,2026-06-22,P016,WH-MW,135,135,0,1417.5
6540,2026-06-29,P016,WH-MW,172,170,2,1785.0
6541,2026-07-06,P016,WH-MW,121,121,0,1270.5
6542,2026-07-13,P016,WH-MW,171,169,2,1774.5
6543,2026-07-20,P016,WH-MW,148,145,3,1522.5
6544,2026-07-27,P016,WH-MW,179,177,2,1858.5
6545,2026-08-03,P016,WH-MW,150,147,3,1543.5
6546,2026-08-10,P016,WH-MW,147,131,16,1375.5
6547,2026-08-17,P016,WH-MW,164,161,3,1690.5
6548,2026-08-24,P016,WH-MW,157,154,3,1617.0
6549,2026-08-31,P016,WH-MW,158,157,1,1648.5
6550,2026-09-07,P016,WH-MW,137,136,1,1428.0
6551,2026-09-14,P016,WH-MW,156,152,4,1596.0
6552,2026-09-21,P016,WH-MW,137,135,2,1417.5
6553,2024-09-30,P016,WH-W,114,114,0,1197.0
6554,2024-10-07,P016,WH-W,146,146,0,1533.0
6555,2024-10-14,P016,WH-W,144,128,16,1344.0
6556,2024-10-21,P016,WH-W,94,92,2,966.0
6557,2024-10-28,P016,WH-W,113,107,6,1123.5
6558,2024-11-04,P016,WH-W,125,122,3,1281.0
6559,2024-11-11,P016,WH-W,105,104,1,1092.0
6560,2024-11-18,P016,WH-W,115,114,1,1197.0
6561,2024-11-25,P016,WH-W,127,127,0,1333.5
6562,2024-12-02,P016,WH-W,91,89,2,934.5
6563,2024-12-09,P016,WH-W,114,114,0,1197.0
6564,2024-12-16,P016,WH-W,104,102,2,1071.0
6565,2024-12-23,P016,WH-W,114,113,1,1186.5
6566,2024-12-30,P016,WH-W,120,117,3,1228.5
6567,2025-01-06,P016,WH-W,119,116,3,1218.0
6568,2025-01-13,P016,WH-W,122,121,1,1270.5
6569,2025-01-20,P016,WH-W,120,120,0,1260.0
6570,2025-01-27,P016,WH-W,87,85,2,892.5
6571,2025-02-03,P016,WH-W,99,93,6,976.5
6572,2025-02-10,P016,WH-W,104,104,0,1092.0
6573,2025-02-17,P016,WH-W,127,126,1,1323.0
6574,2025-02-24,P016,WH-W,109,100,9,1050.0
6575,2025-03-03,P016,WH-W,102,102,0,1071.0
6576,2025-03-10,P016,WH-W,118,116,2,1218.0
6577,2025-03-17,P016,WH-W,126,124,2,1302.0
6578,2025-03-24,P016,WH-W,127,124,3,1302.0
6579,2025-03-31,P016,WH-W,122,121,1,1270.5
6580,2025-04-07,P016,WH-W,123,122,1,1281.0
6581,2025-04-14,P016,WH-W,126,124,2,1302.0
6582,2025-04-21,P016,WH-W,131,120,11,1260.0
6583,2025-04-28,P016,WH-W,137,136,1,1428.0
6584,2025-05-05,P016,WH-W,125,124,1,1302.0
6585,2025-05-12,P016,WH-W,132,132,0,1386.0
6586,2025-05-19,P016,WH-W,137,136,1,1428.0
6587,2025-05-26,P016,WH-W,153,151,2,1585.5
6588,2025-06-02,P016,WH-W,160,158,2,1659.0
6589,2025-06-09,P016,WH-W,152,150,2,1575.0
6590,2025-06-16,P016,WH-W,136,134,2,1407.0
6591,2025-06-23,P016,WH-W,145,144,1,1512.0
6592,2025-06-30,P016,WH-W,138,135,3,1417.5
6593,2025-07-07,P016,WH-W,135,133,2,1396.5
6594,2025-07-14,P016,WH-W,122,121,1,1270.5
6595,2025-07-21,P016,WH-W,136,134,2,1407.0
6596,2025-07-28,P016,WH-W,141,140,1,1470.0
6597,2025-08-04,P016,WH-W,122,120,2,1260.0
6598,2025-08-11,P016,WH-W,138,138,0,1449.0
6599,2025-08-18,P016,WH-W,124,121,3,1270.5
6600,2025-08-25,P016,WH-W,160,159,1,1669.5
6601,2025-09-01,P016,WH-W,144,143,1,1501.5
6602,2025-09-08,P016,WH-W,132,131,1,1375.5
6603,2025-09-15,P016,WH-W,124,121,3,1270.5
6604,2025-09-22,P016,WH-W,133,132,1,1386.0
6605,2025-09-29,P016,WH-W,164,160,4,1680.0
6606,2025-10-06,P016,WH-W,135,120,15,1260.0
6607,2025-10-13,P016,WH-W,141,139,2,1459.5
6608,2025-10-20,P016,WH-W,142,142,0,1491.0
6609,2025-10-27,P016,WH-W,154,151,3,1585.5
6610,2025-11-03,P016,WH-W,107,106,1,1113.0
6611,2025-11-10,P016,WH-W,133,132,1,1386.0
6612,2025-11-17,P016,WH-W,127,125,2,1312.5
6613,2025-11-24,P016,WH-W,121,121,0,1270.5
6614,2025-12-01,P016,WH-W,127,125,2,1312.5
6615,2025-12-08,P016,WH-W,123,121,2,1270.5
6616,2025-12-15,P016,WH-W,121,118,3,1239.0
6617,2025-12-22,P016,WH-W,110,108,2,1134.0
6618,2025-12-29,P016,WH-W,127,127,0,1333.5
6619,2026-01-05,P016,WH-W,128,127,1,1333.5
6620,2026-01-12,P016,WH-W,126,125,1,1312.5
6621,2026-01-19,P016,WH-W,117,111,6,1165.5
6622,2026-01-26,P016,WH-W,102,100,2,1050.0
6623,2026-02-02,P016,WH-W,129,127,2,1333.5
6624,2026-02-09,P016,WH-W,113,111,2,1165.5
6625,2026-02-16,P016,WH-W,135,135,0,1417.5
6626,2026-02-23,P016,WH-W,133,133,0,1396.5
6627,2026-03-02,P016,WH-W,137,134,3,1407.0
6628,2026-03-09,P016,WH-W,106,105,1,1102.5
6629,2026-03-16,P016,WH-W,140,139,1,1459.5
6630,2026-03-23,P016,WH-W,156,131,25,1375.5
6631,2026-03-30,P016,WH-W,141,138,3,1449.0
6632,2026-04-06,P016,WH-W,128,127,1,1333.5
6633,2026-04-13,P016,WH-W,123,122,1,1281.0
6634,2026-04-20,P016,WH-W,139,132,7,1386.0
6635,2026-04-27,P016,WH-W,125,125,0,1312.5
6636,2026-05-04,P016,WH-W,162,161,1,1690.5
6637,2026-05-11,P016,WH-W,155,152,3,1596.0
6638,2026-05-18,P016,WH-W,163,159,4,1669.5
6639,2026-05-25,P016,WH-W,146,144,2,1512.0
6640,2026-06-01,P016,WH-W,146,125,21,1312.5
6641,2026-06-08,P016,WH-W,151,150,1,1575.0
6642,2026-06-15,P016,WH-W,140,138,2,1449.0
6643,2026-06-22,P016,WH-W,160,159,1,1669.5
6644,2026-06-29,P016,WH-W,140,139,1,1459.5
6645,2026-07-06,P016,WH-W,151,151,0,1585.5
6646,2026-07-13,P016,WH-W,147,146,1,1533.0
6647,2026-07-20,P016,WH-W,133,132,1,1386.0
6648,2026-07-27,P016,WH-W,173,172,1,1806.0
6649,2026-08-03,P016,WH-W,148,146,2,1533.0
6650,2026-08-10,P016,WH-W,124,121,3,1270.5
6651,2026-08-17,P016,WH-W,143,140,3,1470.0
6652,2026-08-24,P016,WH-W,146,146,0,1533.0
6653,2026-08-31,P016,WH-W,133,133,0,1396.5
6654,2026-09-07,P016,WH-W,131,130,1,1365.0
6655,2026-09-14,P016,WH-W,158,154,4,1617.0
6656,2026-09-21,P016,WH-W,139,137,2,1438.5
6657,2024-09-30,P017,WH-NE,142,139,3,1807.0
6658,2024-10-07,P017,WH-NE,125,125,0,1625.0
6659,2024-10-14,P017,WH-NE,128,127,1,1651.0
6660,2024-10-21,P017,WH-NE,125,123,2,1599.0
6661,2024-10-28,P017,WH-NE,152,151,1,1963.0
6662,2024-11-04,P017,WH-NE,146,145,1,1885.0
6663,2024-11-11,P017,WH-NE,151,150,1,1950.0
6664,2024-11-18,P017,WH-NE,142,139,3,1807.0
6665,2024-11-25,P017,WH-NE,133,132,1,1716.0
6666,2024-12-02,P017,WH-NE,128,127,1,1651.0
6667,2024-12-09,P017,WH-NE,149,147,2,1911.0
6668,2024-12-16,P017,WH-NE,158,155,3,2015.0
6669,2024-12-23,P017,WH-NE,140,139,1,1807.0
6670,2024-12-30,P017,WH-NE,153,153,0,1989.0
6671,2025-01-06,P017,WH-NE,129,127,2,1651.0
6672,2025-01-13,P017,WH-NE,151,151,0,1963.0
6673,2025-01-20,P017,WH-NE,147,144,3,1872.0
6674,2025-01-27,P017,WH-NE,156,155,1,2015.0
6675,2025-02-03,P017,WH-NE,141,140,1,1820.0
6676,2025-02-10,P017,WH-NE,140,137,3,1781.0
6677,2025-02-17,P017,WH-NE,130,127,3,1651.0
6678,2025-02-24,P017,WH-NE,132,129,3,1677.0
6679,2025-03-03,P017,WH-NE,140,139,1,1807.0
6680,2025-03-10,P017,WH-NE,144,142,2,1846.0
6681,2025-03-17,P017,WH-NE,140,138,2,1794.0
6682,2025-03-24,P017,WH-NE,121,119,2,1547.0
6683,2025-03-31,P017,WH-NE,149,149,0,1937.0
6684,2025-04-07,P017,WH-NE,134,133,1,1729.0
6685,2025-04-14,P017,WH-NE,99,98,1,1274.0
6686,2025-04-21,P017,WH-NE,133,130,3,1690.0
6687,2025-04-28,P017,WH-NE,123,120,3,1560.0
6688,2025-05-05,P017,WH-NE,123,121,2,1573.0
6689,2025-05-12,P017,WH-NE,112,112,0,1456.0
6690,2025-05-19,P017,WH-NE,145,142,3,1846.0
6691,2025-05-26,P017,WH-NE,135,134,1,1742.0
6692,2025-06-02,P017,WH-NE,146,145,1,1885.0
6693,2025-06-09,P017,WH-NE,105,104,1,1352.0
6694,2025-06-16,P017,WH-NE,129,126,3,1638.0
6695,2025-06-23,P017,WH-NE,126,123,3,1599.0
6696,2025-06-30,P017,WH-NE,120,117,3,1521.0
6697,2025-07-07,P017,WH-NE,113,99,14,1287.0
6698,2025-07-14,P017,WH-NE,110,108,2,1404.0
6699,2025-07-21,P017,WH-NE,132,131,1,1703.0
6700,2025-07-28,P017,WH-NE,112,109,3,1417.0
6701,2025-08-04,P017,WH-NE,144,142,2,1846.0
6702,2025-08-11,P017,WH-NE,140,118,22,1534.0
6703,2025-08-18,P017,WH-NE,130,128,2,1664.0
6704,2025-08-25,P017,WH-NE,115,100,15,1300.0
6705,2025-09-01,P017,WH-NE,132,130,2,1690.0
6706,2025-09-08,P017,WH-NE,113,110,3,1430.0
6707,2025-09-15,P017,WH-NE,140,139,1,1807.0
6708,2025-09-22,P017,WH-NE,132,130,2,1690.0
6709,2025-09-29,P017,WH-NE,126,126,0,1638.0
6710,2025-10-06,P017,WH-NE,143,141,2,1833.0
6711,2025-10-13,P017,WH-NE,155,152,3,1976.0
6712,2025-10-20,P017,WH-NE,134,134,0,1742.0
6713,2025-10-27,P017,WH-NE,153,135,18,1755.0
6714,2025-11-03,P017,WH-NE,145,144,1,1872.0
6715,2025-11-10,P017,WH-NE,149,149,0,1937.0
6716,2025-11-17,P017,WH-NE,153,150,3,1950.0
6717,2025-11-24,P017,WH-NE,152,151,1,1963.0
6718,2025-12-01,P017,WH-NE,146,143,3,1859.0
6719,2025-12-08,P017,WH-NE,161,160,1,2080.0
6720,2025-12-15,P017,WH-NE,140,137,3,1781.0
6721,2025-12-22,P017,WH-NE,172,172,0,2236.0
6722,2025-12-29,P017,WH-NE,162,162,0,2106.0
6723,2026-01-05,P017,WH-NE,162,160,2,2080.0
6724,2026-01-12,P017,WH-NE,150,147,3,1911.0
6725,2026-01-19,P017,WH-NE,143,142,1,1846.0
6726,2026-01-26,P017,WH-NE,185,181,4,2353.0
6727,2026-02-02,P017,WH-NE,157,156,1,2028.0
6728,2026-02-09,P017,WH-NE,145,143,2,1859.0
6729,2026-02-16,P017,WH-NE,128,126,2,1638.0
6730,2026-02-23,P017,WH-NE,152,151,1,1963.0
6731,2026-03-02,P017,WH-NE,158,155,3,2015.0
6732,2026-03-09,P017,WH-NE,152,149,3,1937.0
6733,2026-03-16,P017,WH-NE,118,117,1,1521.0
6734,2026-03-23,P017,WH-NE,170,167,3,2171.0
6735,2026-03-30,P017,WH-NE,145,145,0,1885.0
6736,2026-04-06,P017,WH-NE,142,142,0,1846.0
6737,2026-04-13,P017,WH-NE,141,140,1,1820.0
6738,2026-04-20,P017,WH-NE,149,148,1,1924.0
6739,2026-04-27,P017,WH-NE,166,166,0,2158.0
6740,2026-05-04,P017,WH-NE,138,138,0,1794.0
6741,2026-05-11,P017,WH-NE,127,126,1,1638.0
6742,2026-05-18,P017,WH-NE,120,119,1,1547.0
6743,2026-05-25,P017,WH-NE,140,137,3,1781.0
6744,2026-06-01,P017,WH-NE,129,129,0,1677.0
6745,2026-06-08,P017,WH-NE,117,116,1,1508.0
6746,2026-06-15,P017,WH-NE,136,135,1,1755.0
6747,2026-06-22,P017,WH-NE,109,107,2,1391.0
6748,2026-06-29,P017,WH-NE,121,120,1,1560.0
6749,2026-07-06,P017,WH-NE,136,136,0,1768.0
6750,2026-07-13,P017,WH-NE,116,116,0,1508.0
6751,2026-07-20,P017,WH-NE,127,124,3,1612.0
6752,2026-07-27,P017,WH-NE,138,136,2,1768.0
6753,2026-08-03,P017,WH-NE,140,128,12,1664.0
6754,2026-08-10,P017,WH-NE,133,131,2,1703.0
6755,2026-08-17,P017,WH-NE,137,137,0,1781.0
6756,2026-08-24,P017,WH-NE,141,138,3,1794.0
6757,2026-08-31,P017,WH-NE,154,152,2,1976.0
6758,2026-09-07,P017,WH-NE,133,130,3,1690.0
6759,2026-09-14,P017,WH-NE,143,142,1,1846.0
6760,2026-09-21,P017,WH-NE,130,128,2,1664.0
6761,2024-09-30,P017,WH-SE,114,112,2,1456.0
6762,2024-10-07,P017,WH-SE,107,90,17,1170.0
6763,2024-10-14,P017,WH-SE,127,126,1,1638.0
6764,2024-10-21,P017,WH-SE,124,123,1,1599.0
6765,2024-10-28,P017,WH-SE,102,102,0,1326.0
6766,2024-11-04,P017,WH-SE,97,96,1,1248.0
6767,2024-11-11,P017,WH-SE,104,103,1,1339.0
6768,2024-11-18,P017,WH-SE,111,110,1,1430.0
6769,2024-11-25,P017,WH-SE,129,128,1,1664.0
6770,2024-12-02,P017,WH-SE,122,121,1,1573.0
6771,2024-12-09,P017,WH-SE,120,119,1,1547.0
6772,2024-12-16,P017,WH-SE,121,119,2,1547.0
6773,2024-12-23,P017,WH-SE,105,104,1,1352.0
6774,2024-12-30,P017,WH-SE,126,110,16,1430.0
6775,2025-01-06,P017,WH-SE,131,129,2,1677.0
6776,2025-01-13,P017,WH-SE,118,115,3,1495.0
6777,2025-01-20,P017,WH-SE,137,134,3,1742.0
6778,2025-01-27,P017,WH-SE,125,122,3,1586.0
6779,2025-02-03,P017,WH-SE,110,108,2,1404.0
6780,2025-02-10,P017,WH-SE,113,111,2,1443.0
6781,2025-02-17,P017,WH-SE,110,109,1,1417.0
6782,2025-02-24,P017,WH-SE,122,121,1,1573.0
6783,2025-03-03,P017,WH-SE,121,115,6,1495.0
6784,2025-03-10,P017,WH-SE,134,132,2,1716.0
6785,2025-03-17,P017,WH-SE,113,113,0,1469.0
6786,2025-03-24,P017,WH-SE,98,96,2,1248.0
6787,2025-03-31,P017,WH-SE,110,108,2,1404.0
6788,2025-04-07,P017,WH-SE,130,130,0,1690.0
6789,2025-04-14,P017,WH-SE,131,130,1,1690.0
6790,2025-04-21,P017,WH-SE,97,96,1,1248.0
6791,2025-04-28,P017,WH-SE,111,111,0,1443.0
6792,2025-05-05,P017,WH-SE,113,111,2,1443.0
6793,2025-05-12,P017,WH-SE,101,101,0,1313.0
6794,2025-05-19,P017,WH-SE,101,99,2,1287.0
6795,2025-05-26,P017,WH-SE,114,114,0,1482.0
6796,2025-06-02,P017,WH-SE,102,101,1,1313.0
6797,2025-06-09,P017,WH-SE,105,98,7,1274.0
6798,2025-06-16,P017,WH-SE,103,100,3,1300.0
6799,2025-06-23,P017,WH-SE,109,109,0,1417.0
6800,2025-06-30,P017,WH-SE,100,99,1,1287.0
6801,2025-07-07,P017,WH-SE,99,97,2,1261.0
6802,2025-07-14,P017,WH-SE,108,106,2,1378.0
6803,2025-07-21,P017,WH-SE,109,109,0,1417.0
6804,2025-07-28,P017,WH-SE,114,114,0,1482.0
6805,2025-08-04,P017,WH-SE,93,92,1,1196.0
6806,2025-08-11,P017,WH-SE,102,99,3,1287.0
6807,2025-08-18,P017,WH-SE,109,109,0,1417.0
6808,2025-08-25,P017,WH-SE,109,107,2,1391.0
6809,2025-09-01,P017,WH-SE,96,95,1,1235.0
6810,2025-09-08,P017,WH-SE,105,103,2,1339.0
6811,2025-09-15,P017,WH-SE,121,120,1,1560.0
6812,2025-09-22,P017,WH-SE,111,109,2,1417.0
6813,2025-09-29,P017,WH-SE,120,119,1,1547.0
6814,2025-10-06,P017,WH-SE,128,126,2,1638.0
6815,2025-10-13,P017,WH-SE,126,126,0,1638.0
6816,2025-10-20,P017,WH-SE,122,121,1,1573.0
6817,2025-10-27,P017,WH-SE,124,123,1,1599.0
6818,2025-11-03,P017,WH-SE,104,103,1,1339.0
6819,2025-11-10,P017,WH-SE,136,134,2,1742.0
6820,2025-11-17,P017,WH-SE,128,125,3,1625.0
6821,2025-11-24,P017,WH-SE,113,113,0,1469.0
6822,2025-12-01,P017,WH-SE,123,121,2,1573.0
6823,2025-12-08,P017,WH-SE,117,105,12,1365.0
6824,2025-12-15,P017,WH-SE,134,132,2,1716.0
6825,2025-12-22,P017,WH-SE,139,138,1,1794.0
6826,2025-12-29,P017,WH-SE,131,130,1,1690.0
6827,2026-01-05,P017,WH-SE,130,129,1,1677.0
6828,2026-01-12,P017,WH-SE,142,140,2,1820.0
6829,2026-01-19,P017,WH-SE,143,140,3,1820.0
6830,2026-01-26,P017,WH-SE,130,130,0,1690.0
6831,2026-02-02,P017,WH-SE,124,123,1,1599.0
6832,2026-02-09,P017,WH-SE,125,125,0,1625.0
6833,2026-02-16,P017,WH-SE,124,123,1,1599.0
6834,2026-02-23,P017,WH-SE,132,131,1,1703.0
6835,2026-03-02,P017,WH-SE,104,102,2,1326.0
6836,2026-03-09,P017,WH-SE,119,119,0,1547.0
6837,2026-03-16,P017,WH-SE,146,145,1,1885.0
6838,2026-03-23,P017,WH-SE,110,109,1,1417.0
6839,2026-03-30,P017,WH-SE,109,108,1,1404.0
6840,2026-04-06,P017,WH-SE,112,112,0,1456.0
6841,2026-04-13,P017,WH-SE,105,103,2,1339.0
6842,2026-04-20,P017,WH-SE,141,140,1,1820.0
6843,2026-04-27,P017,WH-SE,113,112,1,1456.0
6844,2026-05-04,P017,WH-SE,110,108,2,1404.0
6845,2026-05-11,P017,WH-SE,94,93,1,1209.0
6846,2026-05-18,P017,WH-SE,116,115,1,1495.0
6847,2026-05-25,P017,WH-SE,103,102,1,1326.0
6848,2026-06-01,P017,WH-SE,106,104,2,1352.0
6849,2026-06-08,P017,WH-SE,101,101,0,1313.0
6850,2026-06-15,P017,WH-SE,99,99,0,1287.0
6851,2026-06-22,P017,WH-SE,108,105,3,1365.0
6852,2026-06-29,P017,WH-SE,99,99,0,1287.0
6853,2026-07-06,P017,WH-SE,103,102,1,1326.0
6854,2026-07-13,P017,WH-SE,102,102,0,1326.0
6855,2026-07-20,P017,WH-SE,110,109,1,1417.0
6856,2026-07-27,P017,WH-SE,103,101,2,1313.0
6857,2026-08-03,P017,WH-SE,105,103,2,1339.0
6858,2026-08-10,P017,WH-SE,119,116,3,1508.0
6859,2026-08-17,P017,WH-SE,115,112,3,1456.0
6860,2026-08-24,P017,WH-SE,121,120,1,1560.0
6861,2026-08-31,P017,WH-SE,116,114,2,1482.0
6862,2026-09-07,P017,WH-SE,113,112,1,1456.0
6863,2026-09-14,P017,WH-SE,114,113,1,1469.0
6864,2026-09-21,P017,WH-SE,135,133,2,1729.0
6865,2024-09-30,P017,WH-MW,104,103,1,1339.0
6866,2024-10-07,P017,WH-MW,103,101,2,1313.0
6867,2024-10-14,P017,WH-MW,100,98,2,1274.0
6868,2024-10-21,P017,WH-MW,123,120,3,1560.0
6869,2024-10-28,P017,WH-MW,102,100,2,1300.0
6870,2024-11-04,P017,WH-MW,124,107,17,1391.0
6871,2024-11-11,P017,WH-MW,105,103,2,1339.0
6872,2024-11-18,P017,WH-MW,104,103,1,1339.0
6873,2024-11-25,P017,WH-MW,120,120,0,1560.0
6874,2024-12-02,P017,WH-MW,124,122,2,1586.0
6875,2024-12-09,P017,WH-MW,130,127,3,1651.0
6876,2024-12-16,P017,WH-MW,117,115,2,1495.0
6877,2024-12-23,P017,WH-MW,108,107,1,1391.0
6878,2024-12-30,P017,WH-MW,133,130,3,1690.0
6879,2025-01-06,P017,WH-MW,137,136,1,1768.0
6880,2025-01-13,P017,WH-MW,131,130,1,1690.0
6881,2025-01-20,P017,WH-MW,125,123,2,1599.0
6882,2025-01-27,P017,WH-MW,138,135,3,1755.0
6883,2025-02-03,P017,WH-MW,124,124,0,1612.0
6884,2025-02-10,P017,WH-MW,102,99,3,1287.0
6885,2025-02-17,P017,WH-MW,110,109,1,1417.0
6886,2025-02-24,P017,WH-MW,117,117,0,1521.0
6887,2025-03-03,P017,WH-MW,115,113,2,1469.0
6888,2025-03-10,P017,WH-MW,104,94,10,1222.0
6889,2025-03-17,P017,WH-MW,116,116,0,1508.0
6890,2025-03-24,P017,WH-MW,105,104,1,1352.0
6891,2025-03-31,P017,WH-MW,125,125,0,1625.0
6892,2025-04-07,P017,WH-MW,115,113,2,1469.0
6893,2025-04-14,P017,WH-MW,107,107,0,1391.0
6894,2025-04-21,P017,WH-MW,119,118,1,1534.0
6895,2025-04-28,P017,WH-MW,120,119,1,1547.0
6896,2025-05-05,P017,WH-MW,107,106,1,1378.0
6897,2025-05-12,P017,WH-MW,105,103,2,1339.0
6898,2025-05-19,P017,WH-MW,92,92,0,1196.0
6899,2025-05-26,P017,WH-MW,107,107,0,1391.0
6900,2025-06-02,P017,WH-MW,114,112,2,1456.0
6901,2025-06-09,P017,WH-MW,103,101,2,1313.0
6902,2025-06-16,P017,WH-MW,109,108,1,1404.0
6903,2025-06-23,P017,WH-MW,113,111,2,1443.0
6904,2025-06-30,P017,WH-MW,107,107,0,1391.0
6905,2025-07-07,P017,WH-MW,99,97,2,1261.0
6906,2025-07-14,P017,WH-MW,126,123,3,1599.0
6907,2025-07-21,P017,WH-MW,123,122,1,1586.0
6908,2025-07-28,P017,WH-MW,110,110,0,1430.0
6909,2025-08-04,P017,WH-MW,104,103,1,1339.0
6910,2025-08-11,P017,WH-MW,122,120,2,1560.0
6911,2025-08-18,P017,WH-MW,118,118,0,1534.0
6912,2025-08-25,P017,WH-MW,106,104,2,1352.0
6913,2025-09-01,P017,WH-MW,112,111,1,1443.0
6914,2025-09-08,P017,WH-MW,114,112,2,1456.0
6915,2025-09-15,P017,WH-MW,129,128,1,1664.0
6916,2025-09-22,P017,WH-MW,127,125,2,1625.0
6917,2025-09-29,P017,WH-MW,123,122,1,1586.0
6918,2025-10-06,P017,WH-MW,130,130,0,1690.0
6919,2025-10-13,P017,WH-MW,119,117,2,1521.0
6920,2025-10-20,P017,WH-MW,105,103,2,1339.0
6921,2025-10-27,P017,WH-MW,109,109,0,1417.0
6922,2025-11-03,P017,WH-MW,124,123,1,1599.0
6923,2025-11-10,P017,WH-MW,127,126,1,1638.0
6924,2025-11-17,P017,WH-MW,128,128,0,1664.0
6925,2025-11-24,P017,WH-MW,121,120,1,1560.0
6926,2025-12-01,P017,WH-MW,130,129,1,1677.0
6927,2025-12-08,P017,WH-MW,128,126,2,1638.0
6928,2025-12-15,P017,WH-MW,126,126,0,1638.0
6929,2025-12-22,P017,WH-MW,137,136,1,1768.0
6930,2025-12-29,P017,WH-MW,116,114,2,1482.0
6931,2026-01-05,P017,WH-MW,118,116,2,1508.0
6932,2026-01-12,P017,WH-MW,122,119,3,1547.0
6933,2026-01-19,P017,WH-MW,110,108,2,1404.0
6934,2026-01-26,P017,WH-MW,119,119,0,1547.0
6935,2026-02-02,P017,WH-MW,121,120,1,1560.0
6936,2026-02-09,P017,WH-MW,110,107,3,1391.0
6937,2026-02-16,P017,WH-MW,125,124,1,1612.0
6938,2026-02-23,P017,WH-MW,126,119,7,1547.0
6939,2026-03-02,P017,WH-MW,118,115,3,1495.0
6940,2026-03-09,P017,WH-MW,104,103,1,1339.0
6941,2026-03-16,P017,WH-MW,123,122,1,1586.0
6942,2026-03-23,P017,WH-MW,115,114,1,1482.0
6943,2026-03-30,P017,WH-MW,136,133,3,1729.0
6944,2026-04-06,P017,WH-MW,133,133,0,1729.0
6945,2026-04-13,P017,WH-MW,114,113,1,1469.0
6946,2026-04-20,P017,WH-MW,144,144,0,1872.0
6947,2026-04-27,P017,WH-MW,117,116,1,1508.0
6948,2026-05-04,P017,WH-MW,109,107,2,1391.0
6949,2026-05-11,P017,WH-MW,120,117,3,1521.0
6950,2026-05-18,P017,WH-MW,107,106,1,1378.0
6951,2026-05-25,P017,WH-MW,104,103,1,1339.0
6952,2026-06-01,P017,WH-MW,106,105,1,1365.0
6953,2026-06-08,P017,WH-MW,119,117,2,1521.0
6954,2026-06-15,P017,WH-MW,103,100,3,1300.0
6955,2026-06-22,P017,WH-MW,107,106,1,1378.0
6956,2026-06-29,P017,WH-MW,104,103,1,1339.0
6957,2026-07-06,P017,WH-MW,108,105,3,1365.0
6958,2026-07-13,P017,WH-MW,104,102,2,1326.0
6959,2026-07-20,P017,WH-MW,88,87,1,1131.0
6960,2026-07-27,P017,WH-MW,105,103,2,1339.0
6961,2026-08-03,P017,WH-MW,128,128,0,1664.0
6962,2026-08-10,P017,WH-MW,108,107,1,1391.0
6963,2026-08-17,P017,WH-MW,107,105,2,1365.0
6964,2026-08-24,P017,WH-MW,125,112,13,1456.0
6965,2026-08-31,P017,WH-MW,123,121,2,1573.0
6966,2026-09-07,P017,WH-MW,114,112,2,1456.0
6967,2026-09-14,P017,WH-MW,128,126,2,1638.0
6968,2026-09-21,P017,WH-MW,113,111,2,1443.0
6969,2024-09-30,P017,WH-W,91,89,2,1157.0
6970,2024-10-07,P017,WH-W,99,98,1,1274.0
6971,2024-10-14,P017,WH-W,87,85,2,1105.0
6972,2024-10-21,P017,WH-W,97,92,5,1196.0
6973,2024-10-28,P017,WH-W,97,95,2,1235.0
6974,2024-11-04,P017,WH-W,107,104,3,1352.0
6975,2024-11-11,P017,WH-W,100,99,1,1287.0
6976,2024-11-18,P017,WH-W,87,87,0,1131.0
6977,2024-11-25,P017,WH-W,112,112,0,1456.0
6978,2024-12-02,P017,WH-W,114,112,2,1456.0
6979,2024-12-09,P017,WH-W,87,85,2,1105.0
6980,2024-12-16,P017,WH-W,89,88,1,1144.0
6981,2024-12-23,P017,WH-W,100,93,7,1209.0
6982,2024-12-30,P017,WH-W,109,108,1,1404.0
6983,2025-01-06,P017,WH-W,95,94,1,1222.0
6984,2025-01-13,P017,WH-W,102,100,2,1300.0
6985,2025-01-20,P017,WH-W,105,96,9,1248.0
6986,2025-01-27,P017,WH-W,85,85,0,1105.0
6987,2025-02-03,P017,WH-W,107,105,2,1365.0
6988,2025-02-10,P017,WH-W,102,102,0,1326.0
6989,2025-02-17,P017,WH-W,110,109,1,1417.0
6990,2025-02-24,P017,WH-W,105,92,13,1196.0
6991,2025-03-03,P017,WH-W,102,100,2,1300.0
6992,2025-03-10,P017,WH-W,95,94,1,1222.0
6993,2025-03-17,P017,WH-W,106,104,2,1352.0
6994,2025-03-24,P017,WH-W,105,104,1,1352.0
6995,2025-03-31,P017,WH-W,105,104,1,1352.0
6996,2025-04-07,P017,WH-W,96,95,1,1235.0
6997,2025-04-14,P017,WH-W,94,92,2,1196.0
6998,2025-04-21,P017,WH-W,94,93,1,1209.0
6999,2025-04-28,P017,WH-W,106,103,3,1339.0
7000,2025-05-05,P017,WH-W,73,72,1,936.0
7001,2025-05-12,P017,WH-W,93,91,2,1183.0
7002,2025-05-19,P017,WH-W,83,82,1,1066.0
7003,2025-05-26,P017,WH-W,95,95,0,1235.0
7004,2025-06-02,P017,WH-W,108,108,0,1404.0
7005,2025-06-09,P017,WH-W,81,80,1,1040.0
7006,2025-06-16,P017,WH-W,83,82,1,1066.0
7007,2025-06-23,P017,WH-W,87,86,1,1118.0
7008,2025-06-30,P017,WH-W,84,82,2,1066.0
7009,2025-07-07,P017,WH-W,86,85,1,1105.0
7010,2025-07-14,P017,WH-W,94,93,1,1209.0
7011,2025-07-21,P017,WH-W,90,88,2,1144.0
7012,2025-07-28,P017,WH-W,96,95,1,1235.0
7013,2025-08-04,P017,WH-W,88,87,1,1131.0
7014,2025-08-11,P017,WH-W,88,87,1,1131.0
7015,2025-08-18,P017,WH-W,88,87,1,1131.0
7016,2025-08-25,P017,WH-W,87,85,2,1105.0
7017,2025-09-01,P017,WH-W,87,87,0,1131.0
7018,2025-09-08,P017,WH-W,95,93,2,1209.0
7019,2025-09-15,P017,WH-W,117,115,2,1495.0
7020,2025-09-22,P017,WH-W,83,83,0,1079.0
7021,2025-09-29,P017,WH-W,105,104,1,1352.0
7022,2025-10-06,P017,WH-W,93,93,0,1209.0
7023,2025-10-13,P017,WH-W,109,108,1,1404.0
7024,2025-10-20,P017,WH-W,104,102,2,1326.0
7025,2025-10-27,P017,WH-W,112,112,0,1456.0
7026,2025-11-03,P017,WH-W,106,105,1,1365.0
7027,2025-11-10,P017,WH-W,100,100,0,1300.0
7028,2025-11-17,P017,WH-W,117,116,1,1508.0
7029,2025-11-24,P017,WH-W,116,115,1,1495.0
7030,2025-12-01,P017,WH-W,114,112,2,1456.0
7031,2025-12-08,P017,WH-W,128,127,1,1651.0
7032,2025-12-15,P017,WH-W,120,100,20,1300.0
7033,2025-12-22,P017,WH-W,111,109,2,1417.0
7034,2025-12-29,P017,WH-W,102,102,0,1326.0
7035,2026-01-05,P017,WH-W,104,103,1,1339.0
7036,2026-01-12,P017,WH-W,102,100,2,1300.0
7037,2026-01-19,P017,WH-W,115,114,1,1482.0
7038,2026-01-26,P017,WH-W,118,116,2,1508.0
7039,2026-02-02,P017,WH-W,116,116,0,1508.0
7040,2026-02-09,P017,WH-W,115,115,0,1495.0
7041,2026-02-16,P017,WH-W,121,119,2,1547.0
7042,2026-02-23,P017,WH-W,115,113,2,1469.0
7043,2026-03-02,P017,WH-W,118,118,0,1534.0
7044,2026-03-09,P017,WH-W,114,113,1,1469.0
7045,2026-03-16,P017,WH-W,115,113,2,1469.0
7046,2026-03-23,P017,WH-W,114,112,2,1456.0
7047,2026-03-30,P017,WH-W,105,95,10,1235.0
7048,2026-04-06,P017,WH-W,115,114,1,1482.0
7049,2026-04-13,P017,WH-W,100,90,10,1170.0
7050,2026-04-20,P017,WH-W,107,106,1,1378.0
7051,2026-04-27,P017,WH-W,119,118,1,1534.0
7052,2026-05-04,P017,WH-W,100,99,1,1287.0
7053,2026-05-11,P017,WH-W,95,94,1,1222.0
7054,2026-05-18,P017,WH-W,105,104,1,1352.0
7055,2026-05-25,P017,WH-W,110,108,2,1404.0
7056,2026-06-01,P017,WH-W,110,109,1,1417.0
7057,2026-06-08,P017,WH-W,83,82,1,1066.0
7058,2026-06-15,P017,WH-W,80,78,2,1014.0
7059,2026-06-22,P017,WH-W,97,96,1,1248.0
7060,2026-06-29,P017,WH-W,95,94,1,1222.0
7061,2026-07-06,P017,WH-W,89,87,2,1131.0
7062,2026-07-13,P017,WH-W,93,93,0,1209.0
7063,2026-07-20,P017,WH-W,93,92,1,1196.0
7064,2026-07-27,P017,WH-W,98,96,2,1248.0
7065,2026-08-03,P017,WH-W,116,116,0,1508.0
7066,2026-08-10,P017,WH-W,111,111,0,1443.0
7067,2026-08-17,P017,WH-W,104,102,2,1326.0
7068,2026-08-24,P017,WH-W,103,103,0,1339.0
7069,2026-08-31,P017,WH-W,121,120,1,1560.0
7070,2026-09-07,P017,WH-W,79,77,2,1001.0
7071,2026-09-14,P017,WH-W,104,104,0,1352.0
7072,2026-09-21,P017,WH-W,86,84,2,1092.0
7073,2024-09-30,P018,WH-NE,65,64,1,1248.0
7074,2024-10-07,P018,WH-NE,62,61,1,1189.5
7075,2024-10-14,P018,WH-NE,66,65,1,1267.5
7076,2024-10-21,P018,WH-NE,59,58,1,1131.0
7077,2024-10-28,P018,WH-NE,59,58,1,1131.0
7078,2024-11-04,P018,WH-NE,71,70,1,1365.0
7079,2024-11-11,P018,WH-NE,70,69,1,1345.5
7080,2024-11-18,P018,WH-NE,67,67,0,1306.5
7081,2024-11-25,P018,WH-NE,57,56,1,1092.0
7082,2024-12-02,P018,WH-NE,66,66,0,1287.0
7083,2024-12-09,P018,WH-NE,62,62,0,1209.0
7084,2024-12-16,P018,WH-NE,67,66,1,1287.0
7085,2024-12-23,P018,WH-NE,70,69,1,1345.5
7086,2024-12-30,P018,WH-NE,68,68,0,1326.0
7087,2025-01-06,P018,WH-NE,65,65,0,1267.5
7088,2025-01-13,P018,WH-NE,67,67,0,1306.5
7089,2025-01-20,P018,WH-NE,71,71,0,1384.5
7090,2025-01-27,P018,WH-NE,63,62,1,1209.0
7091,2025-02-03,P018,WH-NE,76,75,1,1462.5
7092,2025-02-10,P018,WH-NE,75,63,12,1228.5
7093,2025-02-17,P018,WH-NE,65,63,2,1228.5
7094,2025-02-24,P018,WH-NE,64,62,2,1209.0
7095,2025-03-03,P018,WH-NE,87,86,1,1677.0
7096,2025-03-10,P018,WH-NE,80,79,1,1540.5
7097,2025-03-17,P018,WH-NE,80,78,2,1521.0
7098,2025-03-24,P018,WH-NE,78,76,2,1482.0
7099,2025-03-31,P018,WH-NE,84,82,2,1599.0
7100,2025-04-07,P018,WH-NE,82,81,1,1579.5
7101,2025-04-14,P018,WH-NE,90,89,1,1735.5
7102,2025-04-21,P018,WH-NE,77,77,0,1501.5
7103,2025-04-28,P018,WH-NE,70,70,0,1365.0
7104,2025-05-05,P018,WH-NE,78,77,1,1501.5
7105,2025-05-12,P018,WH-NE,84,83,1,1618.5
7106,2025-05-19,P018,WH-NE,71,71,0,1384.5
7107,2025-05-26,P018,WH-NE,99,97,2,1891.5
7108,2025-06-02,P018,WH-NE,90,88,2,1716.0
7109,2025-06-09,P018,WH-NE,77,76,1,1482.0
7110,2025-06-16,P018,WH-NE,78,77,1,1501.5
7111,2025-06-23,P018,WH-NE,79,78,1,1521.0
7112,2025-06-30,P018,WH-NE,77,76,1,1482.0
7113,2025-07-07,P018,WH-NE,72,71,1,1384.5
7114,2025-07-14,P018,WH-NE,74,73,1,1423.5
7115,2025-07-21,P018,WH-NE,77,76,1,1482.0
7116,2025-07-28,P018,WH-NE,74,73,1,1423.5
7117,2025-08-04,P018,WH-NE,63,62,1,1209.0
7118,2025-08-11,P018,WH-NE,67,66,1,1287.0
7119,2025-08-18,P018,WH-NE,61,60,1,1170.0
7120,2025-08-25,P018,WH-NE,61,61,0,1189.5
7121,2025-09-01,P018,WH-NE,69,69,0,1345.5
7122,2025-09-08,P018,WH-NE,67,66,1,1287.0
7123,2025-09-15,P018,WH-NE,66,65,1,1267.5
7124,2025-09-22,P018,WH-NE,60,59,1,1150.5
7125,2025-09-29,P018,WH-NE,61,60,1,1170.0
7126,2025-10-06,P018,WH-NE,65,64,1,1248.0
7127,2025-10-13,P018,WH-NE,62,61,1,1189.5
7128,2025-10-20,P018,WH-NE,72,64,8,1248.0
7129,2025-10-27,P018,WH-NE,61,60,1,1170.0
7130,2025-11-03,P018,WH-NE,66,65,1,1267.5
7131,2025-11-10,P018,WH-NE,70,69,1,1345.5
7132,2025-11-17,P018,WH-NE,69,68,1,1326.0
7133,2025-11-24,P018,WH-NE,78,77,1,1501.5
7134,2025-12-01,P018,WH-NE,73,72,1,1404.0
7135,2025-12-08,P018,WH-NE,79,78,1,1521.0
7136,2025-12-15,P018,WH-NE,70,69,1,1345.5
7137,2025-12-22,P018,WH-NE,74,74,0,1443.0
7138,2025-12-29,P018,WH-NE,79,77,2,1501.5
7139,2026-01-05,P018,WH-NE,86,86,0,1677.0
7140,2026-01-12,P018,WH-NE,68,66,2,1287.0
7141,2026-01-19,P018,WH-NE,71,71,0,1384.5
7142,2026-01-26,P018,WH-NE,84,82,2,1599.0
7143,2026-02-02,P018,WH-NE,72,72,0,1404.0
7144,2026-02-09,P018,WH-NE,67,66,1,1287.0
7145,2026-02-16,P018,WH-NE,88,87,1,1696.5
7146,2026-02-23,P018,WH-NE,85,84,1,1638.0
7147,2026-03-02,P018,WH-NE,81,79,2,1540.5
7148,2026-03-09,P018,WH-NE,72,71,1,1384.5
7149,2026-03-16,P018,WH-NE,79,79,0,1540.5
7150,2026-03-23,P018,WH-NE,90,89,1,1735.5
7151,2026-03-30,P018,WH-NE,88,87,1,1696.5
7152,2026-04-06,P018,WH-NE,90,90,0,1755.0
7153,2026-04-13,P018,WH-NE,87,87,0,1696.5
7154,2026-04-20,P018,WH-NE,79,74,5,1443.0
7155,2026-04-27,P018,WH-NE,98,97,1,1891.5
7156,2026-05-04,P018,WH-NE,77,77,0,1501.5
7157,2026-05-11,P018,WH-NE,93,92,1,1794.0
7158,2026-05-18,P018,WH-NE,83,81,2,1579.5
7159,2026-05-25,P018,WH-NE,77,76,1,1482.0
7160,2026-06-01,P018,WH-NE,80,79,1,1540.5
7161,2026-06-08,P018,WH-NE,76,76,0,1482.0
7162,2026-06-15,P018,WH-NE,79,79,0,1540.5
7163,2026-06-22,P018,WH-NE,71,69,2,1345.5
7164,2026-06-29,P018,WH-NE,79,79,0,1540.5
7165,2026-07-06,P018,WH-NE,87,87,0,1696.5
7166,2026-07-13,P018,WH-NE,68,67,1,1306.5
7167,2026-07-20,P018,WH-NE,76,75,1,1462.5
7168,2026-07-27,P018,WH-NE,71,71,0,1384.5
7169,2026-08-03,P018,WH-NE,69,68,1,1326.0
7170,2026-08-10,P018,WH-NE,70,69,1,1345.5
7171,2026-08-17,P018,WH-NE,81,72,9,1404.0
7172,2026-08-24,P018,WH-NE,66,65,1,1267.5
7173,2026-08-31,P018,WH-NE,74,74,0,1443.0
7174,2026-09-07,P018,WH-NE,74,73,1,1423.5
7175,2026-09-14,P018,WH-NE,67,67,0,1306.5
7176,2026-09-21,P018,WH-NE,67,67,0,1306.5
7177,2024-09-30,P018,WH-SE,62,62,0,1209.0
7178,2024-10-07,P018,WH-SE,56,55,1,1072.5
7179,2024-10-14,P018,WH-SE,64,64,0,1248.0
7180,2024-10-21,P018,WH-SE,56,56,0,1092.0
7181,2024-10-28,P018,WH-SE,72,71,1,1384.5
7182,2024-11-04,P018,WH-SE,55,54,1,1053.0
7183,2024-11-11,P018,WH-SE,65,64,1,1248.0
7184,2024-11-18,P018,WH-SE,68,68,0,1326.0
7185,2024-11-25,P018,WH-SE,58,57,1,1111.5
7186,2024-12-02,P018,WH-SE,58,57,1,1111.5
7187,2024-12-09,P018,WH-SE,63,62,1,1209.0
7188,2024-12-16,P018,WH-SE,65,64,1,1248.0
7189,2024-12-23,P018,WH-SE,64,63,1,1228.5
7190,2024-12-30,P018,WH-SE,69,68,1,1326.0
7191,2025-01-06,P018,WH-SE,76,75,1,1462.5
7192,2025-01-13,P018,WH-SE,82,82,0,1599.0
7193,2025-01-20,P018,WH-SE,76,76,0,1482.0
7194,2025-01-27,P018,WH-SE,71,60,11,1170.0
7195,2025-02-03,P018,WH-SE,60,60,0,1170.0
7196,2025-02-10,P018,WH-SE,66,65,1,1267.5
7197,2025-02-17,P018,WH-SE,81,81,0,1579.5
7198,2025-02-24,P018,WH-SE,75,75,0,1462.5
7199,2025-03-03,P018,WH-SE,78,77,1,1501.5
7200,2025-03-10,P018,WH-SE,78,76,2,1482.0
7201,2025-03-17,P018,WH-SE,60,59,1,1150.5
7202,2025-03-24,P018,WH-SE,87,87,0,1696.5
7203,2025-03-31,P018,WH-SE,62,61,1,1189.5
7204,2025-04-07,P018,WH-SE,74,72,2,1404.0
7205,2025-04-14,P018,WH-SE,83,82,1,1599.0
7206,2025-04-21,P018,WH-SE,66,66,0,1287.0
7207,2025-04-28,P018,WH-SE,67,67,0,1306.5
7208,2025-05-05,P018,WH-SE,67,67,0,1306.5
7209,2025-05-12,P018,WH-SE,74,73,1,1423.5
7210,2025-05-19,P018,WH-SE,71,71,0,1384.5
7211,2025-05-26,P018,WH-SE,95,95,0,1852.5
7212,2025-06-02,P018,WH-SE,76,74,2,1443.0
7213,2025-06-09,P018,WH-SE,72,71,1,1384.5
7214,2025-06-16,P018,WH-SE,83,82,1,1599.0
7215,2025-06-23,P018,WH-SE,70,64,6,1248.0
7216,2025-06-30,P018,WH-SE,69,69,0,1345.5
7217,2025-07-07,P018,WH-SE,69,62,7,1209.0
7218,2025-07-14,P018,WH-SE,71,71,0,1384.5
7219,2025-07-21,P018,WH-SE,68,68,0,1326.0
7220,2025-07-28,P018,WH-SE,62,60,2,1170.0
7221,2025-08-04,P018,WH-SE,63,62,1,1209.0
7222,2025-08-11,P018,WH-SE,71,70,1,1365.0
7223,2025-08-18,P018,WH-SE,67,66,1,1287.0
7224,2025-08-25,P018,WH-SE,66,56,10,1092.0
7225,2025-09-01,P018,WH-SE,66,65,1,1267.5
7226,2025-09-08,P018,WH-SE,66,65,1,1267.5
7227,2025-09-15,P018,WH-SE,70,70,0,1365.0
7228,2025-09-22,P018,WH-SE,60,60,0,1170.0
7229,2025-09-29,P018,WH-SE,60,60,0,1170.0
7230,2025-10-06,P018,WH-SE,59,58,1,1131.0
7231,2025-10-13,P018,WH-SE,70,69,1,1345.5
7232,2025-10-20,P018,WH-SE,52,52,0,1014.0
7233,2025-10-27,P018,WH-SE,83,75,8,1462.5
7234,2025-11-03,P018,WH-SE,63,62,1,1209.0
7235,2025-11-10,P018,WH-SE,61,60,1,1170.0
7236,2025-11-17,P018,WH-SE,66,65,1,1267.5
7237,2025-11-24,P018,WH-SE,65,64,1,1248.0
7238,2025-12-01,P018,WH-SE,72,62,10,1209.0
7239,2025-12-08,P018,WH-SE,76,76,0,1482.0
7240,2025-12-15,P018,WH-SE,68,67,1,1306.5
7241,2025-12-22,P018,WH-SE,69,68,1,1326.0
7242,2025-12-29,P018,WH-SE,63,53,10,1033.5
7243,2026-01-05,P018,WH-SE,68,65,3,1267.5
7244,2026-01-12,P018,WH-SE,74,73,1,1423.5
7245,2026-01-19,P018,WH-SE,74,73,1,1423.5
7246,2026-01-26,P018,WH-SE,61,60,1,1170.0
7247,2026-02-02,P018,WH-SE,83,82,1,1599.0
7248,2026-02-09,P018,WH-SE,71,71,0,1384.5
7249,2026-02-16,P018,WH-SE,74,73,1,1423.5
7250,2026-02-23,P018,WH-SE,90,89,1,1735.5
7251,2026-03-02,P018,WH-SE,91,91,0,1774.5
7252,2026-03-09,P018,WH-SE,100,84,16,1638.0
7253,2026-03-16,P018,WH-SE,78,77,1,1501.5
7254,2026-03-23,P018,WH-SE,84,83,1,1618.5
7255,2026-03-30,P018,WH-SE,84,84,0,1638.0
7256,2026-04-06,P018,WH-SE,74,73,1,1423.5
7257,2026-04-13,P018,WH-SE,79,78,1,1521.0
7258,2026-04-20,P018,WH-SE,92,92,0,1794.0
7259,2026-04-27,P018,WH-SE,89,87,2,1696.5
7260,2026-05-04,P018,WH-SE,79,77,2,1501.5
7261,2026-05-11,P018,WH-SE,87,86,1,1677.0
7262,2026-05-18,P018,WH-SE,77,76,1,1482.0
7263,2026-05-25,P018,WH-SE,89,89,0,1735.5
7264,2026-06-01,P018,WH-SE,84,84,0,1638.0
7265,2026-06-08,P018,WH-SE,91,89,2,1735.5
7266,2026-06-15,P018,WH-SE,80,78,2,1521.0
7267,2026-06-22,P018,WH-SE,88,88,0,1716.0
7268,2026-06-29,P018,WH-SE,74,73,1,1423.5
7269,2026-07-06,P018,WH-SE,76,75,1,1462.5
7270,2026-07-13,P018,WH-SE,82,81,1,1579.5
7271,2026-07-20,P018,WH-SE,68,68,0,1326.0
7272,2026-07-27,P018,WH-SE,66,65,1,1267.5
7273,2026-08-03,P018,WH-SE,70,69,1,1345.5
7274,2026-08-10,P018,WH-SE,76,74,2,1443.0
7275,2026-08-17,P018,WH-SE,65,65,0,1267.5
7276,2026-08-24,P018,WH-SE,79,79,0,1540.5
7277,2026-08-31,P018,WH-SE,75,75,0,1462.5
7278,2026-09-07,P018,WH-SE,74,74,0,1443.0
7279,2026-09-14,P018,WH-SE,64,63,1,1228.5
7280,2026-09-21,P018,WH-SE,65,64,1,1248.0
7281,2024-09-30,P018,WH-MW,53,52,1,1014.0
7282,2024-10-07,P018,WH-MW,59,51,8,994.5
7283,2024-10-14,P018,WH-MW,52,51,1,994.5
7284,2024-10-21,P018,WH-MW,58,57,1,1111.5
7285,2024-10-28,P018,WH-MW,62,62,0,1209.0
7286,2024-11-04,P018,WH-MW,49,48,1,936.0
7287,2024-11-11,P018,WH-MW,62,61,1,1189.5
7288,2024-11-18,P018,WH-MW,60,59,1,1150.5
7289,2024-11-25,P018,WH-MW,56,55,1,1072.5
7290,2024-12-02,P018,WH-MW,65,64,1,1248.0
7291,2024-12-09,P018,WH-MW,59,58,1,1131.0
7292,2024-12-16,P018,WH-MW,68,67,1,1306.5
7293,2024-12-23,P018,WH-MW,57,57,0,1111.5
7294,2024-12-30,P018,WH-MW,63,63,0,1228.5
7295,2025-01-06,P018,WH-MW,70,69,1,1345.5
7296,2025-01-13,P018,WH-MW,56,55,1,1072.5
7297,2025-01-20,P018,WH-MW,64,63,1,1228.5
7298,2025-01-27,P018,WH-MW,68,67,1,1306.5
7299,2025-02-03,P018,WH-MW,66,65,1,1267.5
7300,2025-02-10,P018,WH-MW,62,62,0,1209.0
7301,2025-02-17,P018,WH-MW,77,77,0,1501.5
7302,2025-02-24,P018,WH-MW,60,59,1,1150.5
7303,2025-03-03,P018,WH-MW,65,65,0,1267.5
7304,2025-03-10,P018,WH-MW,69,68,1,1326.0
7305,2025-03-17,P018,WH-MW,72,72,0,1404.0
7306,2025-03-24,P018,WH-MW,71,69,2,1345.5
7307,2025-03-31,P018,WH-MW,71,70,1,1365.0
7308,2025-04-07,P018,WH-MW,65,64,1,1248.0
7309,2025-04-14,P018,WH-MW,70,68,2,1326.0
7310,2025-04-21,P018,WH-MW,71,69,2,1345.5
7311,2025-04-28,P018,WH-MW,64,64,0,1248.0
7312,2025-05-05,P018,WH-MW,73,72,1,1404.0
7313,2025-05-12,P018,WH-MW,63,62,1,1209.0
7314,2025-05-19,P018,WH-MW,65,61,4,1189.5
7315,2025-05-26,P018,WH-MW,70,69,1,1345.5
7316,2025-06-02,P018,WH-MW,74,73,1,1423.5
7317,2025-06-09,P018,WH-MW,70,69,1,1345.5
7318,2025-06-16,P018,WH-MW,62,61,1,1189.5
7319,2025-06-23,P018,WH-MW,61,53,8,1033.5
7320,2025-06-30,P018,WH-MW,63,63,0,1228.5
7321,2025-07-07,P018,WH-MW,61,61,0,1189.5
7322,2025-07-14,P018,WH-MW,64,63,1,1228.5
7323,2025-07-21,P018,WH-MW,57,57,0,1111.5
7324,2025-07-28,P018,WH-MW,62,61,1,1189.5
7325,2025-08-04,P018,WH-MW,64,63,1,1228.5
7326,2025-08-11,P018,WH-MW,57,56,1,1092.0
7327,2025-08-18,P018,WH-MW,57,57,0,1111.5
7328,2025-08-25,P018,WH-MW,65,65,0,1267.5
7329,2025-09-01,P018,WH-MW,60,59,1,1150.5
7330,2025-09-08,P018,WH-MW,51,50,1,975.0
7331,2025-09-15,P018,WH-MW,61,60,1,1170.0
7332,2025-09-22,P018,WH-MW,51,51,0,994.5
7333,2025-09-29,P018,WH-MW,56,56,0,1092.0
7334,2025-10-06,P018,WH-MW,59,58,1,1131.0
7335,2025-10-13,P018,WH-MW,62,61,1,1189.5
7336,2025-10-20,P018,WH-MW,65,65,0,1267.5
7337,2025-10-27,P018,WH-MW,67,65,2,1267.5
7338,2025-11-03,P018,WH-MW,66,66,0,1287.0
7339,2025-11-10,P018,WH-MW,59,58,1,1131.0
7340,2025-11-17,P018,WH-MW,66,64,2,1248.0
7341,2025-11-24,P018,WH-MW,64,63,1,1228.5
7342,2025-12-01,P018,WH-MW,67,66,1,1287.0
7343,2025-12-08,P018,WH-MW,65,65,0,1267.5
7344,2025-12-15,P018,WH-MW,64,63,1,1228.5
7345,2025-12-22,P018,WH-MW,68,66,2,1287.0
7346,2025-12-29,P018,WH-MW,63,62,1,1209.0
7347,2026-01-05,P018,WH-MW,72,72,0,1404.0
7348,2026-01-12,P018,WH-MW,69,69,0,1345.5
7349,2026-01-19,P018,WH-MW,68,67,1,1306.5
7350,2026-01-26,P018,WH-MW,75,74,1,1443.0
7351,2026-02-02,P018,WH-MW,67,67,0,1306.5
7352,2026-02-09,P018,WH-MW,75,73,2,1423.5
7353,2026-02-16,P018,WH-MW,55,55,0,1072.5
7354,2026-02-23,P018,WH-MW,67,66,1,1287.0
7355,2026-03-02,P018,WH-MW,66,65,1,1267.5
7356,2026-03-09,P018,WH-MW,70,69,1,1345.5
7357,2026-03-16,P018,WH-MW,64,63,1,1228.5
7358,2026-03-23,P018,WH-MW,76,76,0,1482.0
7359,2026-03-30,P018,WH-MW,76,76,0,1482.0
7360,2026-04-06,P018,WH-MW,80,78,2,1521.0
7361,2026-04-13,P018,WH-MW,77,77,0,1501.5
7362,2026-04-20,P018,WH-MW,74,73,1,1423.5
7363,2026-04-27,P018,WH-MW,94,93,1,1813.5
7364,2026-05-04,P018,WH-MW,74,73,1,1423.5
7365,2026-05-11,P018,WH-MW,67,66,1,1287.0
7366,2026-05-18,P018,WH-MW,78,77,1,1501.5
7367,2026-05-25,P018,WH-MW,72,70,2,1365.0
7368,2026-06-01,P018,WH-MW,66,65,1,1267.5
7369,2026-06-08,P018,WH-MW,70,70,0,1365.0
7370,2026-06-15,P018,WH-MW,76,75,1,1462.5
7371,2026-06-22,P018,WH-MW,68,68,0,1326.0
7372,2026-06-29,P018,WH-MW,59,53,6,1033.5
7373,2026-07-06,P018,WH-MW,67,67,0,1306.5
7374,2026-07-13,P018,WH-MW,69,68,1,1326.0
7375,2026-07-20,P018,WH-MW,67,66,1,1287.0
7376,2026-07-27,P018,WH-MW,60,59,1,1150.5
7377,2026-08-03,P018,WH-MW,64,63,1,1228.5
7378,2026-08-10,P018,WH-MW,62,61,1,1189.5
7379,2026-08-17,P018,WH-MW,64,64,0,1248.0
7380,2026-08-24,P018,WH-MW,64,63,1,1228.5
7381,2026-08-31,P018,WH-MW,57,57,0,1111.5
7382,2026-09-07,P018,WH-MW,72,72,0,1404.0
7383,2026-09-14,P018,WH-MW,64,54,10,1053.0
7384,2026-09-21,P018,WH-MW,67,66,1,1287.0
7385,2024-09-30,P018,WH-W,49,49,0,955.5
7386,2024-10-07,P018,WH-W,52,52,0,1014.0
7387,2024-10-14,P018,WH-W,49,49,0,955.5
7388,2024-10-21,P018,WH-W,55,54,1,1053.0
7389,2024-10-28,P018,WH-W,62,61,1,1189.5
7390,2024-11-04,P018,WH-W,56,53,3,1033.5
7391,2024-11-11,P018,WH-W,56,55,1,1072.5
7392,2024-11-18,P018,WH-W,57,57,0,1111.5
7393,2024-11-25,P018,WH-W,50,49,1,955.5
7394,2024-12-02,P018,WH-W,48,43,5,838.5
7395,2024-12-09,P018,WH-W,56,55,1,1072.5
7396,2024-12-16,P018,WH-W,57,55,2,1072.5
7397,2024-12-23,P018,WH-W,56,55,1,1072.5
7398,2024-12-30,P018,WH-W,72,72,0,1404.0
7399,2025-01-06,P018,WH-W,66,56,10,1092.0
7400,2025-01-13,P018,WH-W,60,59,1,1150.5
7401,2025-01-20,P018,WH-W,60,59,1,1150.5
7402,2025-01-27,P018,WH-W,63,62,1,1209.0
7403,2025-02-03,P018,WH-W,73,72,1,1404.0
7404,2025-02-10,P018,WH-W,64,63,1,1228.5
7405,2025-02-17,P018,WH-W,69,68,1,1326.0
7406,2025-02-24,P018,WH-W,67,66,1,1287.0
7407,2025-03-03,P018,WH-W,65,64,1,1248.0
7408,2025-03-10,P018,WH-W,62,61,1,1189.5
7409,2025-03-17,P018,WH-W,71,70,1,1365.0
7410,2025-03-24,P018,WH-W,69,67,2,1306.5
7411,2025-03-31,P018,WH-W,56,56,0,1092.0
7412,2025-04-07,P018,WH-W,69,69,0,1345.5
7413,2025-04-14,P018,WH-W,67,67,0,1306.5
7414,2025-04-21,P018,WH-W,64,63,1,1228.5
7415,2025-04-28,P018,WH-W,73,72,1,1404.0
7416,2025-05-05,P018,WH-W,65,64,1,1248.0
7417,2025-05-12,P018,WH-W,56,55,1,1072.5
7418,2025-05-19,P018,WH-W,64,64,0,1248.0
7419,2025-05-26,P018,WH-W,65,56,9,1092.0
7420,2025-06-02,P018,WH-W,70,70,0,1365.0
7421,2025-06-09,P018,WH-W,64,63,1,1228.5
7422,2025-06-16,P018,WH-W,60,60,0,1170.0
7423,2025-06-23,P018,WH-W,49,49,0,955.5
7424,2025-06-30,P018,WH-W,51,50,1,975.0
7425,2025-07-07,P018,WH-W,67,65,2,1267.5
7426,2025-07-14,P018,WH-W,67,67,0,1306.5
7427,2025-07-21,P018,WH-W,68,68,0,1326.0
7428,2025-07-28,P018,WH-W,56,55,1,1072.5
7429,2025-08-04,P018,WH-W,48,48,0,936.0
7430,2025-08-11,P018,WH-W,58,57,1,1111.5
7431,2025-08-18,P018,WH-W,57,56,1,1092.0
7432,2025-08-25,P018,WH-W,60,60,0,1170.0
7433,2025-09-01,P018,WH-W,51,50,1,975.0
7434,2025-09-08,P018,WH-W,56,56,0,1092.0
7435,2025-09-15,P018,WH-W,64,64,0,1248.0
7436,2025-09-22,P018,WH-W,56,55,1,1072.5
7437,2025-09-29,P018,WH-W,50,50,0,975.0
7438,2025-10-06,P018,WH-W,57,57,0,1111.5
7439,2025-10-13,P018,WH-W,58,57,1,1111.5
7440,2025-10-20,P018,WH-W,61,60,1,1170.0
7441,2025-10-27,P018,WH-W,55,54,1,1053.0
7442,2025-11-03,P018,WH-W,58,57,1,1111.5
7443,2025-11-10,P018,WH-W,57,56,1,1092.0
7444,2025-11-17,P018,WH-W,58,57,1,1111.5
7445,2025-11-24,P018,WH-W,55,55,0,1072.5
7446,2025-12-01,P018,WH-W,60,59,1,1150.5
7447,2025-12-08,P018,WH-W,54,54,0,1053.0
7448,2025-12-15,P018,WH-W,62,61,1,1189.5
7449,2025-12-22,P018,WH-W,67,61,6,1189.5
7450,2025-12-29,P018,WH-W,68,58,10,1131.0
7451,2026-01-05,P018,WH-W,63,61,2,1189.5
7452,2026-01-12,P018,WH-W,67,66,1,1287.0
7453,2026-01-19,P018,WH-W,72,72,0,1404.0
7454,2026-01-26,P018,WH-W,64,63,1,1228.5
7455,2026-02-02,P018,WH-W,56,55,1,1072.5
7456,2026-02-09,P018,WH-W,68,68,0,1326.0
7457,2026-02-16,P018,WH-W,67,67,0,1306.5
7458,2026-02-23,P018,WH-W,68,68,0,1326.0
7459,2026-03-02,P018,WH-W,68,67,1,1306.5
7460,2026-03-09,P018,WH-W,73,72,1,1404.0
7461,2026-03-16,P018,WH-W,73,73,0,1423.5
7462,2026-03-23,P018,WH-W,75,74,1,1443.0
7463,2026-03-30,P018,WH-W,78,77,1,1501.5
7464,2026-04-06,P018,WH-W,64,62,2,1209.0
7465,2026-04-13,P018,WH-W,55,55,0,1072.5
7466,2026-04-20,P018,WH-W,81,80,1,1560.0
7467,2026-04-27,P018,WH-W,84,83,1,1618.5
7468,2026-05-04,P018,WH-W,72,71,1,1384.5
7469,2026-05-11,P018,WH-W,66,65,1,1267.5
7470,2026-05-18,P018,WH-W,75,74,1,1443.0
7471,2026-05-25,P018,WH-W,69,69,0,1345.5
7472,2026-06-01,P018,WH-W,61,60,1,1170.0
7473,2026-06-08,P018,WH-W,73,72,1,1404.0
7474,2026-06-15,P018,WH-W,62,57,5,1111.5
7475,2026-06-22,P018,WH-W,65,65,0,1267.5
7476,2026-06-29,P018,WH-W,62,61,1,1189.5
7477,2026-07-06,P018,WH-W,64,64,0,1248.0
7478,2026-07-13,P018,WH-W,65,63,2,1228.5
7479,2026-07-20,P018,WH-W,64,64,0,1248.0
7480,2026-07-27,P018,WH-W,71,70,1,1365.0
7481,2026-08-03,P018,WH-W,55,54,1,1053.0
7482,2026-08-10,P018,WH-W,63,62,1,1209.0
7483,2026-08-17,P018,WH-W,67,66,1,1287.0
7484,2026-08-24,P018,WH-W,50,49,1,955.5
7485,2026-08-31,P018,WH-W,55,55,0,1072.5
7486,2026-09-07,P018,WH-W,49,48,1,936.0
7487,2026-09-14,P018,WH-W,60,59,1,1150.5
7488,2026-09-21,P018,WH-W,60,50,10,975.0
7489,2024-09-30,P019,WH-NE,59,58,1,1682.0
7490,2024-10-07,P019,WH-NE,64,63,1,1827.0
7491,2024-10-14,P019,WH-NE,63,62,1,1798.0
7492,2024-10-21,P019,WH-NE,54,53,1,1537.0
7493,2024-10-28,P019,WH-NE,54,54,0,1566.0
7494,2024-11-04,P019,WH-NE,60,60,0,1740.0
7495,2024-11-11,P019,WH-NE,54,53,1,1537.0
7496,2024-11-18,P019,WH-NE,46,46,0,1334.0
7497,2024-11-25,P019,WH-NE,53,53,0,1537.0
7498,2024-12-02,P019,WH-NE,59,58,1,1682.0
7499,2024-12-09,P019,WH-NE,54,53,1,1537.0
7500,2024-12-16,P019,WH-NE,56,55,1,1595.0
7501,2024-12-23,P019,WH-NE,50,49,1,1421.0
7502,2024-12-30,P019,WH-NE,43,38,5,1102.0
7503,2025-01-06,P019,WH-NE,53,52,1,1508.0
7504,2025-01-13,P019,WH-NE,43,42,1,1218.0
7505,2025-01-20,P019,WH-NE,52,51,1,1479.0
7506,2025-01-27,P019,WH-NE,55,53,2,1537.0
7507,2025-02-03,P019,WH-NE,46,45,1,1305.0
7508,2025-02-10,P019,WH-NE,43,42,1,1218.0
7509,2025-02-17,P019,WH-NE,48,47,1,1363.0
7510,2025-02-24,P019,WH-NE,44,43,1,1247.0
7511,2025-03-03,P019,WH-NE,46,46,0,1334.0
7512,2025-03-10,P019,WH-NE,48,48,0,1392.0
7513,2025-03-17,P019,WH-NE,49,48,1,1392.0
7514,2025-03-24,P019,WH-NE,53,52,1,1508.0
7515,2025-03-31,P019,WH-NE,51,51,0,1479.0
7516,2025-04-07,P019,WH-NE,54,53,1,1537.0
7517,2025-04-14,P019,WH-NE,53,52,1,1508.0
7518,2025-04-21,P019,WH-NE,52,51,1,1479.0
7519,2025-04-28,P019,WH-NE,52,51,1,1479.0
7520,2025-05-05,P019,WH-NE,51,50,1,1450.0
7521,2025-05-12,P019,WH-NE,51,51,0,1479.0
7522,2025-05-19,P019,WH-NE,55,55,0,1595.0
7523,2025-05-26,P019,WH-NE,58,57,1,1653.0
7524,2025-06-02,P019,WH-NE,52,51,1,1479.0
7525,2025-06-09,P019,WH-NE,47,46,1,1334.0
7526,2025-06-16,P019,WH-NE,53,53,0,1537.0
7527,2025-06-23,P019,WH-NE,52,52,0,1508.0
7528,2025-06-30,P019,WH-NE,49,43,6,1247.0
7529,2025-07-07,P019,WH-NE,53,53,0,1537.0
7530,2025-07-14,P019,WH-NE,57,57,0,1653.0
7531,2025-07-21,P019,WH-NE,55,55,0,1595.0
7532,2025-07-28,P019,WH-NE,51,50,1,1450.0
7533,2025-08-04,P019,WH-NE,59,58,1,1682.0
7534,2025-08-11,P019,WH-NE,67,66,1,1914.0
7535,2025-08-18,P019,WH-NE,53,52,1,1508.0
7536,2025-08-25,P019,WH-NE,65,61,4,1769.0
7537,2025-09-01,P019,WH-NE,55,54,1,1566.0
7538,2025-09-08,P019,WH-NE,62,61,1,1769.0
7539,2025-09-15,P019,WH-NE,57,56,1,1624.0
7540,2025-09-22,P019,WH-NE,69,68,1,1972.0
7541,2025-09-29,P019,WH-NE,71,71,0,2059.0
7542,2025-10-06,P019,WH-NE,56,55,1,1595.0
7543,2025-10-13,P019,WH-NE,65,64,1,1856.0
7544,2025-10-20,P019,WH-NE,60,59,1,1711.0
7545,2025-10-27,P019,WH-NE,60,59,1,1711.0
7546,2025-11-03,P019,WH-NE,63,62,1,1798.0
7547,2025-11-10,P019,WH-NE,62,61,1,1769.0
7548,2025-11-17,P019,WH-NE,64,63,1,1827.0
7549,2025-11-24,P019,WH-NE,70,69,1,2001.0
7550,2025-12-01,P019,WH-NE,59,58,1,1682.0
7551,2025-12-08,P019,WH-NE,57,56,1,1624.0
7552,2025-12-15,P019,WH-NE,55,54,1,1566.0
7553,2025-12-22,P019,WH-NE,55,54,1,1566.0
7554,2025-12-29,P019,WH-NE,56,48,8,1392.0
7555,2026-01-05,P019,WH-NE,54,53,1,1537.0
7556,2026-01-12,P019,WH-NE,54,53,1,1537.0
7557,2026-01-19,P019,WH-NE,48,48,0,1392.0
7558,2026-01-26,P019,WH-NE,62,61,1,1769.0
7559,2026-02-02,P019,WH-NE,49,48,1,1392.0
7560,2026-02-09,P019,WH-NE,47,46,1,1334.0
7561,2026-02-16,P019,WH-NE,51,50,1,1450.0
7562,2026-02-23,P019,WH-NE,58,57,1,1653.0
7563,2026-03-02,P019,WH-NE,50,44,6,1276.0
7564,2026-03-09,P019,WH-NE,51,51,0,1479.0
7565,2026-03-16,P019,WH-NE,53,53,0,1537.0
7566,2026-03-23,P019,WH-NE,50,49,1,1421.0
7567,2026-03-30,P019,WH-NE,55,55,0,1595.0
7568,2026-04-06,P019,WH-NE,54,54,0,1566.0
7569,2026-04-13,P019,WH-NE,54,46,8,1334.0
7570,2026-04-20,P019,WH-NE,59,58,1,1682.0
7571,2026-04-27,P019,WH-NE,62,60,2,1740.0
7572,2026-05-04,P019,WH-NE,54,51,3,1479.0
7573,2026-05-11,P019,WH-NE,49,49,0,1421.0
7574,2026-05-18,P019,WH-NE,59,58,1,1682.0
7575,2026-05-25,P019,WH-NE,51,51,0,1479.0
7576,2026-06-01,P019,WH-NE,50,50,0,1450.0
7577,2026-06-08,P019,WH-NE,60,56,4,1624.0
7578,2026-06-15,P019,WH-NE,50,49,1,1421.0
7579,2026-06-22,P019,WH-NE,58,57,1,1653.0
7580,2026-06-29,P019,WH-NE,62,61,1,1769.0
7581,2026-07-06,P019,WH-NE,66,65,1,1885.0
7582,2026-07-13,P019,WH-NE,58,58,0,1682.0
7583,2026-07-20,P019,WH-NE,64,64,0,1856.0
7584,2026-07-27,P019,WH-NE,68,67,1,1943.0
7585,2026-08-03,P019,WH-NE,68,68,0,1972.0
7586,2026-08-10,P019,WH-NE,64,63,1,1827.0
7587,2026-08-17,P019,WH-NE,73,72,1,2088.0
7588,2026-08-24,P019,WH-NE,60,60,0,1740.0
7589,2026-08-31,P019,WH-NE,70,70,0,2030.0
7590,2026-09-07,P019,WH-NE,49,49,0,1421.0
7591,2026-09-14,P019,WH-NE,49,48,1,1392.0
7592,2026-09-21,P019,WH-NE,62,61,1,1769.0
7593,2024-09-30,P019,WH-SE,53,53,0,1537.0
7594,2024-10-07,P019,WH-SE,52,52,0,1508.0
7595,2024-10-14,P019,WH-SE,46,45,1,1305.0
7596,2024-10-21,P019,WH-SE,53,53,0,1537.0
7597,2024-10-28,P019,WH-SE,55,54,1,1566.0
7598,2024-11-04,P019,WH-SE,62,62,0,1798.0
7599,2024-11-11,P019,WH-SE,60,59,1,1711.0
7600,2024-11-18,P019,WH-SE,56,55,1,1595.0
7601,2024-11-25,P019,WH-SE,49,49,0,1421.0
7602,2024-12-02,P019,WH-SE,56,55,1,1595.0
7603,2024-12-09,P019,WH-SE,48,47,1,1363.0
7604,2024-12-16,P019,WH-SE,47,47,0,1363.0
7605,2024-12-23,P019,WH-SE,54,53,1,1537.0
7606,2024-12-30,P019,WH-SE,44,44,0,1276.0
7607,2025-01-06,P019,WH-SE,47,46,1,1334.0
7608,2025-01-13,P019,WH-SE,48,40,8,1160.0
7609,2025-01-20,P019,WH-SE,44,38,6,1102.0
7610,2025-01-27,P019,WH-SE,41,40,1,1160.0
7611,2025-02-03,P019,WH-SE,46,46,0,1334.0
7612,2025-02-10,P019,WH-SE,35,35,0,1015.0
7613,2025-02-17,P019,WH-SE,48,48,0,1392.0
7614,2025-02-24,P019,WH-SE,40,39,1,1131.0
7615,2025-03-03,P019,WH-SE,47,46,1,1334.0
7616,2025-03-10,P019,WH-SE,50,50,0,1450.0
7617,2025-03-17,P019,WH-SE,50,49,1,1421.0
7618,2025-03-24,P019,WH-SE,47,46,1,1334.0
7619,2025-03-31,P019,WH-SE,45,45,0,1305.0
7620,2025-04-07,P019,WH-SE,48,48,0,1392.0
7621,2025-04-14,P019,WH-SE,33,33,0,957.0
7622,2025-04-21,P019,WH-SE,45,44,1,1276.0
7623,2025-04-28,P019,WH-SE,44,44,0,1276.0
7624,2025-05-05,P019,WH-SE,48,47,1,1363.0
7625,2025-05-12,P019,WH-SE,50,49,1,1421.0
7626,2025-05-19,P019,WH-SE,47,46,1,1334.0
7627,2025-05-26,P019,WH-SE,55,54,1,1566.0
7628,2025-06-02,P019,WH-SE,47,46,1,1334.0
7629,2025-06-09,P019,WH-SE,57,56,1,1624.0
7630,2025-06-16,P019,WH-SE,51,51,0,1479.0
7631,2025-06-23,P019,WH-SE,50,44,6,1276.0
7632,2025-06-30,P019,WH-SE,49,49,0,1421.0
7633,2025-07-07,P019,WH-SE,56,56,0,1624.0
7634,2025-07-14,P019,WH-SE,50,49,1,1421.0
7635,2025-07-21,P019,WH-SE,55,55,0,1595.0
7636,2025-07-28,P019,WH-SE,52,51,1,1479.0
7637,2025-08-04,P019,WH-SE,68,66,2,1914.0
7638,2025-08-11,P019,WH-SE,50,50,0,1450.0
7639,2025-08-18,P019,WH-SE,45,45,0,1305.0
7640,2025-08-25,P019,WH-SE,55,55,0,1595.0
7641,2025-09-01,P019,WH-SE,51,51,0,1479.0
7642,2025-09-08,P019,WH-SE,59,58,1,1682.0
7643,2025-09-15,P019,WH-SE,48,47,1,1363.0
7644,2025-09-22,P019,WH-SE,60,59,1,1711.0
7645,2025-09-29,P019,WH-SE,56,55,1,1595.0
7646,2025-10-06,P019,WH-SE,41,40,1,1160.0
7647,2025-10-13,P019,WH-SE,55,47,8,1363.0
7648,2025-10-20,P019,WH-SE,56,56,0,1624.0
7649,2025-10-27,P019,WH-SE,53,53,0,1537.0
7650,2025-11-03,P019,WH-SE,52,52,0,1508.0
7651,2025-11-10,P019,WH-SE,53,53,0,1537.0
7652,2025-11-17,P019,WH-SE,55,55,0,1595.0
7653,2025-11-24,P019,WH-SE,55,55,0,1595.0
7654,2025-12-01,P019,WH-SE,54,54,0,1566.0
7655,2025-12-08,P019,WH-SE,44,44,0,1276.0
7656,2025-12-15,P019,WH-SE,55,54,1,1566.0
7657,2025-12-22,P019,WH-SE,47,47,0,1363.0
7658,2025-12-29,P019,WH-SE,45,45,0,1305.0
7659,2026-01-05,P019,WH-SE,61,61,0,1769.0
7660,2026-01-12,P019,WH-SE,52,51,1,1479.0
7661,2026-01-19,P019,WH-SE,45,44,1,1276.0
7662,2026-01-26,P019,WH-SE,55,54,1,1566.0
7663,2026-02-02,P019,WH-SE,53,53,0,1537.0
7664,2026-02-09,P019,WH-SE,50,50,0,1450.0
7665,2026-02-16,P019,WH-SE,54,53,1,1537.0
7666,2026-02-23,P019,WH-SE,45,45,0,1305.0
7667,2026-03-02,P019,WH-SE,48,47,1,1363.0
7668,2026-03-09,P019,WH-SE,50,49,1,1421.0
7669,2026-03-16,P019,WH-SE,43,43,0,1247.0
7670,2026-03-23,P019,WH-SE,50,49,1,1421.0
7671,2026-03-30,P019,WH-SE,47,46,1,1334.0
7672,2026-04-06,P019,WH-SE,54,53,1,1537.0
7673,2026-04-13,P019,WH-SE,52,51,1,1479.0
7674,2026-04-20,P019,WH-SE,53,52,1,1508.0
7675,2026-04-27,P019,WH-SE,60,59,1,1711.0
7676,2026-05-04,P019,WH-SE,53,52,1,1508.0
7677,2026-05-11,P019,WH-SE,53,52,1,1508.0
7678,2026-05-18,P019,WH-SE,47,46,1,1334.0
7679,2026-05-25,P019,WH-SE,49,48,1,1392.0
7680,2026-06-01,P019,WH-SE,55,54,1,1566.0
7681,2026-06-08,P019,WH-SE,53,52,1,1508.0
7682,2026-06-15,P019,WH-SE,52,51,1,1479.0
7683,2026-06-22,P019,WH-SE,51,50,1,1450.0
7684,2026-06-29,P019,WH-SE,56,56,0,1624.0
7685,2026-07-06,P019,WH-SE,59,59,0,1711.0
7686,2026-07-13,P019,WH-SE,62,57,5,1653.0
7687,2026-07-20,P019,WH-SE,50,47,3,1363.0
7688,2026-07-27,P019,WH-SE,58,57,1,1653.0
7689,2026-08-03,P019,WH-SE,66,65,1,1885.0
7690,2026-08-10,P019,WH-SE,63,59,4,1711.0
7691,2026-08-17,P019,WH-SE,57,56,1,1624.0
7692,2026-08-24,P019,WH-SE,60,59,1,1711.0
7693,2026-08-31,P019,WH-SE,56,56,0,1624.0
7694,2026-09-07,P019,WH-SE,67,67,0,1943.0
7695,2026-09-14,P019,WH-SE,63,61,2,1769.0
7696,2026-09-21,P019,WH-SE,68,67,1,1943.0
7697,2024-09-30,P019,WH-MW,52,52,0,1508.0
7698,2024-10-07,P019,WH-MW,44,44,0,1276.0
7699,2024-10-14,P019,WH-MW,50,49,1,1421.0
7700,2024-10-21,P019,WH-MW,51,50,1,1450.0
7701,2024-10-28,P019,WH-MW,53,52,1,1508.0
7702,2024-11-04,P019,WH-MW,45,44,1,1276.0
7703,2024-11-11,P019,WH-MW,50,43,7,1247.0
7704,2024-11-18,P019,WH-MW,51,51,0,1479.0
7705,2024-11-25,P019,WH-MW,49,48,1,1392.0
7706,2024-12-02,P019,WH-MW,47,45,2,1305.0
7707,2024-12-09,P019,WH-MW,54,54,0,1566.0
7708,2024-12-16,P019,WH-MW,47,47,0,1363.0
7709,2024-12-23,P019,WH-MW,42,42,0,1218.0
7710,2024-12-30,P019,WH-MW,47,46,1,1334.0
7711,2025-01-06,P019,WH-MW,45,44,1,1276.0
7712,2025-01-13,P019,WH-MW,53,52,1,1508.0
7713,2025-01-20,P019,WH-MW,47,47,0,1363.0
7714,2025-01-27,P019,WH-MW,41,40,1,1160.0
7715,2025-02-03,P019,WH-MW,41,41,0,1189.0
7716,2025-02-10,P019,WH-MW,41,41,0,1189.0
7717,2025-02-17,P019,WH-MW,43,42,1,1218.0
7718,2025-02-24,P019,WH-MW,40,40,0,1160.0
7719,2025-03-03,P019,WH-MW,46,46,0,1334.0
7720,2025-03-10,P019,WH-MW,41,40,1,1160.0
7721,2025-03-17,P019,WH-MW,45,45,0,1305.0
7722,2025-03-24,P019,WH-MW,48,47,1,1363.0
7723,2025-03-31,P019,WH-MW,42,41,1,1189.0
7724,2025-04-07,P019,WH-MW,42,42,0,1218.0
7725,2025-04-14,P019,WH-MW,42,41,1,1189.0
7726,2025-04-21,P019,WH-MW,48,48,0,1392.0
7727,2025-04-28,P019,WH-MW,45,44,1,1276.0
7728,2025-05-05,P019,WH-MW,52,51,1,1479.0
7729,2025-05-12,P019,WH-MW,43,42,1,1218.0
7730,2025-05-19,P019,WH-MW,52,51,1,1479.0
7731,2025-05-26,P019,WH-MW,54,53,1,1537.0
7732,2025-06-02,P019,WH-MW,54,53,1,1537.0
7733,2025-06-09,P019,WH-MW,51,50,1,1450.0
7734,2025-06-16,P019,WH-MW,40,39,1,1131.0
7735,2025-06-23,P019,WH-MW,49,48,1,1392.0
7736,2025-06-30,P019,WH-MW,44,43,1,1247.0
7737,2025-07-07,P019,WH-MW,53,52,1,1508.0
7738,2025-07-14,P019,WH-MW,44,44,0,1276.0
7739,2025-07-21,P019,WH-MW,52,52,0,1508.0
7740,2025-07-28,P019,WH-MW,53,52,1,1508.0
7741,2025-08-04,P019,WH-MW,63,63,0,1827.0
7742,2025-08-11,P019,WH-MW,49,48,1,1392.0
7743,2025-08-18,P019,WH-MW,49,43,6,1247.0
7744,2025-08-25,P019,WH-MW,55,54,1,1566.0
7745,2025-09-01,P019,WH-MW,63,62,1,1798.0
7746,2025-09-08,P019,WH-MW,53,52,1,1508.0
7747,2025-09-15,P019,WH-MW,48,47,1,1363.0
7748,2025-09-22,P019,WH-MW,56,55,1,1595.0
7749,2025-09-29,P019,WH-MW,54,54,0,1566.0
7750,2025-10-06,P019,WH-MW,57,54,3,1566.0
7751,2025-10-13,P019,WH-MW,48,47,1,1363.0
7752,2025-10-20,P019,WH-MW,56,56,0,1624.0
7753,2025-10-27,P019,WH-MW,58,58,0,1682.0
7754,2025-11-03,P019,WH-MW,47,46,1,1334.0
7755,2025-11-10,P019,WH-MW,53,52,1,1508.0
7756,2025-11-17,P019,WH-MW,47,47,0,1363.0
7757,2025-11-24,P019,WH-MW,49,43,6,1247.0
7758,2025-12-01,P019,WH-MW,53,52,1,1508.0
7759,2025-12-08,P019,WH-MW,47,46,1,1334.0
7760,2025-12-15,P019,WH-MW,51,50,1,1450.0
7761,2025-12-22,P019,WH-MW,55,55,0,1595.0
7762,2025-12-29,P019,WH-MW,51,50,1,1450.0
7763,2026-01-05,P019,WH-MW,40,39,1,1131.0
7764,2026-01-12,P019,WH-MW,53,52,1,1508.0
7765,2026-01-19,P019,WH-MW,48,47,1,1363.0
7766,2026-01-26,P019,WH-MW,48,47,1,1363.0
7767,2026-02-02,P019,WH-MW,43,42,1,1218.0
7768,2026-02-09,P019,WH-MW,52,51,1,1479.0
7769,2026-02-16,P019,WH-MW,45,44,1,1276.0
7770,2026-02-23,P019,WH-MW,46,46,0,1334.0
7771,2026-03-02,P019,WH-MW,50,50,0,1450.0
7772,2026-03-09,P019,WH-MW,50,49,1,1421.0
7773,2026-03-16,P019,WH-MW,46,45,1,1305.0
7774,2026-03-23,P019,WH-MW,43,43,0,1247.0
7775,2026-03-30,P019,WH-MW,53,53,0,1537.0
7776,2026-04-06,P019,WH-MW,51,50,1,1450.0
7777,2026-04-13,P019,WH-MW,47,47,0,1363.0
7778,2026-04-20,P019,WH-MW,49,48,1,1392.0
7779,2026-04-27,P019,WH-MW,53,53,0,1537.0
7780,2026-05-04,P019,WH-MW,49,48,1,1392.0
7781,2026-05-11,P019,WH-MW,50,50,0,1450.0
7782,2026-05-18,P019,WH-MW,56,55,1,1595.0
7783,2026-05-25,P019,WH-MW,50,50,0,1450.0
7784,2026-06-01,P019,WH-MW,55,54,1,1566.0
7785,2026-06-08,P019,WH-MW,59,58,1,1682.0
7786,2026-06-15,P019,WH-MW,44,44,0,1276.0
7787,2026-06-22,P019,WH-MW,49,48,1,1392.0
7788,2026-06-29,P019,WH-MW,58,57,1,1653.0
7789,2026-07-06,P019,WH-MW,55,55,0,1595.0
7790,2026-07-13,P019,WH-MW,51,50,1,1450.0
7791,2026-07-20,P019,WH-MW,60,60,0,1740.0
7792,2026-07-27,P019,WH-MW,59,53,6,1537.0
7793,2026-08-03,P019,WH-MW,59,58,1,1682.0
7794,2026-08-10,P019,WH-MW,55,54,1,1566.0
7795,2026-08-17,P019,WH-MW,51,50,1,1450.0
7796,2026-08-24,P019,WH-MW,60,59,1,1711.0
7797,2026-08-31,P019,WH-MW,55,55,0,1595.0
7798,2026-09-07,P019,WH-MW,58,58,0,1682.0
7799,2026-09-14,P019,WH-MW,57,56,1,1624.0
7800,2026-09-21,P019,WH-MW,62,61,1,1769.0
7801,2024-09-30,P019,WH-W,43,43,0,1247.0
7802,2024-10-07,P019,WH-W,55,55,0,1595.0
7803,2024-10-14,P019,WH-W,49,48,1,1392.0
7804,2024-10-21,P019,WH-W,47,46,1,1334.0
7805,2024-10-28,P019,WH-W,55,54,1,1566.0
7806,2024-11-04,P019,WH-W,45,45,0,1305.0
7807,2024-11-11,P019,WH-W,48,48,0,1392.0
7808,2024-11-18,P019,WH-W,44,43,1,1247.0
7809,2024-11-25,P019,WH-W,44,43,1,1247.0
7810,2024-12-02,P019,WH-W,48,48,0,1392.0
7811,2024-12-09,P019,WH-W,47,47,0,1363.0
7812,2024-12-16,P019,WH-W,46,45,1,1305.0
7813,2024-12-23,P019,WH-W,43,42,1,1218.0
7814,2024-12-30,P019,WH-W,42,41,1,1189.0
7815,2025-01-06,P019,WH-W,44,44,0,1276.0
7816,2025-01-13,P019,WH-W,39,38,1,1102.0
7817,2025-01-20,P019,WH-W,47,46,1,1334.0
7818,2025-01-27,P019,WH-W,43,43,0,1247.0
7819,2025-02-03,P019,WH-W,39,38,1,1102.0
7820,2025-02-10,P019,WH-W,45,44,1,1276.0
7821,2025-02-17,P019,WH-W,43,43,0,1247.0
7822,2025-02-24,P019,WH-W,33,32,1,928.0
7823,2025-03-03,P019,WH-W,39,39,0,1131.0
7824,2025-03-10,P019,WH-W,43,42,1,1218.0
7825,2025-03-17,P019,WH-W,48,47,1,1363.0
7826,2025-03-24,P019,WH-W,40,40,0,1160.0
7827,2025-03-31,P019,WH-W,37,36,1,1044.0
7828,2025-04-07,P019,WH-W,39,38,1,1102.0
7829,2025-04-14,P019,WH-W,41,40,1,1160.0
7830,2025-04-21,P019,WH-W,41,40,1,1160.0
7831,2025-04-28,P019,WH-W,45,45,0,1305.0
7832,2025-05-05,P019,WH-W,39,39,0,1131.0
7833,2025-05-12,P019,WH-W,44,44,0,1276.0
7834,2025-05-19,P019,WH-W,43,42,1,1218.0
7835,2025-05-26,P019,WH-W,47,46,1,1334.0
7836,2025-06-02,P019,WH-W,53,52,1,1508.0
7837,2025-06-09,P019,WH-W,40,36,4,1044.0
7838,2025-06-16,P019,WH-W,44,43,1,1247.0
7839,2025-06-23,P019,WH-W,49,48,1,1392.0
7840,2025-06-30,P019,WH-W,40,40,0,1160.0
7841,2025-07-07,P019,WH-W,48,47,1,1363.0
7842,2025-07-14,P019,WH-W,45,44,1,1276.0
7843,2025-07-21,P019,WH-W,51,50,1,1450.0
7844,2025-07-28,P019,WH-W,54,53,1,1537.0
7845,2025-08-04,P019,WH-W,47,47,0,1363.0
7846,2025-08-11,P019,WH-W,53,52,1,1508.0
7847,2025-08-18,P019,WH-W,48,47,1,1363.0
7848,2025-08-25,P019,WH-W,53,52,1,1508.0
7849,2025-09-01,P019,WH-W,52,51,1,1479.0
7850,2025-09-08,P019,WH-W,51,50,1,1450.0
7851,2025-09-15,P019,WH-W,52,51,1,1479.0
7852,2025-09-22,P019,WH-W,52,46,6,1334.0
7853,2025-09-29,P019,WH-W,54,48,6,1392.0
7854,2025-10-06,P019,WH-W,53,52,1,1508.0
7855,2025-10-13,P019,WH-W,53,52,1,1508.0
7856,2025-10-20,P019,WH-W,47,46,1,1334.0
7857,2025-10-27,P019,WH-W,52,52,0,1508.0
7858,2025-11-03,P019,WH-W,53,53,0,1537.0
7859,2025-11-10,P019,WH-W,47,47,0,1363.0
7860,2025-11-17,P019,WH-W,48,48,0,1392.0
7861,2025-11-24,P019,WH-W,45,45,0,1305.0
7862,2025-12-01,P019,WH-W,53,52,1,1508.0
7863,2025-12-08,P019,WH-W,50,49,1,1421.0
7864,2025-12-15,P019,WH-W,45,44,1,1276.0
7865,2025-12-22,P019,WH-W,40,40,0,1160.0
7866,2025-12-29,P019,WH-W,45,44,1,1276.0
7867,2026-01-05,P019,WH-W,38,38,0,1102.0
7868,2026-01-12,P019,WH-W,45,45,0,1305.0
7869,2026-01-19,P019,WH-W,42,41,1,1189.0
7870,2026-01-26,P019,WH-W,42,42,0,1218.0
7871,2026-02-02,P019,WH-W,42,42,0,1218.0
7872,2026-02-09,P019,WH-W,47,47,0,1363.0
7873,2026-02-16,P019,WH-W,46,46,0,1334.0
7874,2026-02-23,P019,WH-W,49,49,0,1421.0
7875,2026-03-02,P019,WH-W,44,43,1,1247.0
7876,2026-03-09,P019,WH-W,51,51,0,1479.0
7877,2026-03-16,P019,WH-W,43,42,1,1218.0
7878,2026-03-23,P019,WH-W,37,37,0,1073.0
7879,2026-03-30,P019,WH-W,36,36,0,1044.0
7880,2026-04-06,P019,WH-W,43,43,0,1247.0
7881,2026-04-13,P019,WH-W,46,46,0,1334.0
7882,2026-04-20,P019,WH-W,48,47,1,1363.0
7883,2026-04-27,P019,WH-W,53,52,1,1508.0
7884,2026-05-04,P019,WH-W,49,48,1,1392.0
7885,2026-05-11,P019,WH-W,51,50,1,1450.0
7886,2026-05-18,P019,WH-W,51,43,8,1247.0
7887,2026-05-25,P019,WH-W,48,47,1,1363.0
7888,2026-06-01,P019,WH-W,49,48,1,1392.0
7889,2026-06-08,P019,WH-W,44,43,1,1247.0
7890,2026-06-15,P019,WH-W,40,40,0,1160.0
7891,2026-06-22,P019,WH-W,44,43,1,1247.0
7892,2026-06-29,P019,WH-W,46,45,1,1305.0
7893,2026-07-06,P019,WH-W,47,47,0,1363.0
7894,2026-07-13,P019,WH-W,55,54,1,1566.0
7895,2026-07-20,P019,WH-W,52,51,1,1479.0
7896,2026-07-27,P019,WH-W,48,48,0,1392.0
7897,2026-08-03,P019,WH-W,59,59,0,1711.0
7898,2026-08-10,P019,WH-W,48,47,1,1363.0
7899,2026-08-17,P019,WH-W,68,67,1,1943.0
7900,2026-08-24,P019,WH-W,52,51,1,1479.0
7901,2026-08-31,P019,WH-W,57,56,1,1624.0
7902,2026-09-07,P019,WH-W,56,55,1,1595.0
7903,2026-09-14,P019,WH-W,54,53,1,1537.0
7904,2026-09-21,P019,WH-W,57,56,1,1624.0
7905,2024-09-30,P020,WH-NE,162,162,0,1579.5
7906,2024-10-07,P020,WH-NE,150,147,3,1433.25
7907,2024-10-14,P020,WH-NE,174,173,1,1686.75
7908,2024-10-21,P020,WH-NE,197,193,4,1881.75
7909,2024-10-28,P020,WH-NE,157,155,2,1511.25
7910,2024-11-04,P020,WH-NE,150,148,2,1443.0
7911,2024-11-11,P020,WH-NE,183,180,3,1755.0
7912,2024-11-18,P020,WH-NE,186,183,3,1784.25
7913,2024-11-25,P020,WH-NE,170,168,2,1638.0
7914,2024-12-02,P020,WH-NE,164,153,11,1491.75
7915,2024-12-09,P020,WH-NE,182,179,3,1745.25
7916,2024-12-16,P020,WH-NE,185,181,4,1764.75
7917,2024-12-23,P020,WH-NE,189,181,8,1764.75
7918,2024-12-30,P020,WH-NE,155,152,3,1482.0
7919,2025-01-06,P020,WH-NE,165,163,2,1589.25
7920,2025-01-13,P020,WH-NE,145,142,3,1384.5
7921,2025-01-20,P020,WH-NE,189,168,21,1638.0
7922,2025-01-27,P020,WH-NE,173,160,13,1560.0
7923,2025-02-03,P020,WH-NE,157,156,1,1521.0
7924,2025-02-10,P020,WH-NE,140,137,3,1335.75
7925,2025-02-17,P020,WH-NE,154,152,2,1482.0
7926,2025-02-24,P020,WH-NE,160,159,1,1550.25
7927,2025-03-03,P020,WH-NE,141,140,1,1365.0
7928,2025-03-10,P020,WH-NE,135,133,2,1296.75
7929,2025-03-17,P020,WH-NE,119,118,1,1150.5
7930,2025-03-24,P020,WH-NE,139,138,1,1345.5
7931,2025-03-31,P020,WH-NE,136,133,3,1296.75
7932,2025-04-07,P020,WH-NE,145,145,0,1413.75
7933,2025-04-14,P020,WH-NE,167,164,3,1599.0
7934,2025-04-21,P020,WH-NE,137,135,2,1316.25
7935,2025-04-28,P020,WH-NE,145,143,2,1394.25
7936,2025-05-05,P020,WH-NE,139,137,2,1335.75
7937,2025-05-12,P020,WH-NE,147,144,3,1404.0
7938,2025-05-19,P020,WH-NE,180,176,4,1716.0
7939,2025-05-26,P020,WH-NE,180,169,11,1647.75
7940,2025-06-02,P020,WH-NE,191,190,1,1852.5
7941,2025-06-09,P020,WH-NE,166,163,3,1589.25
7942,2025-06-16,P020,WH-NE,135,132,3,1287.0
7943,2025-06-23,P020,WH-NE,159,158,1,1540.5
7944,2025-06-30,P020,WH-NE,149,146,3,1423.5
7945,2025-07-07,P020,WH-NE,180,179,1,1745.25
7946,2025-07-14,P020,WH-NE,153,149,4,1452.75
7947,2025-07-21,P020,WH-NE,138,135,3,1316.25
7948,2025-07-28,P020,WH-NE,152,152,0,1482.0
7949,2025-08-04,P020,WH-NE,161,160,1,1560.0
7950,2025-08-11,P020,WH-NE,195,194,1,1891.5
7951,2025-08-18,P020,WH-NE,160,157,3,1530.75
7952,2025-08-25,P020,WH-NE,156,152,4,1482.0
7953,2025-09-01,P020,WH-NE,139,137,2,1335.75
7954,2025-09-08,P020,WH-NE,173,170,3,1657.5
7955,2025-09-15,P020,WH-NE,145,142,3,1384.5
7956,2025-09-22,P020,WH-NE,189,165,24,1608.75
7957,2025-09-29,P020,WH-NE,172,172,0,1677.0
7958,2025-10-06,P020,WH-NE,195,193,2,1881.75
7959,2025-10-13,P020,WH-NE,184,182,2,1774.5
7960,2025-10-20,P020,WH-NE,214,209,5,2037.75
7961,2025-10-27,P020,WH-NE,175,175,0,1706.25
7962,2025-11-03,P020,WH-NE,180,178,2,1735.5
7963,2025-11-10,P020,WH-NE,186,182,4,1774.5
7964,2025-11-17,P020,WH-NE,146,145,1,1413.75
7965,2025-11-24,P020,WH-NE,169,168,1,1638.0
7966,2025-12-01,P020,WH-NE,201,200,1,1950.0
7967,2025-12-08,P020,WH-NE,185,184,1,1794.0
7968,2025-12-15,P020,WH-NE,142,121,21,1179.75
7969,2025-12-22,P020,WH-NE,194,191,3,1862.25
7970,2025-12-29,P020,WH-NE,158,151,7,1472.25
7971,2026-01-05,P020,WH-NE,196,192,4,1872.0
7972,2026-01-12,P020,WH-NE,166,165,1,1608.75
7973,2026-01-19,P020,WH-NE,168,166,2,1618.5
7974,2026-01-26,P020,WH-NE,178,176,2,1716.0
7975,2026-02-02,P020,WH-NE,171,167,4,1628.25
7976,2026-02-09,P020,WH-NE,159,158,1,1540.5
7977,2026-02-16,P020,WH-NE,159,156,3,1521.0
7978,2026-02-23,P020,WH-NE,155,154,1,1501.5
7979,2026-03-02,P020,WH-NE,165,163,2,1589.25
7980,2026-03-09,P020,WH-NE,157,155,2,1511.25
7981,2026-03-16,P020,WH-NE,138,137,1,1335.75
7982,2026-03-23,P020,WH-NE,158,154,4,1501.5
7983,2026-03-30,P020,WH-NE,159,157,2,1530.75
7984,2026-04-06,P020,WH-NE,152,151,1,1472.25
7985,2026-04-13,P020,WH-NE,136,134,2,1306.5
7986,2026-04-20,P020,WH-NE,203,200,3,1950.0
7987,2026-04-27,P020,WH-NE,185,182,3,1774.5
7988,2026-05-04,P020,WH-NE,127,124,3,1209.0
7989,2026-05-11,P020,WH-NE,176,174,2,1696.5
7990,2026-05-18,P020,WH-NE,150,148,2,1443.0
7991,2026-05-25,P020,WH-NE,161,159,2,1550.25
7992,2026-06-01,P020,WH-NE,138,135,3,1316.25
7993,2026-06-08,P020,WH-NE,155,153,2,1491.75
7994,2026-06-15,P020,WH-NE,174,173,1,1686.75
7995,2026-06-22,P020,WH-NE,129,126,3,1228.5
7996,2026-06-29,P020,WH-NE,166,163,3,1589.25
7997,2026-07-06,P020,WH-NE,177,174,3,1696.5
7998,2026-07-13,P020,WH-NE,161,158,3,1540.5
7999,2026-07-20,P020,WH-NE,155,152,3,1482.0
8000,2026-07-27,P020,WH-NE,156,154,2,1501.5
8001,2026-08-03,P020,WH-NE,172,169,3,1647.75
8002,2026-08-10,P020,WH-NE,161,157,4,1530.75
8003,2026-08-17,P020,WH-NE,205,173,32,1686.75
8004,2026-08-24,P020,WH-NE,185,185,0,1803.75
8005,2026-08-31,P020,WH-NE,178,177,1,1725.75
8006,2026-09-07,P020,WH-NE,224,222,2,2164.5
8007,2026-09-14,P020,WH-NE,176,172,4,1677.0
8008,2026-09-21,P020,WH-NE,169,166,3,1618.5
8009,2024-09-30,P020,WH-SE,129,127,2,1238.25
8010,2024-10-07,P020,WH-SE,133,133,0,1296.75
8011,2024-10-14,P020,WH-SE,159,155,4,1511.25
8012,2024-10-21,P020,WH-SE,164,161,3,1569.75
8013,2024-10-28,P020,WH-SE,149,146,3,1423.5
8014,2024-11-04,P020,WH-SE,150,148,2,1443.0
8015,2024-11-11,P020,WH-SE,156,148,8,1443.0
8016,2024-11-18,P020,WH-SE,135,133,2,1296.75
8017,2024-11-25,P020,WH-SE,175,171,4,1667.25
8018,2024-12-02,P020,WH-SE,156,154,2,1501.5
8019,2024-12-09,P020,WH-SE,170,170,0,1657.5
8020,2024-12-16,P020,WH-SE,146,144,2,1404.0
8021,2024-12-23,P020,WH-SE,145,144,1,1404.0
8022,2024-12-30,P020,WH-SE,145,141,4,1374.75
8023,2025-01-06,P020,WH-SE,124,121,3,1179.75
8024,2025-01-13,P020,WH-SE,127,126,1,1228.5
8025,2025-01-20,P020,WH-SE,133,131,2,1277.25
8026,2025-01-27,P020,WH-SE,136,133,3,1296.75
8027,2025-02-03,P020,WH-SE,134,131,3,1277.25
8028,2025-02-10,P020,WH-SE,138,135,3,1316.25
8029,2025-02-17,P020,WH-SE,127,126,1,1228.5
8030,2025-02-24,P020,WH-SE,148,147,1,1433.25
8031,2025-03-03,P020,WH-SE,124,122,2,1189.5
8032,2025-03-10,P020,WH-SE,166,159,7,1550.25
8033,2025-03-17,P020,WH-SE,145,142,3,1384.5
8034,2025-03-24,P020,WH-SE,127,126,1,1228.5
8035,2025-03-31,P020,WH-SE,115,97,18,945.75
8036,2025-04-07,P020,WH-SE,105,103,2,1004.25
8037,2025-04-14,P020,WH-SE,116,116,0,1131.0
8038,2025-04-21,P020,WH-SE,123,121,2,1179.75
8039,2025-04-28,P020,WH-SE,123,122,1,1189.5
8040,2025-05-05,P020,WH-SE,121,119,2,1160.25
8041,2025-05-12,P020,WH-SE,147,147,0,1433.25
8042,2025-05-19,P020,WH-SE,129,128,1,1248.0
8043,2025-05-26,P020,WH-SE,146,143,3,1394.25
8044,2025-06-02,P020,WH-SE,127,126,1,1228.5
8045,2025-06-09,P020,WH-SE,134,132,2,1287.0
8046,2025-06-16,P020,WH-SE,123,123,0,1199.25
8047,2025-06-23,P020,WH-SE,117,116,1,1131.0
8048,2025-06-30,P020,WH-SE,120,118,2,1150.5
8049,2025-07-07,P020,WH-SE,136,135,1,1316.25
8050,2025-07-14,P020,WH-SE,153,153,0,1491.75
8051,2025-07-21,P020,WH-SE,137,137,0,1335.75
8052,2025-07-28,P020,WH-SE,117,115,2,1121.25
8053,2025-08-04,P020,WH-SE,145,144,1,1404.0
8054,2025-08-11,P020,WH-SE,141,140,1,1365.0
8055,2025-08-18,P020,WH-SE,142,126,16,1228.5
8056,2025-08-25,P020,WH-SE,134,132,2,1287.0
8057,2025-09-01,P020,WH-SE,133,131,2,1277.25
8058,2025-09-08,P020,WH-SE,158,157,1,1530.75
8059,2025-09-15,P020,WH-SE,166,165,1,1608.75
8060,2025-09-22,P020,WH-SE,141,140,1,1365.0
8061,2025-09-29,P020,WH-SE,158,158,0,1540.5
8062,2025-10-06,P020,WH-SE,173,170,3,1657.5
8063,2025-10-13,P020,WH-SE,144,143,1,1394.25
8064,2025-10-20,P020,WH-SE,143,140,3,1365.0
8065,2025-10-27,P020,WH-SE,144,142,2,1384.5
8066,2025-11-03,P020,WH-SE,156,155,1,1511.25
8067,2025-11-10,P020,WH-SE,128,126,2,1228.5
8068,2025-11-17,P020,WH-SE,193,191,2,1862.25
8069,2025-11-24,P020,WH-SE,138,136,2,1326.0
8070,2025-12-01,P020,WH-SE,153,150,3,1462.5
8071,2025-12-08,P020,WH-SE,143,142,1,1384.5
8072,2025-12-15,P020,WH-SE,141,140,1,1365.0
8073,2025-12-22,P020,WH-SE,162,162,0,1579.5
8074,2025-12-29,P020,WH-SE,143,142,1,1384.5
8075,2026-01-05,P020,WH-SE,137,136,1,1326.0
8076,2026-01-12,P020,WH-SE,153,151,2,1472.25
8077,2026-01-19,P020,WH-SE,147,145,2,1413.75
8078,2026-01-26,P020,WH-SE,148,146,2,1423.5
8079,2026-02-02,P020,WH-SE,117,116,1,1131.0
8080,2026-02-09,P020,WH-SE,152,150,2,1462.5
8081,2026-02-16,P020,WH-SE,129,127,2,1238.25
8082,2026-02-23,P020,WH-SE,121,119,2,1160.25
8083,2026-03-02,P020,WH-SE,152,149,3,1452.75
8084,2026-03-09,P020,WH-SE,141,141,0,1374.75
8085,2026-03-16,P020,WH-SE,139,139,0,1355.25
8086,2026-03-23,P020,WH-SE,138,137,1,1335.75
8087,2026-03-30,P020,WH-SE,140,140,0,1365.0
8088,2026-04-06,P020,WH-SE,132,129,3,1257.75
8089,2026-04-13,P020,WH-SE,112,111,1,1082.25
8090,2026-04-20,P020,WH-SE,143,142,1,1384.5
8091,2026-04-27,P020,WH-SE,152,151,1,1472.25
8092,2026-05-04,P020,WH-SE,132,130,2,1267.5
8093,2026-05-11,P020,WH-SE,140,138,2,1345.5
8094,2026-05-18,P020,WH-SE,124,123,1,1199.25
8095,2026-05-25,P020,WH-SE,129,128,1,1248.0
8096,2026-06-01,P020,WH-SE,115,115,0,1121.25
8097,2026-06-08,P020,WH-SE,129,108,21,1053.0
8098,2026-06-15,P020,WH-SE,123,120,3,1170.0
8099,2026-06-22,P020,WH-SE,149,148,1,1443.0
8100,2026-06-29,P020,WH-SE,127,126,1,1228.5
8101,2026-07-06,P020,WH-SE,156,153,3,1491.75
8102,2026-07-13,P020,WH-SE,118,116,2,1131.0
8103,2026-07-20,P020,WH-SE,155,154,1,1501.5
8104,2026-07-27,P020,WH-SE,145,142,3,1384.5
8105,2026-08-03,P020,WH-SE,143,140,3,1365.0
8106,2026-08-10,P020,WH-SE,154,152,2,1482.0
8107,2026-08-17,P020,WH-SE,126,123,3,1199.25
8108,2026-08-24,P020,WH-SE,169,166,3,1618.5
8109,2026-08-31,P020,WH-SE,121,118,3,1150.5
8110,2026-09-07,P020,WH-SE,156,154,2,1501.5
8111,2026-09-14,P020,WH-SE,142,131,11,1277.25
8112,2026-09-21,P020,WH-SE,147,146,1,1423.5
8113,2024-09-30,P020,WH-MW,148,146,2,1423.5
8114,2024-10-07,P020,WH-MW,130,128,2,1248.0
8115,2024-10-14,P020,WH-MW,139,138,1,1345.5
8116,2024-10-21,P020,WH-MW,159,156,3,1521.0
8117,2024-10-28,P020,WH-MW,121,121,0,1179.75
8118,2024-11-04,P020,WH-MW,155,152,3,1482.0
8119,2024-11-11,P020,WH-MW,135,134,1,1306.5
8120,2024-11-18,P020,WH-MW,144,142,2,1384.5
8121,2024-11-25,P020,WH-MW,153,152,1,1482.0
8122,2024-12-02,P020,WH-MW,157,145,12,1413.75
8123,2024-12-09,P020,WH-MW,154,152,2,1482.0
8124,2024-12-16,P020,WH-MW,143,142,1,1384.5
8125,2024-12-23,P020,WH-MW,126,126,0,1228.5
8126,2024-12-30,P020,WH-MW,143,140,3,1365.0
8127,2025-01-06,P020,WH-MW,131,131,0,1277.25
8128,2025-01-13,P020,WH-MW,164,162,2,1579.5
8129,2025-01-20,P020,WH-MW,151,149,2,1452.75
8130,2025-01-27,P020,WH-MW,139,139,0,1355.25
8131,2025-02-03,P020,WH-MW,116,114,2,1111.5
8132,2025-02-10,P020,WH-MW,102,101,1,984.75
8133,2025-02-17,P020,WH-MW,134,134,0,1306.5
8134,2025-02-24,P020,WH-MW,133,131,2,1277.25
8135,2025-03-03,P020,WH-MW,145,144,1,1404.0
8136,2025-03-10,P020,WH-MW,131,113,18,1101.75
8137,2025-03-17,P020,WH-MW,146,143,3,1394.25
8138,2025-03-24,P020,WH-MW,119,117,2,1140.75
8139,2025-03-31,P020,WH-MW,108,107,1,1043.25
8140,2025-04-07,P020,WH-MW,129,128,1,1248.0
8141,2025-04-14,P020,WH-MW,117,115,2,1121.25
8142,2025-04-21,P020,WH-MW,137,135,2,1316.25
8143,2025-04-28,P020,WH-MW,139,139,0,1355.25
8144,2025-05-05,P020,WH-MW,114,114,0,1111.5
8145,2025-05-12,P020,WH-MW,130,129,1,1257.75
8146,2025-05-19,P020,WH-MW,130,129,1,1257.75
8147,2025-05-26,P020,WH-MW,138,136,2,1326.0
8148,2025-06-02,P020,WH-MW,147,146,1,1423.5
8149,2025-06-09,P020,WH-MW,120,119,1,1160.25
8150,2025-06-16,P020,WH-MW,121,119,2,1160.25
8151,2025-06-23,P020,WH-MW,131,128,3,1248.0
8152,2025-06-30,P020,WH-MW,116,113,3,1101.75
8153,2025-07-07,P020,WH-MW,108,106,2,1033.5
8154,2025-07-14,P020,WH-MW,134,131,3,1277.25
8155,2025-07-21,P020,WH-MW,146,137,9,1335.75
8156,2025-07-28,P020,WH-MW,149,147,2,1433.25
8157,2025-08-04,P020,WH-MW,112,109,3,1062.75
8158,2025-08-11,P020,WH-MW,124,121,3,1179.75
8159,2025-08-18,P020,WH-MW,135,132,3,1287.0
8160,2025-08-25,P020,WH-MW,136,135,1,1316.25
8161,2025-09-01,P020,WH-MW,141,138,3,1345.5
8162,2025-09-08,P020,WH-MW,165,163,2,1589.25
8163,2025-09-15,P020,WH-MW,149,146,3,1423.5
8164,2025-09-22,P020,WH-MW,143,142,1,1384.5
8165,2025-09-29,P020,WH-MW,161,160,1,1560.0
8166,2025-10-06,P020,WH-MW,174,171,3,1667.25
8167,2025-10-13,P020,WH-MW,194,190,4,1852.5
8168,2025-10-20,P020,WH-MW,150,149,1,1452.75
8169,2025-10-27,P020,WH-MW,186,177,9,1725.75
8170,2025-11-03,P020,WH-MW,145,142,3,1384.5
8171,2025-11-10,P020,WH-MW,139,136,3,1326.0
8172,2025-11-17,P020,WH-MW,145,144,1,1404.0
8173,2025-11-24,P020,WH-MW,154,152,2,1482.0
8174,2025-12-01,P020,WH-MW,145,144,1,1404.0
8175,2025-12-08,P020,WH-MW,152,149,3,1452.75
8176,2025-12-15,P020,WH-MW,144,141,3,1374.75
8177,2025-12-22,P020,WH-MW,158,158,0,1540.5
8178,2025-12-29,P020,WH-MW,141,140,1,1365.0
8179,2026-01-05,P020,WH-MW,139,138,1,1345.5
8180,2026-01-12,P020,WH-MW,151,149,2,1452.75
8181,2026-01-19,P020,WH-MW,129,127,2,1238.25
8182,2026-01-26,P020,WH-MW,151,150,1,1462.5
8183,2026-02-02,P020,WH-MW,167,163,4,1589.25
8184,2026-02-09,P020,WH-MW,139,138,1,1345.5
8185,2026-02-16,P020,WH-MW,106,104,2,1014.0
8186,2026-02-23,P020,WH-MW,136,135,1,1316.25
8187,2026-03-02,P020,WH-MW,140,137,3,1335.75
8188,2026-03-09,P020,WH-MW,142,141,1,1374.75
8189,2026-03-16,P020,WH-MW,150,149,1,1452.75
8190,2026-03-23,P020,WH-MW,155,152,3,1482.0
8191,2026-03-30,P020,WH-MW,137,136,1,1326.0
8192,2026-04-06,P020,WH-MW,123,123,0,1199.25
8193,2026-04-13,P020,WH-MW,133,131,2,1277.25
8194,2026-04-20,P020,WH-MW,154,152,2,1482.0
8195,2026-04-27,P020,WH-MW,136,135,1,1316.25
8196,2026-05-04,P020,WH-MW,132,131,1,1277.25
8197,2026-05-11,P020,WH-MW,137,134,3,1306.5
8198,2026-05-18,P020,WH-MW,147,146,1,1423.5
8199,2026-05-25,P020,WH-MW,135,134,1,1306.5
8200,2026-06-01,P020,WH-MW,137,135,2,1316.25
8201,2026-06-08,P020,WH-MW,115,112,3,1092.0
8202,2026-06-15,P020,WH-MW,143,140,3,1365.0
8203,2026-06-22,P020,WH-MW,150,148,2,1443.0
8204,2026-06-29,P020,WH-MW,135,122,13,1189.5
8205,2026-07-06,P020,WH-MW,149,148,1,1443.0
8206,2026-07-13,P020,WH-MW,129,128,1,1248.0
8207,2026-07-20,P020,WH-MW,156,152,4,1482.0
8208,2026-07-27,P020,WH-MW,144,131,13,1277.25
8209,2026-08-03,P020,WH-MW,136,135,1,1316.25
8210,2026-08-10,P020,WH-MW,150,146,4,1423.5
8211,2026-08-17,P020,WH-MW,166,164,2,1599.0
8212,2026-08-24,P020,WH-MW,157,157,0,1530.75
8213,2026-08-31,P020,WH-MW,163,162,1,1579.5
8214,2026-09-07,P020,WH-MW,126,125,1,1218.75
8215,2026-09-14,P020,WH-MW,162,158,4,1540.5
8216,2026-09-21,P020,WH-MW,143,140,3,1365.0
8217,2024-09-30,P020,WH-W,111,109,2,1062.75
8218,2024-10-07,P020,WH-W,116,115,1,1121.25
8219,2024-10-14,P020,WH-W,133,130,3,1267.5
8220,2024-10-21,P020,WH-W,135,132,3,1287.0
8221,2024-10-28,P020,WH-W,122,121,1,1179.75
8222,2024-11-04,P020,WH-W,129,128,1,1248.0
8223,2024-11-11,P020,WH-W,142,141,1,1374.75
8224,2024-11-18,P020,WH-W,136,134,2,1306.5
8225,2024-11-25,P020,WH-W,129,127,2,1238.25
8226,2024-12-02,P020,WH-W,121,118,3,1150.5
8227,2024-12-09,P020,WH-W,130,128,2,1248.0
8228,2024-12-16,P020,WH-W,128,126,2,1228.5
8229,2024-12-23,P020,WH-W,148,147,1,1433.25
8230,2024-12-30,P020,WH-W,138,135,3,1316.25
8231,2025-01-06,P020,WH-W,113,111,2,1082.25
8232,2025-01-13,P020,WH-W,124,121,3,1179.75
8233,2025-01-20,P020,WH-W,127,124,3,1209.0
8234,2025-01-27,P020,WH-W,126,126,0,1228.5
8235,2025-02-03,P020,WH-W,115,114,1,1111.5
8236,2025-02-10,P020,WH-W,121,121,0,1179.75
8237,2025-02-17,P020,WH-W,109,107,2,1043.25
8238,2025-02-24,P020,WH-W,125,122,3,1189.5
8239,2025-03-03,P020,WH-W,109,108,1,1053.0
8240,2025-03-10,P020,WH-W,137,136,1,1326.0
8241,2025-03-17,P020,WH-W,108,107,1,1043.25
8242,2025-03-24,P020,WH-W,127,126,1,1228.5
8243,2025-03-31,P020,WH-W,143,140,3,1365.0
8244,2025-04-07,P020,WH-W,115,112,3,1092.0
8245,2025-04-14,P020,WH-W,117,114,3,1111.5
8246,2025-04-21,P020,WH-W,103,103,0,1004.25
8247,2025-04-28,P020,WH-W,119,101,18,984.75
8248,2025-05-05,P020,WH-W,108,106,2,1033.5
8249,2025-05-12,P020,WH-W,127,124,3,1209.0
8250,2025-05-19,P020,WH-W,120,119,1,1160.25
8251,2025-05-26,P020,WH-W,132,130,2,1267.5
8252,2025-06-02,P020,WH-W,128,122,6,1189.5
8253,2025-06-09,P020,WH-W,118,115,3,1121.25
8254,2025-06-16,P020,WH-W,112,112,0,1092.0
8255,2025-06-23,P020,WH-W,123,122,1,1189.5
8256,2025-06-30,P020,WH-W,121,119,2,1160.25
8257,2025-07-07,P020,WH-W,107,105,2,1023.75
8258,2025-07-14,P020,WH-W,130,128,2,1248.0
8259,2025-07-21,P020,WH-W,136,134,2,1306.5
8260,2025-07-28,P020,WH-W,95,94,1,916.5
8261,2025-08-04,P020,WH-W,135,123,12,1199.25
8262,2025-08-11,P020,WH-W,124,123,1,1199.25
8263,2025-08-18,P020,WH-W,131,128,3,1248.0
8264,2025-08-25,P020,WH-W,128,125,3,1218.75
8265,2025-09-01,P020,WH-W,126,125,1,1218.75
8266,2025-09-08,P020,WH-W,132,130,2,1267.5
8267,2025-09-15,P020,WH-W,130,128,2,1248.0
8268,2025-09-22,P020,WH-W,152,149,3,1452.75
8269,2025-09-29,P020,WH-W,141,140,1,1365.0
8270,2025-10-06,P020,WH-W,146,144,2,1404.0
8271,2025-10-13,P020,WH-W,142,140,2,1365.0
8272,2025-10-20,P020,WH-W,123,121,2,1179.75
8273,2025-10-27,P020,WH-W,163,160,3,1560.0
8274,2025-11-03,P020,WH-W,129,128,1,1248.0
8275,2025-11-10,P020,WH-W,138,137,1,1335.75
8276,2025-11-17,P020,WH-W,139,137,2,1335.75
8277,2025-11-24,P020,WH-W,145,142,3,1384.5
8278,2025-12-01,P020,WH-W,147,145,2,1413.75
8279,2025-12-08,P020,WH-W,166,165,1,1608.75
8280,2025-12-15,P020,WH-W,126,125,1,1218.75
8281,2025-12-22,P020,WH-W,140,139,1,1355.25
8282,2025-12-29,P020,WH-W,142,140,2,1365.0
8283,2026-01-05,P020,WH-W,125,125,0,1218.75
8284,2026-01-12,P020,WH-W,137,134,3,1306.5
8285,2026-01-19,P020,WH-W,114,113,1,1101.75
8286,2026-01-26,P020,WH-W,135,132,3,1287.0
8287,2026-02-02,P020,WH-W,127,127,0,1238.25
8288,2026-02-09,P020,WH-W,131,128,3,1248.0
8289,2026-02-16,P020,WH-W,132,131,1,1277.25
8290,2026-02-23,P020,WH-W,147,144,3,1404.0
8291,2026-03-02,P020,WH-W,107,106,1,1033.5
8292,2026-03-09,P020,WH-W,113,102,11,994.5
8293,2026-03-16,P020,WH-W,116,101,15,984.75
8294,2026-03-23,P020,WH-W,125,123,2,1199.25
8295,2026-03-30,P020,WH-W,128,127,1,1238.25
8296,2026-04-06,P020,WH-W,110,109,1,1062.75
8297,2026-04-13,P020,WH-W,132,129,3,1257.75
8298,2026-04-20,P020,WH-W,133,132,1,1287.0
8299,2026-04-27,P020,WH-W,141,139,2,1355.25
8300,2026-05-04,P020,WH-W,126,123,3,1199.25
8301,2026-05-11,P020,WH-W,124,123,1,1199.25
8302,2026-05-18,P020,WH-W,137,135,2,1316.25
8303,2026-05-25,P020,WH-W,113,112,1,1092.0
8304,2026-06-01,P020,WH-W,134,132,2,1287.0
8305,2026-06-08,P020,WH-W,115,112,3,1092.0
8306,2026-06-15,P020,WH-W,116,114,2,1111.5
8307,2026-06-22,P020,WH-W,129,127,2,1238.25
8308,2026-06-29,P020,WH-W,118,118,0,1150.5
8309,2026-07-06,P020,WH-W,139,138,1,1345.5
8310,2026-07-13,P020,WH-W,153,145,8,1413.75
8311,2026-07-20,P020,WH-W,151,149,2,1452.75
8312,2026-07-27,P020,WH-W,119,118,1,1150.5
8313,2026-08-03,P020,WH-W,116,116,0,1131.0
8314,2026-08-10,P020,WH-W,147,144,3,1404.0
8315,2026-08-17,P020,WH-W,142,141,1,1374.75
8316,2026-08-24,P020,WH-W,144,141,3,1374.75
8317,2026-08-31,P020,WH-W,146,145,1,1413.75
8318,2026-09-07,P020,WH-W,142,140,2,1365.0
8319,2026-09-14,P020,WH-W,145,121,24,1179.75
8320,2026-09-21,P020,WH-W,136,133,3,1296.75
8321,2024-09-30,P021,WH-NE,46,46,0,2806.0
8322,2024-10-07,P021,WH-NE,35,35,0,2135.0
8323,2024-10-14,P021,WH-NE,46,45,1,2745.0
8324,2024-10-21,P021,WH-NE,45,44,1,2684.0
8325,2024-10-28,P021,WH-NE,53,53,0,3233.0
8326,2024-11-04,P021,WH-NE,43,42,1,2562.0
8327,2024-11-11,P021,WH-NE,46,45,1,2745.0
8328,2024-11-18,P021,WH-NE,48,48,0,2928.0
8329,2024-11-25,P021,WH-NE,43,40,3,2440.0
8330,2024-12-02,P021,WH-NE,55,54,1,3294.0
8331,2024-12-09,P021,WH-NE,38,38,0,2318.0
8332,2024-12-16,P021,WH-NE,47,40,7,2440.0
8333,2024-12-23,P021,WH-NE,49,48,1,2928.0
8334,2024-12-30,P021,WH-NE,41,35,6,2135.0
8335,2025-01-06,P021,WH-NE,45,45,0,2745.0
8336,2025-01-13,P021,WH-NE,37,37,0,2257.0
8337,2025-01-20,P021,WH-NE,42,41,1,2501.0
8338,2025-01-27,P021,WH-NE,43,42,1,2562.0
8339,2025-02-03,P021,WH-NE,43,42,1,2562.0
8340,2025-02-10,P021,WH-NE,40,40,0,2440.0
8341,2025-02-17,P021,WH-NE,46,46,0,2806.0
8342,2025-02-24,P021,WH-NE,39,38,1,2318.0
8343,2025-03-03,P021,WH-NE,39,39,0,2379.0
8344,2025-03-10,P021,WH-NE,36,36,0,2196.0
8345,2025-03-17,P021,WH-NE,39,39,0,2379.0
8346,2025-03-24,P021,WH-NE,38,38,0,2318.0
8347,2025-03-31,P021,WH-NE,32,27,5,1647.0
8348,2025-04-07,P021,WH-NE,36,31,5,1891.0
8349,2025-04-14,P021,WH-NE,40,40,0,2440.0
8350,2025-04-21,P021,WH-NE,32,32,0,1952.0
8351,2025-04-28,P021,WH-NE,43,43,0,2623.0
8352,2025-05-05,P021,WH-NE,34,34,0,2074.0
8353,2025-05-12,P021,WH-NE,42,41,1,2501.0
8354,2025-05-19,P021,WH-NE,40,39,1,2379.0
8355,2025-05-26,P021,WH-NE,43,43,0,2623.0
8356,2025-06-02,P021,WH-NE,43,43,0,2623.0
8357,2025-06-09,P021,WH-NE,36,35,1,2135.0
8358,2025-06-16,P021,WH-NE,36,35,1,2135.0
8359,2025-06-23,P021,WH-NE,40,39,1,2379.0
8360,2025-06-30,P021,WH-NE,43,42,1,2562.0
8361,2025-07-07,P021,WH-NE,45,44,1,2684.0
8362,2025-07-14,P021,WH-NE,33,33,0,2013.0
8363,2025-07-21,P021,WH-NE,48,48,0,2928.0
8364,2025-07-28,P021,WH-NE,41,40,1,2440.0
8365,2025-08-04,P021,WH-NE,44,44,0,2684.0
8366,2025-08-11,P021,WH-NE,42,41,1,2501.0
8367,2025-08-18,P021,WH-NE,41,41,0,2501.0
8368,2025-08-25,P021,WH-NE,35,35,0,2135.0
8369,2025-09-01,P021,WH-NE,41,41,0,2501.0
8370,2025-09-08,P021,WH-NE,48,48,0,2928.0
8371,2025-09-15,P021,WH-NE,45,45,0,2745.0
8372,2025-09-22,P021,WH-NE,45,44,1,2684.0
8373,2025-09-29,P021,WH-NE,44,44,0,2684.0
8374,2025-10-06,P021,WH-NE,46,45,1,2745.0
8375,2025-10-13,P021,WH-NE,46,45,1,2745.0
8376,2025-10-20,P021,WH-NE,51,50,1,3050.0
8377,2025-10-27,P021,WH-NE,43,43,0,2623.0
8378,2025-11-03,P021,WH-NE,55,54,1,3294.0
8379,2025-11-10,P021,WH-NE,49,49,0,2989.0
8380,2025-11-17,P021,WH-NE,47,47,0,2867.0
8381,2025-11-24,P021,WH-NE,35,35,0,2135.0
8382,2025-12-01,P021,WH-NE,54,53,1,3233.0
8383,2025-12-08,P021,WH-NE,51,50,1,3050.0
8384,2025-12-15,P021,WH-NE,51,50,1,3050.0
8385,2025-12-22,P021,WH-NE,50,49,1,2989.0
8386,2025-12-29,P021,WH-NE,42,41,1,2501.0
8387,2026-01-05,P021,WH-NE,51,51,0,3111.0
8388,2026-01-12,P021,WH-NE,46,46,0,2806.0
8389,2026-01-19,P021,WH-NE,49,49,0,2989.0
8390,2026-01-26,P021,WH-NE,47,46,1,2806.0
8391,2026-02-02,P021,WH-NE,44,43,1,2623.0
8392,2026-02-09,P021,WH-NE,48,47,1,2867.0
8393,2026-02-16,P021,WH-NE,43,42,1,2562.0
8394,2026-02-23,P021,WH-NE,44,37,7,2257.0
8395,2026-03-02,P021,WH-NE,39,38,1,2318.0
8396,2026-03-09,P021,WH-NE,40,40,0,2440.0
8397,2026-03-16,P021,WH-NE,43,42,1,2562.0
8398,2026-03-23,P021,WH-NE,42,35,7,2135.0
8399,2026-03-30,P021,WH-NE,40,40,0,2440.0
8400,2026-04-06,P021,WH-NE,34,33,1,2013.0
8401,2026-04-13,P021,WH-NE,41,40,1,2440.0
8402,2026-04-20,P021,WH-NE,47,47,0,2867.0
8403,2026-04-27,P021,WH-NE,45,44,1,2684.0
8404,2026-05-04,P021,WH-NE,44,43,1,2623.0
8405,2026-05-11,P021,WH-NE,43,43,0,2623.0
8406,2026-05-18,P021,WH-NE,41,40,1,2440.0
8407,2026-05-25,P021,WH-NE,41,41,0,2501.0
8408,2026-06-01,P021,WH-NE,42,42,0,2562.0
8409,2026-06-08,P021,WH-NE,37,36,1,2196.0
8410,2026-06-15,P021,WH-NE,36,30,6,1830.0
8411,2026-06-22,P021,WH-NE,39,38,1,2318.0
8412,2026-06-29,P021,WH-NE,43,42,1,2562.0
8413,2026-07-06,P021,WH-NE,35,35,0,2135.0
8414,2026-07-13,P021,WH-NE,43,42,1,2562.0
8415,2026-07-20,P021,WH-NE,41,41,0,2501.0
8416,2026-07-27,P021,WH-NE,44,43,1,2623.0
8417,2026-08-03,P021,WH-NE,50,49,1,2989.0
8418,2026-08-10,P021,WH-NE,45,45,0,2745.0
8419,2026-08-17,P021,WH-NE,44,43,1,2623.0
8420,2026-08-24,P021,WH-NE,46,45,1,2745.0
8421,2026-08-31,P021,WH-NE,42,41,1,2501.0
8422,2026-09-07,P021,WH-NE,47,46,1,2806.0
8423,2026-09-14,P021,WH-NE,53,52,1,3172.0
8424,2026-09-21,P021,WH-NE,46,45,1,2745.0
8425,2024-09-30,P021,WH-SE,35,35,0,2135.0
8426,2024-10-07,P021,WH-SE,35,34,1,2074.0
8427,2024-10-14,P021,WH-SE,42,42,0,2562.0
8428,2024-10-21,P021,WH-SE,35,33,2,2013.0
8429,2024-10-28,P021,WH-SE,38,38,0,2318.0
8430,2024-11-04,P021,WH-SE,40,39,1,2379.0
8431,2024-11-11,P021,WH-SE,36,36,0,2196.0
8432,2024-11-18,P021,WH-SE,37,37,0,2257.0
8433,2024-11-25,P021,WH-SE,33,31,2,1891.0
8434,2024-12-02,P021,WH-SE,37,36,1,2196.0
8435,2024-12-09,P021,WH-SE,34,34,0,2074.0
8436,2024-12-16,P021,WH-SE,29,29,0,1769.0
8437,2024-12-23,P021,WH-SE,34,34,0,2074.0
8438,2024-12-30,P021,WH-SE,43,43,0,2623.0
8439,2025-01-06,P021,WH-SE,34,33,1,2013.0
8440,2025-01-13,P021,WH-SE,38,37,1,2257.0
8441,2025-01-20,P021,WH-SE,33,29,4,1769.0
8442,2025-01-27,P021,WH-SE,33,30,3,1830.0
8443,2025-02-03,P021,WH-SE,33,32,1,1952.0
8444,2025-02-10,P021,WH-SE,32,32,0,1952.0
8445,2025-02-17,P021,WH-SE,33,32,1,1952.0
8446,2025-02-24,P021,WH-SE,33,33,0,2013.0
8447,2025-03-03,P021,WH-SE,33,33,0,2013.0
8448,2025-03-10,P021,WH-SE,29,29,0,1769.0
8449,2025-03-17,P021,WH-SE,33,33,0,2013.0
8450,2025-03-24,P021,WH-SE,34,33,1,2013.0
8451,2025-03-31,P021,WH-SE,29,28,1,1708.0
8452,2025-04-07,P021,WH-SE,28,28,0,1708.0
8453,2025-04-14,P021,WH-SE,32,32,0,1952.0
8454,2025-04-21,P021,WH-SE,33,33,0,2013.0
8455,2025-04-28,P021,WH-SE,28,28,0,1708.0
8456,2025-05-05,P021,WH-SE,32,32,0,1952.0
8457,2025-05-12,P021,WH-SE,28,27,1,1647.0
8458,2025-05-19,P021,WH-SE,24,24,0,1464.0
8459,2025-05-26,P021,WH-SE,39,38,1,2318.0
8460,2025-06-02,P021,WH-SE,35,35,0,2135.0
8461,2025-06-09,P021,WH-SE,36,36,0,2196.0
8462,2025-06-16,P021,WH-SE,34,34,0,2074.0
8463,2025-06-23,P021,WH-SE,29,29,0,1769.0
8464,2025-06-30,P021,WH-SE,27,27,0,1647.0
8465,2025-07-07,P021,WH-SE,30,30,0,1830.0
8466,2025-07-14,P021,WH-SE,35,35,0,2135.0
8467,2025-07-21,P021,WH-SE,36,35,1,2135.0
8468,2025-07-28,P021,WH-SE,33,33,0,2013.0
8469,2025-08-04,P021,WH-SE,37,36,1,2196.0
8470,2025-08-11,P021,WH-SE,31,30,1,1830.0
8471,2025-08-18,P021,WH-SE,31,30,1,1830.0
8472,2025-08-25,P021,WH-SE,35,35,0,2135.0
8473,2025-09-01,P021,WH-SE,35,35,0,2135.0
8474,2025-09-08,P021,WH-SE,40,40,0,2440.0
8475,2025-09-15,P021,WH-SE,38,37,1,2257.0
8476,2025-09-22,P021,WH-SE,36,35,1,2135.0
8477,2025-09-29,P021,WH-SE,42,42,0,2562.0
8478,2025-10-06,P021,WH-SE,32,31,1,1891.0
8479,2025-10-13,P021,WH-SE,32,31,1,1891.0
8480,2025-10-20,P021,WH-SE,37,37,0,2257.0
8481,2025-10-27,P021,WH-SE,34,33,1,2013.0
8482,2025-11-03,P021,WH-SE,39,34,5,2074.0
8483,2025-11-10,P021,WH-SE,35,35,0,2135.0
8484,2025-11-17,P021,WH-SE,36,34,2,2074.0
8485,2025-11-24,P021,WH-SE,41,41,0,2501.0
8486,2025-12-01,P021,WH-SE,37,36,1,2196.0
8487,2025-12-08,P021,WH-SE,42,42,0,2562.0
8488,2025-12-15,P021,WH-SE,42,41,1,2501.0
8489,2025-12-22,P021,WH-SE,35,34,1,2074.0
8490,2025-12-29,P021,WH-SE,34,34,0,2074.0
8491,2026-01-05,P021,WH-SE,37,37,0,2257.0
8492,2026-01-12,P021,WH-SE,40,39,1,2379.0
8493,2026-01-19,P021,WH-SE,40,40,0,2440.0
8494,2026-01-26,P021,WH-SE,38,37,1,2257.0
8495,2026-02-02,P021,WH-SE,37,37,0,2257.0
8496,2026-02-09,P021,WH-SE,38,37,1,2257.0
8497,2026-02-16,P021,WH-SE,35,34,1,2074.0
8498,2026-02-23,P021,WH-SE,46,46,0,2806.0
8499,2026-03-02,P021,WH-SE,36,36,0,2196.0
8500,2026-03-09,P021,WH-SE,36,36,0,2196.0
8501,2026-03-16,P021,WH-SE,37,36,1,2196.0
8502,2026-03-23,P021,WH-SE,33,33,0,2013.0
8503,2026-03-30,P021,WH-SE,37,36,1,2196.0
8504,2026-04-06,P021,WH-SE,35,35,0,2135.0
8505,2026-04-13,P021,WH-SE,31,31,0,1891.0
8506,2026-04-20,P021,WH-SE,38,37,1,2257.0
8507,2026-04-27,P021,WH-SE,34,34,0,2074.0
8508,2026-05-04,P021,WH-SE,29,29,0,1769.0
8509,2026-05-11,P021,WH-SE,32,32,0,1952.0
8510,2026-05-18,P021,WH-SE,31,31,0,1891.0
8511,2026-05-25,P021,WH-SE,31,31,0,1891.0
8512,2026-06-01,P021,WH-SE,37,36,1,2196.0
8513,2026-06-08,P021,WH-SE,32,31,1,1891.0
8514,2026-06-15,P021,WH-SE,36,36,0,2196.0
8515,2026-06-22,P021,WH-SE,39,39,0,2379.0
8516,2026-06-29,P021,WH-SE,32,31,1,1891.0
8517,2026-07-06,P021,WH-SE,35,30,5,1830.0
8518,2026-07-13,P021,WH-SE,36,36,0,2196.0
8519,2026-07-20,P021,WH-SE,29,29,0,1769.0
8520,2026-07-27,P021,WH-SE,33,33,0,2013.0
8521,2026-08-03,P021,WH-SE,34,34,0,2074.0
8522,2026-08-10,P021,WH-SE,41,41,0,2501.0
8523,2026-08-17,P021,WH-SE,39,39,0,2379.0
8524,2026-08-24,P021,WH-SE,44,44,0,2684.0
8525,2026-08-31,P021,WH-SE,39,38,1,2318.0
8526,2026-09-07,P021,WH-SE,48,47,1,2867.0
8527,2026-09-14,P021,WH-SE,34,33,1,2013.0
8528,2026-09-21,P021,WH-SE,42,41,1,2501.0
8529,2024-09-30,P021,WH-MW,42,42,0,2562.0
8530,2024-10-07,P021,WH-MW,43,42,1,2562.0
8531,2024-10-14,P021,WH-MW,42,41,1,2501.0
8532,2024-10-21,P021,WH-MW,47,46,1,2806.0
8533,2024-10-28,P021,WH-MW,41,40,1,2440.0
8534,2024-11-04,P021,WH-MW,39,39,0,2379.0
8535,2024-11-11,P021,WH-MW,41,41,0,2501.0
8536,2024-11-18,P021,WH-MW,41,41,0,2501.0
8537,2024-11-25,P021,WH-MW,40,39,1,2379.0
8538,2024-12-02,P021,WH-MW,46,46,0,2806.0
8539,2024-12-09,P021,WH-MW,38,37,1,2257.0
8540,2024-12-16,P021,WH-MW,42,41,1,2501.0
8541,2024-12-23,P021,WH-MW,41,40,1,2440.0
8542,2024-12-30,P021,WH-MW,37,37,0,2257.0
8543,2025-01-06,P021,WH-MW,42,42,0,2562.0
8544,2025-01-13,P021,WH-MW,44,44,0,2684.0
8545,2025-01-20,P021,WH-MW,46,45,1,2745.0
8546,2025-01-27,P021,WH-MW,41,40,1,2440.0
8547,2025-02-03,P021,WH-MW,37,36,1,2196.0
8548,2025-02-10,P021,WH-MW,41,41,0,2501.0
8549,2025-02-17,P021,WH-MW,40,40,0,2440.0
8550,2025-02-24,P021,WH-MW,39,38,1,2318.0
8551,2025-03-03,P021,WH-MW,39,39,0,2379.0
8552,2025-03-10,P021,WH-MW,34,34,0,2074.0
8553,2025-03-17,P021,WH-MW,32,32,0,1952.0
8554,2025-03-24,P021,WH-MW,36,35,1,2135.0
8555,2025-03-31,P021,WH-MW,36,36,0,2196.0
8556,2025-04-07,P021,WH-MW,32,32,0,1952.0
8557,2025-04-14,P021,WH-MW,35,35,0,2135.0
8558,2025-04-21,P021,WH-MW,36,36,0,2196.0
8559,2025-04-28,P021,WH-MW,37,37,0,2257.0
8560,2025-05-05,P021,WH-MW,35,34,1,2074.0
8561,2025-05-12,P021,WH-MW,40,40,0,2440.0
8562,2025-05-19,P021,WH-MW,36,36,0,2196.0
8563,2025-05-26,P021,WH-MW,38,37,1,2257.0
8564,2025-06-02,P021,WH-MW,32,31,1,1891.0
8565,2025-06-09,P021,WH-MW,29,29,0,1769.0
8566,2025-06-16,P021,WH-MW,36,36,0,2196.0
8567,2025-06-23,P021,WH-MW,31,31,0,1891.0
8568,2025-06-30,P021,WH-MW,37,37,0,2257.0
8569,2025-07-07,P021,WH-MW,33,33,0,2013.0
8570,2025-07-14,P021,WH-MW,44,43,1,2623.0
8571,2025-07-21,P021,WH-MW,35,34,1,2074.0
8572,2025-07-28,P021,WH-MW,38,37,1,2257.0
8573,2025-08-04,P021,WH-MW,41,40,1,2440.0
8574,2025-08-11,P021,WH-MW,29,26,3,1586.0
8575,2025-08-18,P021,WH-MW,42,42,0,2562.0
8576,2025-08-25,P021,WH-MW,46,40,6,2440.0
8577,2025-09-01,P021,WH-MW,43,43,0,2623.0
8578,2025-09-08,P021,WH-MW,39,39,0,2379.0
8579,2025-09-15,P021,WH-MW,43,43,0,2623.0
8580,2025-09-22,P021,WH-MW,39,39,0,2379.0
8581,2025-09-29,P021,WH-MW,49,48,1,2928.0
8582,2025-10-06,P021,WH-MW,35,35,0,2135.0
8583,2025-10-13,P021,WH-MW,41,40,1,2440.0
8584,2025-10-20,P021,WH-MW,41,40,1,2440.0
8585,2025-10-27,P021,WH-MW,38,37,1,2257.0
8586,2025-11-03,P021,WH-MW,49,48,1,2928.0
8587,2025-11-10,P021,WH-MW,41,41,0,2501.0
8588,2025-11-17,P021,WH-MW,51,50,1,3050.0
8589,2025-11-24,P021,WH-MW,42,41,1,2501.0
8590,2025-12-01,P021,WH-MW,46,45,1,2745.0
8591,2025-12-08,P021,WH-MW,41,41,0,2501.0
8592,2025-12-15,P021,WH-MW,48,48,0,2928.0
8593,2025-12-22,P021,WH-MW,45,44,1,2684.0
8594,2025-12-29,P021,WH-MW,39,38,1,2318.0
8595,2026-01-05,P021,WH-MW,39,38,1,2318.0
8596,2026-01-12,P021,WH-MW,43,43,0,2623.0
8597,2026-01-19,P021,WH-MW,44,43,1,2623.0
8598,2026-01-26,P021,WH-MW,41,40,1,2440.0
8599,2026-02-02,P021,WH-MW,49,49,0,2989.0
8600,2026-02-09,P021,WH-MW,42,42,0,2562.0
8601,2026-02-16,P021,WH-MW,47,47,0,2867.0
8602,2026-02-23,P021,WH-MW,42,41,1,2501.0
8603,2026-03-02,P021,WH-MW,43,42,1,2562.0
8604,2026-03-09,P021,WH-MW,36,36,0,2196.0
8605,2026-03-16,P021,WH-MW,35,34,1,2074.0
8606,2026-03-23,P021,WH-MW,41,41,0,2501.0
8607,2026-03-30,P021,WH-MW,40,35,5,2135.0
8608,2026-04-06,P021,WH-MW,41,41,0,2501.0
8609,2026-04-13,P021,WH-MW,35,34,1,2074.0
8610,2026-04-20,P021,WH-MW,46,45,1,2745.0
8611,2026-04-27,P021,WH-MW,40,39,1,2379.0
8612,2026-05-04,P021,WH-MW,37,36,1,2196.0
8613,2026-05-11,P021,WH-MW,36,35,1,2135.0
8614,2026-05-18,P021,WH-MW,34,33,1,2013.0
8615,2026-05-25,P021,WH-MW,33,33,0,2013.0
8616,2026-06-01,P021,WH-MW,37,37,0,2257.0
8617,2026-06-08,P021,WH-MW,39,33,6,2013.0
8618,2026-06-15,P021,WH-MW,38,37,1,2257.0
8619,2026-06-22,P021,WH-MW,38,38,0,2318.0
8620,2026-06-29,P021,WH-MW,37,37,0,2257.0
8621,2026-07-06,P021,WH-MW,46,46,0,2806.0
8622,2026-07-13,P021,WH-MW,43,43,0,2623.0
8623,2026-07-20,P021,WH-MW,46,45,1,2745.0
8624,2026-07-27,P021,WH-MW,47,46,1,2806.0
8625,2026-08-03,P021,WH-MW,39,38,1,2318.0
8626,2026-08-10,P021,WH-MW,42,42,0,2562.0
8627,2026-08-17,P021,WH-MW,47,47,0,2867.0
8628,2026-08-24,P021,WH-MW,46,45,1,2745.0
8629,2026-08-31,P021,WH-MW,45,44,1,2684.0
8630,2026-09-07,P021,WH-MW,39,39,0,2379.0
8631,2026-09-14,P021,WH-MW,40,39,1,2379.0
8632,2026-09-21,P021,WH-MW,45,45,0,2745.0
8633,2024-09-30,P021,WH-W,34,34,0,2074.0
8634,2024-10-07,P021,WH-W,32,31,1,1891.0
8635,2024-10-14,P021,WH-W,32,32,0,1952.0
8636,2024-10-21,P021,WH-W,30,30,0,1830.0
8637,2024-10-28,P021,WH-W,35,35,0,2135.0
8638,2024-11-04,P021,WH-W,32,31,1,1891.0
8639,2024-11-11,P021,WH-W,36,36,0,2196.0
8640,2024-11-18,P021,WH-W,37,35,2,2135.0
8641,2024-11-25,P021,WH-W,36,32,4,1952.0
8642,2024-12-02,P021,WH-W,38,37,1,2257.0
8643,2024-12-09,P021,WH-W,37,36,1,2196.0
8644,2024-12-16,P021,WH-W,30,30,0,1830.0
8645,2024-12-23,P021,WH-W,35,35,0,2135.0
8646,2024-12-30,P021,WH-W,34,34,0,2074.0
8647,2025-01-06,P021,WH-W,37,36,1,2196.0
8648,2025-01-13,P021,WH-W,33,33,0,2013.0
8649,2025-01-20,P021,WH-W,33,33,0,2013.0
8650,2025-01-27,P021,WH-W,32,32,0,1952.0
8651,2025-02-03,P021,WH-W,31,31,0,1891.0
8652,2025-02-10,P021,WH-W,34,34,0,2074.0
8653,2025-02-17,P021,WH-W,37,37,0,2257.0
8654,2025-02-24,P021,WH-W,32,32,0,1952.0
8655,2025-03-03,P021,WH-W,33,33,0,2013.0
8656,2025-03-10,P021,WH-W,29,29,0,1769.0
8657,2025-03-17,P021,WH-W,30,30,0,1830.0
8658,2025-03-24,P021,WH-W,29,29,0,1769.0
8659,2025-03-31,P021,WH-W,28,28,0,1708.0
8660,2025-04-07,P021,WH-W,33,32,1,1952.0
8661,2025-04-14,P021,WH-W,30,29,1,1769.0
8662,2025-04-21,P021,WH-W,29,29,0,1769.0
8663,2025-04-28,P021,WH-W,31,30,1,1830.0
8664,2025-05-05,P021,WH-W,28,27,1,1647.0
8665,2025-05-12,P021,WH-W,29,28,1,1708.0
8666,2025-05-19,P021,WH-W,30,30,0,1830.0
8667,2025-05-26,P021,WH-W,33,32,1,1952.0
8668,2025-06-02,P021,WH-W,36,35,1,2135.0
8669,2025-06-09,P021,WH-W,36,36,0,2196.0
8670,2025-06-16,P021,WH-W,24,24,0,1464.0
8671,2025-06-23,P021,WH-W,33,33,0,2013.0
8672,2025-06-30,P021,WH-W,28,28,0,1708.0
8673,2025-07-07,P021,WH-W,26,26,0,1586.0
8674,2025-07-14,P021,WH-W,27,27,0,1647.0
8675,2025-07-21,P021,WH-W,30,30,0,1830.0
8676,2025-07-28,P021,WH-W,28,28,0,1708.0
8677,2025-08-04,P021,WH-W,33,33,0,2013.0
8678,2025-08-11,P021,WH-W,31,31,0,1891.0
8679,2025-08-18,P021,WH-W,32,32,0,1952.0
8680,2025-08-25,P021,WH-W,35,34,1,2074.0
8681,2025-09-01,P021,WH-W,37,36,1,2196.0
8682,2025-09-08,P021,WH-W,29,29,0,1769.0
8683,2025-09-15,P021,WH-W,34,34,0,2074.0
8684,2025-09-22,P021,WH-W,38,38,0,2318.0
8685,2025-09-29,P021,WH-W,32,32,0,1952.0
8686,2025-10-06,P021,WH-W,32,32,0,1952.0
8687,2025-10-13,P021,WH-W,37,37,0,2257.0
8688,2025-10-20,P021,WH-W,36,36,0,2196.0
8689,2025-10-27,P021,WH-W,36,36,0,2196.0
8690,2025-11-03,P021,WH-W,37,37,0,2257.0
8691,2025-11-10,P021,WH-W,42,41,1,2501.0
8692,2025-11-17,P021,WH-W,39,39,0,2379.0
8693,2025-11-24,P021,WH-W,41,40,1,2440.0
8694,2025-12-01,P021,WH-W,33,33,0,2013.0
8695,2025-12-08,P021,WH-W,40,40,0,2440.0
8696,2025-12-15,P021,WH-W,34,34,0,2074.0
8697,2025-12-22,P021,WH-W,36,36,0,2196.0
8698,2025-12-29,P021,WH-W,36,36,0,2196.0
8699,2026-01-05,P021,WH-W,41,40,1,2440.0
8700,2026-01-12,P021,WH-W,41,41,0,2501.0
8701,2026-01-19,P021,WH-W,33,33,0,2013.0
8702,2026-01-26,P021,WH-W,38,38,0,2318.0
8703,2026-02-02,P021,WH-W,35,35,0,2135.0
8704,2026-02-09,P021,WH-W,32,32,0,1952.0
8705,2026-02-16,P021,WH-W,34,34,0,2074.0
8706,2026-02-23,P021,WH-W,30,30,0,1830.0
8707,2026-03-02,P021,WH-W,32,32,0,1952.0
8708,2026-03-09,P021,WH-W,32,32,0,1952.0
8709,2026-03-16,P021,WH-W,35,34,1,2074.0
8710,2026-03-23,P021,WH-W,34,33,1,2013.0
8711,2026-03-30,P021,WH-W,35,35,0,2135.0
8712,2026-04-06,P021,WH-W,28,27,1,1647.0
8713,2026-04-13,P021,WH-W,30,30,0,1830.0
8714,2026-04-20,P021,WH-W,31,31,0,1891.0
8715,2026-04-27,P021,WH-W,33,29,4,1769.0
8716,2026-05-04,P021,WH-W,34,34,0,2074.0
8717,2026-05-11,P021,WH-W,33,33,0,2013.0
8718,2026-05-18,P021,WH-W,31,31,0,1891.0
8719,2026-05-25,P021,WH-W,32,32,0,1952.0
8720,2026-06-01,P021,WH-W,31,28,3,1708.0
8721,2026-06-08,P021,WH-W,27,26,1,1586.0
8722,2026-06-15,P021,WH-W,38,38,0,2318.0
8723,2026-06-22,P021,WH-W,30,30,0,1830.0
8724,2026-06-29,P021,WH-W,32,32,0,1952.0
8725,2026-07-06,P021,WH-W,35,34,1,2074.0
8726,2026-07-13,P021,WH-W,32,32,0,1952.0
8727,2026-07-20,P021,WH-W,31,30,1,1830.0
8728,2026-07-27,P021,WH-W,28,28,0,1708.0
8729,2026-08-03,P021,WH-W,39,39,0,2379.0
8730,2026-08-10,P021,WH-W,32,32,0,1952.0
8731,2026-08-17,P021,WH-W,36,35,1,2135.0
8732,2026-08-24,P021,WH-W,36,36,0,2196.0
8733,2026-08-31,P021,WH-W,34,34,0,2074.0
8734,2026-09-07,P021,WH-W,32,32,0,1952.0
8735,2026-09-14,P021,WH-W,30,30,0,1830.0
8736,2026-09-21,P021,WH-W,36,35,1,2135.0
8737,2024-09-30,P022,WH-NE,132,131,1,949.75
8738,2024-10-07,P022,WH-NE,145,126,19,913.5
8739,2024-10-14,P022,WH-NE,136,135,1,978.75
8740,2024-10-21,P022,WH-NE,161,158,3,1145.5
8741,2024-10-28,P022,WH-NE,126,125,1,906.25
8742,2024-11-04,P022,WH-NE,157,156,1,1131.0
8743,2024-11-11,P022,WH-NE,138,137,1,993.25
8744,2024-11-18,P022,WH-NE,188,185,3,1341.25
8745,2024-11-25,P022,WH-NE,155,152,3,1102.0
8746,2024-12-02,P022,WH-NE,169,168,1,1218.0
8747,2024-12-09,P022,WH-NE,160,160,0,1160.0
8748,2024-12-16,P022,WH-NE,175,173,2,1254.25
8749,2024-12-23,P022,WH-NE,133,133,0,964.25
8750,2024-12-30,P022,WH-NE,120,118,2,855.5
8751,2025-01-06,P022,WH-NE,121,120,1,870.0
8752,2025-01-13,P022,WH-NE,138,138,0,1000.5
8753,2025-01-20,P022,WH-NE,131,129,2,935.25
8754,2025-01-27,P022,WH-NE,142,123,19,891.75
8755,2025-02-03,P022,WH-NE,152,150,2,1087.5
8756,2025-02-10,P022,WH-NE,115,114,1,826.5
8757,2025-02-17,P022,WH-NE,134,131,3,949.75
8758,2025-02-24,P022,WH-NE,122,121,1,877.25
8759,2025-03-03,P022,WH-NE,133,130,3,942.5
8760,2025-03-10,P022,WH-NE,121,118,3,855.5
8761,2025-03-17,P022,WH-NE,119,117,2,848.25
8762,2025-03-24,P022,WH-NE,128,126,2,913.5
8763,2025-03-31,P022,WH-NE,121,121,0,877.25
8764,2025-04-07,P022,WH-NE,117,109,8,790.25
8765,2025-04-14,P022,WH-NE,100,99,1,717.75
8766,2025-04-21,P022,WH-NE,122,121,1,877.25
8767,2025-04-28,P022,WH-NE,117,115,2,833.75
8768,2025-05-05,P022,WH-NE,107,107,0,775.75
8769,2025-05-12,P022,WH-NE,127,125,2,906.25
8770,2025-05-19,P022,WH-NE,93,93,0,674.25
8771,2025-05-26,P022,WH-NE,150,147,3,1065.75
8772,2025-06-02,P022,WH-NE,135,135,0,978.75
8773,2025-06-09,P022,WH-NE,126,126,0,913.5
8774,2025-06-16,P022,WH-NE,108,106,2,768.5
8775,2025-06-23,P022,WH-NE,116,115,1,833.75
8776,2025-06-30,P022,WH-NE,140,139,1,1007.75
8777,2025-07-07,P022,WH-NE,119,119,0,862.75
8778,2025-07-14,P022,WH-NE,145,144,1,1044.0
8779,2025-07-21,P022,WH-NE,128,126,2,913.5
8780,2025-07-28,P022,WH-NE,148,145,3,1051.25
8781,2025-08-04,P022,WH-NE,146,146,0,1058.5
8782,2025-08-11,P022,WH-NE,160,159,1,1152.75
8783,2025-08-18,P022,WH-NE,150,147,3,1065.75
8784,2025-08-25,P022,WH-NE,150,148,2,1073.0
8785,2025-09-01,P022,WH-NE,136,133,3,964.25
8786,2025-09-08,P022,WH-NE,161,159,2,1152.75
8787,2025-09-15,P022,WH-NE,159,158,1,1145.5
8788,2025-09-22,P022,WH-NE,140,139,1,1007.75
8789,2025-09-29,P022,WH-NE,164,164,0,1189.0
8790,2025-10-06,P022,WH-NE,161,159,2,1152.75
8791,2025-10-13,P022,WH-NE,180,178,2,1290.5
8792,2025-10-20,P022,WH-NE,148,147,1,1065.75
8793,2025-10-27,P022,WH-NE,181,179,2,1297.75
8794,2025-11-03,P022,WH-NE,164,164,0,1189.0
8795,2025-11-10,P022,WH-NE,149,146,3,1058.5
8796,2025-11-17,P022,WH-NE,186,159,27,1152.75
8797,2025-11-24,P022,WH-NE,169,168,1,1218.0
8798,2025-12-01,P022,WH-NE,189,187,2,1355.75
8799,2025-12-08,P022,WH-NE,176,172,4,1247.0
8800,2025-12-15,P022,WH-NE,176,175,1,1268.75
8801,2025-12-22,P022,WH-NE,148,147,1,1065.75
8802,2025-12-29,P022,WH-NE,157,156,1,1131.0
8803,2026-01-05,P022,WH-NE,143,127,16,920.75
8804,2026-01-12,P022,WH-NE,147,145,2,1051.25
8805,2026-01-19,P022,WH-NE,122,122,0,884.5
8806,2026-01-26,P022,WH-NE,154,153,1,1109.25
8807,2026-02-02,P022,WH-NE,145,144,1,1044.0
8808,2026-02-09,P022,WH-NE,130,129,1,935.25
8809,2026-02-16,P022,WH-NE,169,151,18,1094.75
8810,2026-02-23,P022,WH-NE,127,114,13,826.5
8811,2026-03-02,P022,WH-NE,136,134,2,971.5
8812,2026-03-09,P022,WH-NE,124,121,3,877.25
8813,2026-03-16,P022,WH-NE,120,119,1,862.75
8814,2026-03-23,P022,WH-NE,121,120,1,870.0
8815,2026-03-30,P022,WH-NE,139,138,1,1000.5
8816,2026-04-06,P022,WH-NE,105,105,0,761.25
8817,2026-04-13,P022,WH-NE,124,121,3,877.25
8818,2026-04-20,P022,WH-NE,127,126,1,913.5
8819,2026-04-27,P022,WH-NE,135,133,2,964.25
8820,2026-05-04,P022,WH-NE,128,126,2,913.5
8821,2026-05-11,P022,WH-NE,113,112,1,812.0
8822,2026-05-18,P022,WH-NE,133,130,3,942.5
8823,2026-05-25,P022,WH-NE,115,113,2,819.25
8824,2026-06-01,P022,WH-NE,141,140,1,1015.0
8825,2026-06-08,P022,WH-NE,120,117,3,848.25
8826,2026-06-15,P022,WH-NE,120,119,1,862.75
8827,2026-06-22,P022,WH-NE,140,137,3,993.25
8828,2026-06-29,P022,WH-NE,114,111,3,804.75
8829,2026-07-06,P022,WH-NE,136,136,0,986.0
8830,2026-07-13,P022,WH-NE,144,134,10,971.5
8831,2026-07-20,P022,WH-NE,150,133,17,964.25
8832,2026-07-27,P022,WH-NE,134,133,1,964.25
8833,2026-08-03,P022,WH-NE,157,153,4,1109.25
8834,2026-08-10,P022,WH-NE,146,143,3,1036.75
8835,2026-08-17,P022,WH-NE,160,157,3,1138.25
8836,2026-08-24,P022,WH-NE,203,201,2,1457.25
8837,2026-08-31,P022,WH-NE,143,142,1,1029.5
8838,2026-09-07,P022,WH-NE,164,164,0,1189.0
8839,2026-09-14,P022,WH-NE,135,134,1,971.5
8840,2026-09-21,P022,WH-NE,161,134,27,971.5
8841,2024-09-30,P022,WH-SE,132,132,0,957.0
8842,2024-10-07,P022,WH-SE,146,143,3,1036.75
8843,2024-10-14,P022,WH-SE,126,125,1,906.25
8844,2024-10-21,P022,WH-SE,129,126,3,913.5
8845,2024-10-28,P022,WH-SE,149,147,2,1065.75
8846,2024-11-04,P022,WH-SE,125,123,2,891.75
8847,2024-11-11,P022,WH-SE,126,124,2,899.0
8848,2024-11-18,P022,WH-SE,144,144,0,1044.0
8849,2024-11-25,P022,WH-SE,125,125,0,906.25
8850,2024-12-02,P022,WH-SE,131,130,1,942.5
8851,2024-12-09,P022,WH-SE,157,156,1,1131.0
8852,2024-12-16,P022,WH-SE,124,123,1,891.75
8853,2024-12-23,P022,WH-SE,132,131,1,949.75
8854,2024-12-30,P022,WH-SE,127,125,2,906.25
8855,2025-01-06,P022,WH-SE,123,121,2,877.25
8856,2025-01-13,P022,WH-SE,120,118,2,855.5
8857,2025-01-20,P022,WH-SE,114,113,1,819.25
8858,2025-01-27,P022,WH-SE,115,113,2,819.25
8859,2025-02-03,P022,WH-SE,109,108,1,783.0
8860,2025-02-10,P022,WH-SE,118,117,1,848.25
8861,2025-02-17,P022,WH-SE,112,112,0,812.0
8862,2025-02-24,P022,WH-SE,110,107,3,775.75
8863,2025-03-03,P022,WH-SE,111,103,8,746.75
8864,2025-03-10,P022,WH-SE,101,101,0,732.25
8865,2025-03-17,P022,WH-SE,121,121,0,877.25
8866,2025-03-24,P022,WH-SE,100,100,0,725.0
8867,2025-03-31,P022,WH-SE,106,104,2,754.0
8868,2025-04-07,P022,WH-SE,108,107,1,775.75
8869,2025-04-14,P022,WH-SE,108,108,0,783.0
8870,2025-04-21,P022,WH-SE,106,105,1,761.25
8871,2025-04-28,P022,WH-SE,98,98,0,710.5
8872,2025-05-05,P022,WH-SE,108,108,0,783.0
8873,2025-05-12,P022,WH-SE,90,89,1,645.25
8874,2025-05-19,P022,WH-SE,93,92,1,667.0
8875,2025-05-26,P022,WH-SE,96,94,2,681.5
8876,2025-06-02,P022,WH-SE,97,96,1,696.0
8877,2025-06-09,P022,WH-SE,115,114,1,826.5
8878,2025-06-16,P022,WH-SE,108,108,0,783.0
8879,2025-06-23,P022,WH-SE,107,104,3,754.0
8880,2025-06-30,P022,WH-SE,110,109,1,790.25
8881,2025-07-07,P022,WH-SE,125,124,1,899.0
8882,2025-07-14,P022,WH-SE,124,122,2,884.5
8883,2025-07-21,P022,WH-SE,123,121,2,877.25
8884,2025-07-28,P022,WH-SE,120,117,3,848.25
8885,2025-08-04,P022,WH-SE,111,110,1,797.5
8886,2025-08-11,P022,WH-SE,105,103,2,746.75
8887,2025-08-18,P022,WH-SE,133,132,1,957.0
8888,2025-08-25,P022,WH-SE,147,143,4,1036.75
8889,2025-09-01,P022,WH-SE,127,125,2,906.25
8890,2025-09-08,P022,WH-SE,129,126,3,913.5
8891,2025-09-15,P022,WH-SE,131,129,2,935.25
8892,2025-09-22,P022,WH-SE,136,135,1,978.75
8893,2025-09-29,P022,WH-SE,164,164,0,1189.0
8894,2025-10-06,P022,WH-SE,134,131,3,949.75
8895,2025-10-13,P022,WH-SE,134,132,2,957.0
8896,2025-10-20,P022,WH-SE,145,142,3,1029.5
8897,2025-10-27,P022,WH-SE,152,150,2,1087.5
8898,2025-11-03,P022,WH-SE,154,152,2,1102.0
8899,2025-11-10,P022,WH-SE,172,171,1,1239.75
8900,2025-11-17,P022,WH-SE,157,157,0,1138.25
8901,2025-11-24,P022,WH-SE,137,136,1,986.0
8902,2025-12-01,P022,WH-SE,148,148,0,1073.0
8903,2025-12-08,P022,WH-SE,124,124,0,899.0
8904,2025-12-15,P022,WH-SE,160,158,2,1145.5
8905,2025-12-22,P022,WH-SE,159,157,2,1138.25
8906,2025-12-29,P022,WH-SE,134,132,2,957.0
8907,2026-01-05,P022,WH-SE,132,130,2,942.5
8908,2026-01-12,P022,WH-SE,121,119,2,862.75
8909,2026-01-19,P022,WH-SE,154,152,2,1102.0
8910,2026-01-26,P022,WH-SE,134,134,0,971.5
8911,2026-02-02,P022,WH-SE,111,110,1,797.5
8912,2026-02-09,P022,WH-SE,114,112,2,812.0
8913,2026-02-16,P022,WH-SE,103,86,17,623.5
8914,2026-02-23,P022,WH-SE,111,110,1,797.5
8915,2026-03-02,P022,WH-SE,114,114,0,826.5
8916,2026-03-09,P022,WH-SE,112,111,1,804.75
8917,2026-03-16,P022,WH-SE,99,97,2,703.25
8918,2026-03-23,P022,WH-SE,114,113,1,819.25
8919,2026-03-30,P022,WH-SE,111,109,2,790.25
8920,2026-04-06,P022,WH-SE,99,98,1,710.5
8921,2026-04-13,P022,WH-SE,114,112,2,812.0
8922,2026-04-20,P022,WH-SE,105,91,14,659.75
8923,2026-04-27,P022,WH-SE,123,120,3,870.0
8924,2026-05-04,P022,WH-SE,102,101,1,732.25
8925,2026-05-11,P022,WH-SE,89,87,2,630.75
8926,2026-05-18,P022,WH-SE,98,97,1,703.25
8927,2026-05-25,P022,WH-SE,92,90,2,652.5
8928,2026-06-01,P022,WH-SE,102,102,0,739.5
8929,2026-06-08,P022,WH-SE,89,88,1,638.0
8930,2026-06-15,P022,WH-SE,99,99,0,717.75
8931,2026-06-22,P022,WH-SE,112,111,1,804.75
8932,2026-06-29,P022,WH-SE,107,106,1,768.5
8933,2026-07-06,P022,WH-SE,127,126,1,913.5
8934,2026-07-13,P022,WH-SE,108,106,2,768.5
8935,2026-07-20,P022,WH-SE,99,97,2,703.25
8936,2026-07-27,P022,WH-SE,125,124,1,899.0
8937,2026-08-03,P022,WH-SE,148,145,3,1051.25
8938,2026-08-10,P022,WH-SE,141,140,1,1015.0
8939,2026-08-17,P022,WH-SE,146,146,0,1058.5
8940,2026-08-24,P022,WH-SE,129,126,3,913.5
8941,2026-08-31,P022,WH-SE,140,137,3,993.25
8942,2026-09-07,P022,WH-SE,134,134,0,971.5
8943,2026-09-14,P022,WH-SE,144,142,2,1029.5
8944,2026-09-21,P022,WH-SE,173,170,3,1232.5
8945,2024-09-30,P022,WH-MW,131,129,2,935.25
8946,2024-10-07,P022,WH-MW,154,151,3,1094.75
8947,2024-10-14,P022,WH-MW,170,166,4,1203.5
8948,2024-10-21,P022,WH-MW,138,137,1,993.25
8949,2024-10-28,P022,WH-MW,143,141,2,1022.25
8950,2024-11-04,P022,WH-MW,126,124,2,899.0
8951,2024-11-11,P022,WH-MW,161,161,0,1167.25
8952,2024-11-18,P022,WH-MW,152,133,19,964.25
8953,2024-11-25,P022,WH-MW,154,153,1,1109.25
8954,2024-12-02,P022,WH-MW,146,133,13,964.25
8955,2024-12-09,P022,WH-MW,137,134,3,971.5
8956,2024-12-16,P022,WH-MW,117,116,1,841.0
8957,2024-12-23,P022,WH-MW,141,138,3,1000.5
8958,2024-12-30,P022,WH-MW,124,121,3,877.25
8959,2025-01-06,P022,WH-MW,135,133,2,964.25
8960,2025-01-13,P022,WH-MW,142,139,3,1007.75
8961,2025-01-20,P022,WH-MW,130,128,2,928.0
8962,2025-01-27,P022,WH-MW,112,109,3,790.25
8963,2025-02-03,P022,WH-MW,131,130,1,942.5
8964,2025-02-10,P022,WH-MW,113,111,2,804.75
8965,2025-02-17,P022,WH-MW,113,113,0,819.25
8966,2025-02-24,P022,WH-MW,109,108,1,783.0
8967,2025-03-03,P022,WH-MW,114,111,3,804.75
8968,2025-03-10,P022,WH-MW,108,107,1,775.75
8969,2025-03-17,P022,WH-MW,115,113,2,819.25
8970,2025-03-24,P022,WH-MW,122,120,2,870.0
8971,2025-03-31,P022,WH-MW,97,97,0,703.25
8972,2025-04-07,P022,WH-MW,109,108,1,783.0
8973,2025-04-14,P022,WH-MW,125,113,12,819.25
8974,2025-04-21,P022,WH-MW,115,113,2,819.25
8975,2025-04-28,P022,WH-MW,91,89,2,645.25
8976,2025-05-05,P022,WH-MW,98,97,1,703.25
8977,2025-05-12,P022,WH-MW,120,119,1,862.75
8978,2025-05-19,P022,WH-MW,99,99,0,717.75
8979,2025-05-26,P022,WH-MW,107,105,2,761.25
8980,2025-06-02,P022,WH-MW,124,124,0,899.0
8981,2025-06-09,P022,WH-MW,111,110,1,797.5
8982,2025-06-16,P022,WH-MW,94,93,1,674.25
8983,2025-06-23,P022,WH-MW,100,95,5,688.75
8984,2025-06-30,P022,WH-MW,127,124,3,899.0
8985,2025-07-07,P022,WH-MW,100,99,1,717.75
8986,2025-07-14,P022,WH-MW,134,131,3,949.75
8987,2025-07-21,P022,WH-MW,116,114,2,826.5
8988,2025-07-28,P022,WH-MW,134,131,3,949.75
8989,2025-08-04,P022,WH-MW,122,120,2,870.0
8990,2025-08-11,P022,WH-MW,133,130,3,942.5
8991,2025-08-18,P022,WH-MW,131,129,2,935.25
8992,2025-08-25,P022,WH-MW,144,143,1,1036.75
8993,2025-09-01,P022,WH-MW,145,143,2,1036.75
8994,2025-09-08,P022,WH-MW,143,142,1,1029.5
8995,2025-09-15,P022,WH-MW,132,129,3,935.25
8996,2025-09-22,P022,WH-MW,146,142,4,1029.5
8997,2025-09-29,P022,WH-MW,161,146,15,1058.5
8998,2025-10-06,P022,WH-MW,148,148,0,1073.0
8999,2025-10-13,P022,WH-MW,174,172,2,1247.0
9000,2025-10-20,P022,WH-MW,156,153,3,1109.25
9001,2025-10-27,P022,WH-MW,174,173,1,1254.25
9002,2025-11-03,P022,WH-MW,144,142,2,1029.5
9003,2025-11-10,P022,WH-MW,166,165,1,1196.25
9004,2025-11-17,P022,WH-MW,151,149,2,1080.25
9005,2025-11-24,P022,WH-MW,150,149,1,1080.25
9006,2025-12-01,P022,WH-MW,151,149,2,1080.25
9007,2025-12-08,P022,WH-MW,150,138,12,1000.5
9008,2025-12-15,P022,WH-MW,177,177,0,1283.25
9009,2025-12-22,P022,WH-MW,166,166,0,1203.5
9010,2025-12-29,P022,WH-MW,138,138,0,1000.5
9011,2026-01-05,P022,WH-MW,169,165,4,1196.25
9012,2026-01-12,P022,WH-MW,129,127,2,920.75
9013,2026-01-19,P022,WH-MW,135,132,3,957.0
9014,2026-01-26,P022,WH-MW,136,134,2,971.5
9015,2026-02-02,P022,WH-MW,145,143,2,1036.75
9016,2026-02-09,P022,WH-MW,122,122,0,884.5
9017,2026-02-16,P022,WH-MW,139,137,2,993.25
9018,2026-02-23,P022,WH-MW,140,139,1,1007.75
9019,2026-03-02,P022,WH-MW,99,98,1,710.5
9020,2026-03-09,P022,WH-MW,145,144,1,1044.0
9021,2026-03-16,P022,WH-MW,146,145,1,1051.25
9022,2026-03-23,P022,WH-MW,117,114,3,826.5
9023,2026-03-30,P022,WH-MW,125,125,0,906.25
9024,2026-04-06,P022,WH-MW,108,106,2,768.5
9025,2026-04-13,P022,WH-MW,121,119,2,862.75
9026,2026-04-20,P022,WH-MW,126,124,2,899.0
9027,2026-04-27,P022,WH-MW,142,140,2,1015.0
9028,2026-05-04,P022,WH-MW,107,106,1,768.5
9029,2026-05-11,P022,WH-MW,101,99,2,717.75
9030,2026-05-18,P022,WH-MW,124,124,0,899.0
9031,2026-05-25,P022,WH-MW,124,124,0,899.0
9032,2026-06-01,P022,WH-MW,118,118,0,855.5
9033,2026-06-08,P022,WH-MW,107,105,2,761.25
9034,2026-06-15,P022,WH-MW,112,111,1,804.75
9035,2026-06-22,P022,WH-MW,88,87,1,630.75
9036,2026-06-29,P022,WH-MW,94,93,1,674.25
9037,2026-07-06,P022,WH-MW,113,112,1,812.0
9038,2026-07-13,P022,WH-MW,118,116,2,841.0
9039,2026-07-20,P022,WH-MW,122,120,2,870.0
9040,2026-07-27,P022,WH-MW,131,130,1,942.5
9041,2026-08-03,P022,WH-MW,117,117,0,848.25
9042,2026-08-10,P022,WH-MW,128,126,2,913.5
9043,2026-08-17,P022,WH-MW,152,151,1,1094.75
9044,2026-08-24,P022,WH-MW,147,145,2,1051.25
9045,2026-08-31,P022,WH-MW,144,144,0,1044.0
9046,2026-09-07,P022,WH-MW,147,146,1,1058.5
9047,2026-09-14,P022,WH-MW,152,149,3,1080.25
9048,2026-09-21,P022,WH-MW,157,157,0,1138.25
9049,2024-09-30,P022,WH-W,111,110,1,797.5
9050,2024-10-07,P022,WH-W,114,111,3,804.75
9051,2024-10-14,P022,WH-W,149,147,2,1065.75
9052,2024-10-21,P022,WH-W,155,153,2,1109.25
9053,2024-10-28,P022,WH-W,111,111,0,804.75
9054,2024-11-04,P022,WH-W,129,109,20,790.25
9055,2024-11-11,P022,WH-W,121,120,1,870.0
9056,2024-11-18,P022,WH-W,152,152,0,1102.0
9057,2024-11-25,P022,WH-W,116,114,2,826.5
9058,2024-12-02,P022,WH-W,137,135,2,978.75
9059,2024-12-09,P022,WH-W,138,137,1,993.25
9060,2024-12-16,P022,WH-W,143,140,3,1015.0
9061,2024-12-23,P022,WH-W,137,136,1,986.0
9062,2024-12-30,P022,WH-W,122,121,1,877.25
9063,2025-01-06,P022,WH-W,114,114,0,826.5
9064,2025-01-13,P022,WH-W,118,117,1,848.25
9065,2025-01-20,P022,WH-W,117,115,2,833.75
9066,2025-01-27,P022,WH-W,105,105,0,761.25
9067,2025-02-03,P022,WH-W,107,104,3,754.0
9068,2025-02-10,P022,WH-W,100,99,1,717.75
9069,2025-02-17,P022,WH-W,102,100,2,725.0
9070,2025-02-24,P022,WH-W,118,115,3,833.75
9071,2025-03-03,P022,WH-W,91,90,1,652.5
9072,2025-03-10,P022,WH-W,106,105,1,761.25
9073,2025-03-17,P022,WH-W,102,96,6,696.0
9074,2025-03-24,P022,WH-W,97,96,1,696.0
9075,2025-03-31,P022,WH-W,91,90,1,652.5
9076,2025-04-07,P022,WH-W,85,84,1,609.0
9077,2025-04-14,P022,WH-W,93,92,1,667.0
9078,2025-04-21,P022,WH-W,87,86,1,623.5
9079,2025-04-28,P022,WH-W,106,105,1,761.25
9080,2025-05-05,P022,WH-W,104,102,2,739.5
9081,2025-05-12,P022,WH-W,99,98,1,710.5
9082,2025-05-19,P022,WH-W,92,90,2,652.5
9083,2025-05-26,P022,WH-W,100,98,2,710.5
9084,2025-06-02,P022,WH-W,115,114,1,826.5
9085,2025-06-09,P022,WH-W,95,94,1,681.5
9086,2025-06-16,P022,WH-W,84,83,1,601.75
9087,2025-06-23,P022,WH-W,106,106,0,768.5
9088,2025-06-30,P022,WH-W,100,99,1,717.75
9089,2025-07-07,P022,WH-W,109,108,1,783.0
9090,2025-07-14,P022,WH-W,101,101,0,732.25
9091,2025-07-21,P022,WH-W,100,99,1,717.75
9092,2025-07-28,P022,WH-W,108,108,0,783.0
9093,2025-08-04,P022,WH-W,106,105,1,761.25
9094,2025-08-11,P022,WH-W,123,120,3,870.0
9095,2025-08-18,P022,WH-W,102,100,2,725.0
9096,2025-08-25,P022,WH-W,122,120,2,870.0
9097,2025-09-01,P022,WH-W,120,119,1,862.75
9098,2025-09-08,P022,WH-W,134,131,3,949.75
9099,2025-09-15,P022,WH-W,132,130,2,942.5
9100,2025-09-22,P022,WH-W,118,116,2,841.0
9101,2025-09-29,P022,WH-W,120,117,3,848.25
9102,2025-10-06,P022,WH-W,141,138,3,1000.5
9103,2025-10-13,P022,WH-W,118,117,1,848.25
9104,2025-10-20,P022,WH-W,110,110,0,797.5
9105,2025-10-27,P022,WH-W,145,143,2,1036.75
9106,2025-11-03,P022,WH-W,145,144,1,1044.0
9107,2025-11-10,P022,WH-W,146,145,1,1051.25
9108,2025-11-17,P022,WH-W,125,123,2,891.75
9109,2025-11-24,P022,WH-W,137,135,2,978.75
9110,2025-12-01,P022,WH-W,135,134,1,971.5
9111,2025-12-08,P022,WH-W,141,139,2,1007.75
9112,2025-12-15,P022,WH-W,140,139,1,1007.75
9113,2025-12-22,P022,WH-W,149,149,0,1080.25
9114,2025-12-29,P022,WH-W,139,139,0,1007.75
9115,2026-01-05,P022,WH-W,122,121,1,877.25
9116,2026-01-12,P022,WH-W,143,142,1,1029.5
9117,2026-01-19,P022,WH-W,141,138,3,1000.5
9118,2026-01-26,P022,WH-W,120,120,0,870.0
9119,2026-02-02,P022,WH-W,123,120,3,870.0
9120,2026-02-09,P022,WH-W,114,112,2,812.0
9121,2026-02-16,P022,WH-W,118,117,1,848.25
9122,2026-02-23,P022,WH-W,92,91,1,659.75
9123,2026-03-02,P022,WH-W,109,107,2,775.75
9124,2026-03-09,P022,WH-W,117,117,0,848.25
9125,2026-03-16,P022,WH-W,108,108,0,783.0
9126,2026-03-23,P022,WH-W,114,112,2,812.0
9127,2026-03-30,P022,WH-W,88,87,1,630.75
9128,2026-04-06,P022,WH-W,98,97,1,703.25
9129,2026-04-13,P022,WH-W,119,119,0,862.75
9130,2026-04-20,P022,WH-W,122,122,0,884.5
9131,2026-04-27,P022,WH-W,111,111,0,804.75
9132,2026-05-04,P022,WH-W,77,70,7,507.5
9133,2026-05-11,P022,WH-W,97,95,2,688.75
9134,2026-05-18,P022,WH-W,117,116,1,841.0
9135,2026-05-25,P022,WH-W,89,89,0,645.25
9136,2026-06-01,P022,WH-W,96,96,0,696.0
9137,2026-06-08,P022,WH-W,90,90,0,652.5
9138,2026-06-15,P022,WH-W,108,106,2,768.5
9139,2026-06-22,P022,WH-W,103,101,2,732.25
9140,2026-06-29,P022,WH-W,144,142,2,1029.5
9141,2026-07-06,P022,WH-W,120,118,2,855.5
9142,2026-07-13,P022,WH-W,101,100,1,725.0
9143,2026-07-20,P022,WH-W,109,108,1,783.0
9144,2026-07-27,P022,WH-W,121,121,0,877.25
9145,2026-08-03,P022,WH-W,105,103,2,746.75
9146,2026-08-10,P022,WH-W,131,130,1,942.5
9147,2026-08-17,P022,WH-W,141,138,3,1000.5
9148,2026-08-24,P022,WH-W,103,88,15,638.0
9149,2026-08-31,P022,WH-W,127,109,18,790.25
9150,2026-09-07,P022,WH-W,129,129,0,935.25
9151,2026-09-14,P022,WH-W,143,140,3,1015.0
9152,2026-09-21,P022,WH-W,158,157,1,1138.25
9153,2024-09-30,P023,WH-NE,81,80,1,1120.0
9154,2024-10-07,P023,WH-NE,88,87,1,1218.0
9155,2024-10-14,P023,WH-NE,74,72,2,1008.0
9156,2024-10-21,P023,WH-NE,94,94,0,1316.0
9157,2024-10-28,P023,WH-NE,80,79,1,1106.0
9158,2024-11-04,P023,WH-NE,89,88,1,1232.0
9159,2024-11-11,P023,WH-NE,75,74,1,1036.0
9160,2024-11-18,P023,WH-NE,83,82,1,1148.0
9161,2024-11-25,P023,WH-NE,94,93,1,1302.0
9162,2024-12-02,P023,WH-NE,86,85,1,1190.0
9163,2024-12-09,P023,WH-NE,97,87,10,1218.0
9164,2024-12-16,P023,WH-NE,87,86,1,1204.0
9165,2024-12-23,P023,WH-NE,89,89,0,1246.0
9166,2024-12-30,P023,WH-NE,77,75,2,1050.0
9167,2025-01-06,P023,WH-NE,89,87,2,1218.0
9168,2025-01-13,P023,WH-NE,77,76,1,1064.0
9169,2025-01-20,P023,WH-NE,84,83,1,1162.0
9170,2025-01-27,P023,WH-NE,88,87,1,1218.0
9171,2025-02-03,P023,WH-NE,77,77,0,1078.0
9172,2025-02-10,P023,WH-NE,89,89,0,1246.0
9173,2025-02-17,P023,WH-NE,81,80,1,1120.0
9174,2025-02-24,P023,WH-NE,60,60,0,840.0
9175,2025-03-03,P023,WH-NE,78,77,1,1078.0
9176,2025-03-10,P023,WH-NE,84,83,1,1162.0
9177,2025-03-17,P023,WH-NE,85,83,2,1162.0
9178,2025-03-24,P023,WH-NE,82,80,2,1120.0
9179,2025-03-31,P023,WH-NE,77,76,1,1064.0
9180,2025-04-07,P023,WH-NE,83,83,0,1162.0
9181,2025-04-14,P023,WH-NE,83,81,2,1134.0
9182,2025-04-21,P023,WH-NE,86,85,1,1190.0
9183,2025-04-28,P023,WH-NE,84,83,1,1162.0
9184,2025-05-05,P023,WH-NE,76,75,1,1050.0
9185,2025-05-12,P023,WH-NE,78,76,2,1064.0
9186,2025-05-19,P023,WH-NE,72,71,1,994.0
9187,2025-05-26,P023,WH-NE,82,80,2,1120.0
9188,2025-06-02,P023,WH-NE,81,80,1,1120.0
9189,2025-06-09,P023,WH-NE,75,74,1,1036.0
9190,2025-06-16,P023,WH-NE,89,87,2,1218.0
9191,2025-06-23,P023,WH-NE,68,68,0,952.0
9192,2025-06-30,P023,WH-NE,80,80,0,1120.0
9193,2025-07-07,P023,WH-NE,71,71,0,994.0
9194,2025-07-14,P023,WH-NE,73,72,1,1008.0
9195,2025-07-21,P023,WH-NE,73,73,0,1022.0
9196,2025-07-28,P023,WH-NE,86,85,1,1190.0
9197,2025-08-04,P023,WH-NE,76,69,7,966.0
9198,2025-08-11,P023,WH-NE,83,83,0,1162.0
9199,2025-08-18,P023,WH-NE,76,75,1,1050.0
9200,2025-08-25,P023,WH-NE,90,88,2,1232.0
9201,2025-09-01,P023,WH-NE,105,104,1,1456.0
9202,2025-09-08,P023,WH-NE,91,89,2,1246.0
9203,2025-09-15,P023,WH-NE,88,86,2,1204.0
9204,2025-09-22,P023,WH-NE,82,81,1,1134.0
9205,2025-09-29,P023,WH-NE,96,94,2,1316.0
9206,2025-10-06,P023,WH-NE,71,67,4,938.0
9207,2025-10-13,P023,WH-NE,82,81,1,1134.0
9208,2025-10-20,P023,WH-NE,92,90,2,1260.0
9209,2025-10-27,P023,WH-NE,100,98,2,1372.0
9210,2025-11-03,P023,WH-NE,91,89,2,1246.0
9211,2025-11-10,P023,WH-NE,76,75,1,1050.0
9212,2025-11-17,P023,WH-NE,95,93,2,1302.0
9213,2025-11-24,P023,WH-NE,83,81,2,1134.0
9214,2025-12-01,P023,WH-NE,93,91,2,1274.0
9215,2025-12-08,P023,WH-NE,98,98,0,1372.0
9216,2025-12-15,P023,WH-NE,96,95,1,1330.0
9217,2025-12-22,P023,WH-NE,85,84,1,1176.0
9218,2025-12-29,P023,WH-NE,87,86,1,1204.0
9219,2026-01-05,P023,WH-NE,89,88,1,1232.0
9220,2026-01-12,P023,WH-NE,77,76,1,1064.0
9221,2026-01-19,P023,WH-NE,87,86,1,1204.0
9222,2026-01-26,P023,WH-NE,89,85,4,1190.0
9223,2026-02-02,P023,WH-NE,82,80,2,1120.0
9224,2026-02-09,P023,WH-NE,85,83,2,1162.0
9225,2026-02-16,P023,WH-NE,97,96,1,1344.0
9226,2026-02-23,P023,WH-NE,89,89,0,1246.0
9227,2026-03-02,P023,WH-NE,83,82,1,1148.0
9228,2026-03-09,P023,WH-NE,83,82,1,1148.0
9229,2026-03-16,P023,WH-NE,77,77,0,1078.0
9230,2026-03-23,P023,WH-NE,94,92,2,1288.0
9231,2026-03-30,P023,WH-NE,82,82,0,1148.0
9232,2026-04-06,P023,WH-NE,82,70,12,980.0
9233,2026-04-13,P023,WH-NE,71,70,1,980.0
9234,2026-04-20,P023,WH-NE,99,99,0,1386.0
9235,2026-04-27,P023,WH-NE,86,85,1,1190.0
9236,2026-05-04,P023,WH-NE,77,75,2,1050.0
9237,2026-05-11,P023,WH-NE,69,69,0,966.0
9238,2026-05-18,P023,WH-NE,85,85,0,1190.0
9239,2026-05-25,P023,WH-NE,78,77,1,1078.0
9240,2026-06-01,P023,WH-NE,82,80,2,1120.0
9241,2026-06-08,P023,WH-NE,80,79,1,1106.0
9242,2026-06-15,P023,WH-NE,77,76,1,1064.0
9243,2026-06-22,P023,WH-NE,84,82,2,1148.0
9244,2026-06-29,P023,WH-NE,77,75,2,1050.0
9245,2026-07-06,P023,WH-NE,89,87,2,1218.0
9246,2026-07-13,P023,WH-NE,87,87,0,1218.0
9247,2026-07-20,P023,WH-NE,92,91,1,1274.0
9248,2026-07-27,P023,WH-NE,77,76,1,1064.0
9249,2026-08-03,P023,WH-NE,78,77,1,1078.0
9250,2026-08-10,P023,WH-NE,85,83,2,1162.0
9251,2026-08-17,P023,WH-NE,79,77,2,1078.0
9252,2026-08-24,P023,WH-NE,89,88,1,1232.0
9253,2026-08-31,P023,WH-NE,98,96,2,1344.0
9254,2026-09-07,P023,WH-NE,105,103,2,1442.0
9255,2026-09-14,P023,WH-NE,96,94,2,1316.0
9256,2026-09-21,P023,WH-NE,90,89,1,1246.0
9257,2024-09-30,P023,WH-SE,77,77,0,1078.0
9258,2024-10-07,P023,WH-SE,76,76,0,1064.0
9259,2024-10-14,P023,WH-SE,80,78,2,1092.0
9260,2024-10-21,P023,WH-SE,65,64,1,896.0
9261,2024-10-28,P023,WH-SE,80,79,1,1106.0
9262,2024-11-04,P023,WH-SE,77,76,1,1064.0
9263,2024-11-11,P023,WH-SE,85,84,1,1176.0
9264,2024-11-18,P023,WH-SE,64,64,0,896.0
9265,2024-11-25,P023,WH-SE,98,98,0,1372.0
9266,2024-12-02,P023,WH-SE,77,76,1,1064.0
9267,2024-12-09,P023,WH-SE,77,75,2,1050.0
9268,2024-12-16,P023,WH-SE,76,76,0,1064.0
9269,2024-12-23,P023,WH-SE,70,69,1,966.0
9270,2024-12-30,P023,WH-SE,74,72,2,1008.0
9271,2025-01-06,P023,WH-SE,71,69,2,966.0
9272,2025-01-13,P023,WH-SE,70,69,1,966.0
9273,2025-01-20,P023,WH-SE,72,71,1,994.0
9274,2025-01-27,P023,WH-SE,65,65,0,910.0
9275,2025-02-03,P023,WH-SE,67,67,0,938.0
9276,2025-02-10,P023,WH-SE,70,69,1,966.0
9277,2025-02-17,P023,WH-SE,75,74,1,1036.0
9278,2025-02-24,P023,WH-SE,65,64,1,896.0
9279,2025-03-03,P023,WH-SE,83,82,1,1148.0
9280,2025-03-10,P023,WH-SE,74,73,1,1022.0
9281,2025-03-17,P023,WH-SE,80,79,1,1106.0
9282,2025-03-24,P023,WH-SE,68,63,5,882.0
9283,2025-03-31,P023,WH-SE,70,70,0,980.0
9284,2025-04-07,P023,WH-SE,69,68,1,952.0
9285,2025-04-14,P023,WH-SE,62,61,1,854.0
9286,2025-04-21,P023,WH-SE,67,67,0,938.0
9287,2025-04-28,P023,WH-SE,62,61,1,854.0
9288,2025-05-05,P023,WH-SE,66,66,0,924.0
9289,2025-05-12,P023,WH-SE,66,66,0,924.0
9290,2025-05-19,P023,WH-SE,57,56,1,784.0
9291,2025-05-26,P023,WH-SE,79,77,2,1078.0
9292,2025-06-02,P023,WH-SE,70,70,0,980.0
9293,2025-06-09,P023,WH-SE,70,70,0,980.0
9294,2025-06-16,P023,WH-SE,68,60,8,840.0
9295,2025-06-23,P023,WH-SE,59,58,1,812.0
9296,2025-06-30,P023,WH-SE,67,66,1,924.0
9297,2025-07-07,P023,WH-SE,65,64,1,896.0
9298,2025-07-14,P023,WH-SE,71,69,2,966.0
9299,2025-07-21,P023,WH-SE,69,68,1,952.0
9300,2025-07-28,P023,WH-SE,64,63,1,882.0
9301,2025-08-04,P023,WH-SE,75,75,0,1050.0
9302,2025-08-11,P023,WH-SE,67,67,0,938.0
9303,2025-08-18,P023,WH-SE,60,59,1,826.0
9304,2025-08-25,P023,WH-SE,69,68,1,952.0
9305,2025-09-01,P023,WH-SE,69,68,1,952.0
9306,2025-09-08,P023,WH-SE,71,71,0,994.0
9307,2025-09-15,P023,WH-SE,73,73,0,1022.0
9308,2025-09-22,P023,WH-SE,72,72,0,1008.0
9309,2025-09-29,P023,WH-SE,73,71,2,994.0
9310,2025-10-06,P023,WH-SE,77,75,2,1050.0
9311,2025-10-13,P023,WH-SE,72,72,0,1008.0
9312,2025-10-20,P023,WH-SE,80,78,2,1092.0
9313,2025-10-27,P023,WH-SE,86,86,0,1204.0
9314,2025-11-03,P023,WH-SE,80,79,1,1106.0
9315,2025-11-10,P023,WH-SE,88,87,1,1218.0
9316,2025-11-17,P023,WH-SE,86,86,0,1204.0
9317,2025-11-24,P023,WH-SE,90,88,2,1232.0
9318,2025-12-01,P023,WH-SE,59,58,1,812.0
9319,2025-12-08,P023,WH-SE,85,84,1,1176.0
9320,2025-12-15,P023,WH-SE,78,76,2,1064.0
9321,2025-12-22,P023,WH-SE,83,82,1,1148.0
9322,2025-12-29,P023,WH-SE,70,69,1,966.0
9323,2026-01-05,P023,WH-SE,73,72,1,1008.0
9324,2026-01-12,P023,WH-SE,88,87,1,1218.0
9325,2026-01-19,P023,WH-SE,83,82,1,1148.0
9326,2026-01-26,P023,WH-SE,80,78,2,1092.0
9327,2026-02-02,P023,WH-SE,81,80,1,1120.0
9328,2026-02-09,P023,WH-SE,76,76,0,1064.0
9329,2026-02-16,P023,WH-SE,80,79,1,1106.0
9330,2026-02-23,P023,WH-SE,71,70,1,980.0
9331,2026-03-02,P023,WH-SE,70,65,5,910.0
9332,2026-03-09,P023,WH-SE,74,74,0,1036.0
9333,2026-03-16,P023,WH-SE,75,74,1,1036.0
9334,2026-03-23,P023,WH-SE,80,80,0,1120.0
9335,2026-03-30,P023,WH-SE,71,70,1,980.0
9336,2026-04-06,P023,WH-SE,71,69,2,966.0
9337,2026-04-13,P023,WH-SE,68,68,0,952.0
9338,2026-04-20,P023,WH-SE,84,82,2,1148.0
9339,2026-04-27,P023,WH-SE,91,89,2,1246.0
9340,2026-05-04,P023,WH-SE,64,63,1,882.0
9341,2026-05-11,P023,WH-SE,67,67,0,938.0
9342,2026-05-18,P023,WH-SE,67,65,2,910.0
9343,2026-05-25,P023,WH-SE,70,70,0,980.0
9344,2026-06-01,P023,WH-SE,64,63,1,882.0
9345,2026-06-08,P023,WH-SE,71,70,1,980.0
9346,2026-06-15,P023,WH-SE,78,77,1,1078.0
9347,2026-06-22,P023,WH-SE,72,72,0,1008.0
9348,2026-06-29,P023,WH-SE,73,72,1,1008.0
9349,2026-07-06,P023,WH-SE,64,63,1,882.0
9350,2026-07-13,P023,WH-SE,58,57,1,798.0
9351,2026-07-20,P023,WH-SE,83,82,1,1148.0
9352,2026-07-27,P023,WH-SE,71,69,2,966.0
9353,2026-08-03,P023,WH-SE,68,67,1,938.0
9354,2026-08-10,P023,WH-SE,78,77,1,1078.0
9355,2026-08-17,P023,WH-SE,89,88,1,1232.0
9356,2026-08-24,P023,WH-SE,67,66,1,924.0
9357,2026-08-31,P023,WH-SE,73,72,1,1008.0
9358,2026-09-07,P023,WH-SE,81,81,0,1134.0
9359,2026-09-14,P023,WH-SE,77,77,0,1078.0
9360,2026-09-21,P023,WH-SE,67,67,0,938.0
9361,2024-09-30,P023,WH-MW,62,61,1,854.0
9362,2024-10-07,P023,WH-MW,77,75,2,1050.0
9363,2024-10-14,P023,WH-MW,82,82,0,1148.0
9364,2024-10-21,P023,WH-MW,61,60,1,840.0
9365,2024-10-28,P023,WH-MW,82,81,1,1134.0
9366,2024-11-04,P023,WH-MW,78,76,2,1064.0
9367,2024-11-11,P023,WH-MW,68,67,1,938.0
9368,2024-11-18,P023,WH-MW,67,66,1,924.0
9369,2024-11-25,P023,WH-MW,89,89,0,1246.0
9370,2024-12-02,P023,WH-MW,74,73,1,1022.0
9371,2024-12-09,P023,WH-MW,81,79,2,1106.0
9372,2024-12-16,P023,WH-MW,96,83,13,1162.0
9373,2024-12-23,P023,WH-MW,84,83,1,1162.0
9374,2024-12-30,P023,WH-MW,75,74,1,1036.0
9375,2025-01-06,P023,WH-MW,76,76,0,1064.0
9376,2025-01-13,P023,WH-MW,72,71,1,994.0
9377,2025-01-20,P023,WH-MW,85,83,2,1162.0
9378,2025-01-27,P023,WH-MW,75,74,1,1036.0
9379,2025-02-03,P023,WH-MW,76,75,1,1050.0
9380,2025-02-10,P023,WH-MW,67,66,1,924.0
9381,2025-02-17,P023,WH-MW,62,61,1,854.0
9382,2025-02-24,P023,WH-MW,60,59,1,826.0
9383,2025-03-03,P023,WH-MW,76,75,1,1050.0
9384,2025-03-10,P023,WH-MW,71,70,1,980.0
9385,2025-03-17,P023,WH-MW,72,71,1,994.0
9386,2025-03-24,P023,WH-MW,76,76,0,1064.0
9387,2025-03-31,P023,WH-MW,67,65,2,910.0
9388,2025-04-07,P023,WH-MW,65,64,1,896.0
9389,2025-04-14,P023,WH-MW,61,60,1,840.0
9390,2025-04-21,P023,WH-MW,74,74,0,1036.0
9391,2025-04-28,P023,WH-MW,59,58,1,812.0
9392,2025-05-05,P023,WH-MW,75,73,2,1022.0
9393,2025-05-12,P023,WH-MW,74,73,1,1022.0
9394,2025-05-19,P023,WH-MW,67,66,1,924.0
9395,2025-05-26,P023,WH-MW,64,64,0,896.0
9396,2025-06-02,P023,WH-MW,82,81,1,1134.0
9397,2025-06-09,P023,WH-MW,68,67,1,938.0
9398,2025-06-16,P023,WH-MW,67,66,1,924.0
9399,2025-06-23,P023,WH-MW,70,70,0,980.0
9400,2025-06-30,P023,WH-MW,68,68,0,952.0
9401,2025-07-07,P023,WH-MW,72,71,1,994.0
9402,2025-07-14,P023,WH-MW,75,74,1,1036.0
9403,2025-07-21,P023,WH-MW,83,83,0,1162.0
9404,2025-07-28,P023,WH-MW,66,65,1,910.0
9405,2025-08-04,P023,WH-MW,64,63,1,882.0
9406,2025-08-11,P023,WH-MW,61,60,1,840.0
9407,2025-08-18,P023,WH-MW,72,71,1,994.0
9408,2025-08-25,P023,WH-MW,77,76,1,1064.0
9409,2025-09-01,P023,WH-MW,77,76,1,1064.0
9410,2025-09-08,P023,WH-MW,72,70,2,980.0
9411,2025-09-15,P023,WH-MW,81,81,0,1134.0
9412,2025-09-22,P023,WH-MW,76,71,5,994.0
9413,2025-09-29,P023,WH-MW,69,61,8,854.0
9414,2025-10-06,P023,WH-MW,78,77,1,1078.0
9415,2025-10-13,P023,WH-MW,84,83,1,1162.0
9416,2025-10-20,P023,WH-MW,71,70,1,980.0
9417,2025-10-27,P023,WH-MW,93,92,1,1288.0
9418,2025-11-03,P023,WH-MW,73,72,1,1008.0
9419,2025-11-10,P023,WH-MW,88,87,1,1218.0
9420,2025-11-17,P023,WH-MW,83,82,1,1148.0
9421,2025-11-24,P023,WH-MW,79,78,1,1092.0
9422,2025-12-01,P023,WH-MW,84,83,1,1162.0
9423,2025-12-08,P023,WH-MW,81,80,1,1120.0
9424,2025-12-15,P023,WH-MW,82,81,1,1134.0
9425,2025-12-22,P023,WH-MW,81,80,1,1120.0
9426,2025-12-29,P023,WH-MW,89,88,1,1232.0
9427,2026-01-05,P023,WH-MW,92,92,0,1288.0
9428,2026-01-12,P023,WH-MW,93,91,2,1274.0
9429,2026-01-19,P023,WH-MW,65,65,0,910.0
9430,2026-01-26,P023,WH-MW,83,81,2,1134.0
9431,2026-02-02,P023,WH-MW,75,74,1,1036.0
9432,2026-02-09,P023,WH-MW,73,72,1,1008.0
9433,2026-02-16,P023,WH-MW,70,69,1,966.0
9434,2026-02-23,P023,WH-MW,87,87,0,1218.0
9435,2026-03-02,P023,WH-MW,73,71,2,994.0
9436,2026-03-09,P023,WH-MW,81,79,2,1106.0
9437,2026-03-16,P023,WH-MW,79,77,2,1078.0
9438,2026-03-23,P023,WH-MW,71,70,1,980.0
9439,2026-03-30,P023,WH-MW,69,69,0,966.0
9440,2026-04-06,P023,WH-MW,67,65,2,910.0
9441,2026-04-13,P023,WH-MW,73,69,4,966.0
9442,2026-04-20,P023,WH-MW,79,79,0,1106.0
9443,2026-04-27,P023,WH-MW,83,82,1,1148.0
9444,2026-05-04,P023,WH-MW,67,66,1,924.0
9445,2026-05-11,P023,WH-MW,62,61,1,854.0
9446,2026-05-18,P023,WH-MW,66,65,1,910.0
9447,2026-05-25,P023,WH-MW,63,62,1,868.0
9448,2026-06-01,P023,WH-MW,68,66,2,924.0
9449,2026-06-08,P023,WH-MW,62,62,0,868.0
9450,2026-06-15,P023,WH-MW,87,85,2,1190.0
9451,2026-06-22,P023,WH-MW,68,67,1,938.0
9452,2026-06-29,P023,WH-MW,69,68,1,952.0
9453,2026-07-06,P023,WH-MW,68,66,2,924.0
9454,2026-07-13,P023,WH-MW,58,57,1,798.0
9455,2026-07-20,P023,WH-MW,66,65,1,910.0
9456,2026-07-27,P023,WH-MW,70,69,1,966.0
9457,2026-08-03,P023,WH-MW,77,77,0,1078.0
9458,2026-08-10,P023,WH-MW,72,71,1,994.0
9459,2026-08-17,P023,WH-MW,77,75,2,1050.0
9460,2026-08-24,P023,WH-MW,92,92,0,1288.0
9461,2026-08-31,P023,WH-MW,83,82,1,1148.0
9462,2026-09-07,P023,WH-MW,64,63,1,882.0
9463,2026-09-14,P023,WH-MW,67,67,0,938.0
9464,2026-09-21,P023,WH-MW,76,74,2,1036.0
9465,2024-09-30,P023,WH-W,63,62,1,868.0
9466,2024-10-07,P023,WH-W,56,55,1,770.0
9467,2024-10-14,P023,WH-W,65,64,1,896.0
9468,2024-10-21,P023,WH-W,66,65,1,910.0
9469,2024-10-28,P023,WH-W,71,60,11,840.0
9470,2024-11-04,P023,WH-W,80,78,2,1092.0
9471,2024-11-11,P023,WH-W,70,70,0,980.0
9472,2024-11-18,P023,WH-W,61,61,0,854.0
9473,2024-11-25,P023,WH-W,67,67,0,938.0
9474,2024-12-02,P023,WH-W,69,67,2,938.0
9475,2024-12-09,P023,WH-W,60,59,1,826.0
9476,2024-12-16,P023,WH-W,60,60,0,840.0
9477,2024-12-23,P023,WH-W,65,63,2,882.0
9478,2024-12-30,P023,WH-W,65,64,1,896.0
9479,2025-01-06,P023,WH-W,81,81,0,1134.0
9480,2025-01-13,P023,WH-W,71,70,1,980.0
9481,2025-01-20,P023,WH-W,63,61,2,854.0
9482,2025-01-27,P023,WH-W,65,64,1,896.0
9483,2025-02-03,P023,WH-W,68,67,1,938.0
9484,2025-02-10,P023,WH-W,55,49,6,686.0
9485,2025-02-17,P023,WH-W,64,60,4,840.0
9486,2025-02-24,P023,WH-W,68,68,0,952.0
9487,2025-03-03,P023,WH-W,54,53,1,742.0
9488,2025-03-10,P023,WH-W,58,58,0,812.0
9489,2025-03-17,P023,WH-W,69,67,2,938.0
9490,2025-03-24,P023,WH-W,60,57,3,798.0
9491,2025-03-31,P023,WH-W,64,63,1,882.0
9492,2025-04-07,P023,WH-W,60,59,1,826.0
9493,2025-04-14,P023,WH-W,55,54,1,756.0
9494,2025-04-21,P023,WH-W,56,56,0,784.0
9495,2025-04-28,P023,WH-W,53,53,0,742.0
9496,2025-05-05,P023,WH-W,60,59,1,826.0
9497,2025-05-12,P023,WH-W,69,68,1,952.0
9498,2025-05-19,P023,WH-W,62,62,0,868.0
9499,2025-05-26,P023,WH-W,68,68,0,952.0
9500,2025-06-02,P023,WH-W,70,68,2,952.0
9501,2025-06-09,P023,WH-W,59,59,0,826.0
9502,2025-06-16,P023,WH-W,58,50,8,700.0
9503,2025-06-23,P023,WH-W,50,49,1,686.0
9504,2025-06-30,P023,WH-W,53,52,1,728.0
9505,2025-07-07,P023,WH-W,61,59,2,826.0
9506,2025-07-14,P023,WH-W,65,64,1,896.0
9507,2025-07-21,P023,WH-W,64,64,0,896.0
9508,2025-07-28,P023,WH-W,55,54,1,756.0
9509,2025-08-04,P023,WH-W,64,64,0,896.0
9510,2025-08-11,P023,WH-W,72,71,1,994.0
9511,2025-08-18,P023,WH-W,57,53,4,742.0
9512,2025-08-25,P023,WH-W,65,64,1,896.0
9513,2025-09-01,P023,WH-W,66,65,1,910.0
9514,2025-09-08,P023,WH-W,59,58,1,812.0
9515,2025-09-15,P023,WH-W,56,55,1,770.0
9516,2025-09-22,P023,WH-W,61,60,1,840.0
9517,2025-09-29,P023,WH-W,73,72,1,1008.0
9518,2025-10-06,P023,WH-W,70,69,1,966.0
9519,2025-10-13,P023,WH-W,73,72,1,1008.0
9520,2025-10-20,P023,WH-W,74,72,2,1008.0
9521,2025-10-27,P023,WH-W,67,67,0,938.0
9522,2025-11-03,P023,WH-W,65,64,1,896.0
9523,2025-11-10,P023,WH-W,74,73,1,1022.0
9524,2025-11-17,P023,WH-W,68,66,2,924.0
9525,2025-11-24,P023,WH-W,76,66,10,924.0
9526,2025-12-01,P023,WH-W,73,71,2,994.0
9527,2025-12-08,P023,WH-W,70,70,0,980.0
9528,2025-12-15,P023,WH-W,71,62,9,868.0
9529,2025-12-22,P023,WH-W,78,77,1,1078.0
9530,2025-12-29,P023,WH-W,77,76,1,1064.0
9531,2026-01-05,P023,WH-W,79,77,2,1078.0
9532,2026-01-12,P023,WH-W,72,71,1,994.0
9533,2026-01-19,P023,WH-W,75,73,2,1022.0
9534,2026-01-26,P023,WH-W,66,65,1,910.0
9535,2026-02-02,P023,WH-W,72,60,12,840.0
9536,2026-02-09,P023,WH-W,70,69,1,966.0
9537,2026-02-16,P023,WH-W,61,61,0,854.0
9538,2026-02-23,P023,WH-W,70,69,1,966.0
9539,2026-03-02,P023,WH-W,62,61,1,854.0
9540,2026-03-09,P023,WH-W,67,66,1,924.0
9541,2026-03-16,P023,WH-W,65,64,1,896.0
9542,2026-03-23,P023,WH-W,65,65,0,910.0
9543,2026-03-30,P023,WH-W,58,57,1,798.0
9544,2026-04-06,P023,WH-W,62,61,1,854.0
9545,2026-04-13,P023,WH-W,57,56,1,784.0
9546,2026-04-20,P023,WH-W,74,73,1,1022.0
9547,2026-04-27,P023,WH-W,56,49,7,686.0
9548,2026-05-04,P023,WH-W,57,57,0,798.0
9549,2026-05-11,P023,WH-W,62,61,1,854.0
9550,2026-05-18,P023,WH-W,63,62,1,868.0
9551,2026-05-25,P023,WH-W,64,63,1,882.0
9552,2026-06-01,P023,WH-W,64,63,1,882.0
9553,2026-06-08,P023,WH-W,68,67,1,938.0
9554,2026-06-15,P023,WH-W,68,68,0,952.0
9555,2026-06-22,P023,WH-W,52,52,0,728.0
9556,2026-06-29,P023,WH-W,64,64,0,896.0
9557,2026-07-06,P023,WH-W,61,61,0,854.0
9558,2026-07-13,P023,WH-W,53,53,0,742.0
9559,2026-07-20,P023,WH-W,60,59,1,826.0
9560,2026-07-27,P023,WH-W,63,62,1,868.0
9561,2026-08-03,P023,WH-W,73,72,1,1008.0
9562,2026-08-10,P023,WH-W,84,83,1,1162.0
9563,2026-08-17,P023,WH-W,69,68,1,952.0
9564,2026-08-24,P023,WH-W,79,78,1,1092.0
9565,2026-08-31,P023,WH-W,72,71,1,994.0
9566,2026-09-07,P023,WH-W,65,64,1,896.0
9567,2026-09-14,P023,WH-W,64,64,0,896.0
9568,2026-09-21,P023,WH-W,75,74,1,1036.0
9569,2024-09-30,P024,WH-NE,131,130,1,1560.0
9570,2024-10-07,P024,WH-NE,127,125,2,1500.0
9571,2024-10-14,P024,WH-NE,127,126,1,1512.0
9572,2024-10-21,P024,WH-NE,117,115,2,1380.0
9573,2024-10-28,P024,WH-NE,129,129,0,1548.0
9574,2024-11-04,P024,WH-NE,115,113,2,1356.0
9575,2024-11-11,P024,WH-NE,116,114,2,1368.0
9576,2024-11-18,P024,WH-NE,129,127,2,1524.0
9577,2024-11-25,P024,WH-NE,124,124,0,1488.0
9578,2024-12-02,P024,WH-NE,135,134,1,1608.0
9579,2024-12-09,P024,WH-NE,118,116,2,1392.0
9580,2024-12-16,P024,WH-NE,122,120,2,1440.0
9581,2024-12-23,P024,WH-NE,115,113,2,1356.0
9582,2024-12-30,P024,WH-NE,101,99,2,1188.0
9583,2025-01-06,P024,WH-NE,106,106,0,1272.0
9584,2025-01-13,P024,WH-NE,107,105,2,1260.0
9585,2025-01-20,P024,WH-NE,107,104,3,1248.0
9586,2025-01-27,P024,WH-NE,110,108,2,1296.0
9587,2025-02-03,P024,WH-NE,85,84,1,1008.0
9588,2025-02-10,P024,WH-NE,118,117,1,1404.0
9589,2025-02-17,P024,WH-NE,94,92,2,1104.0
9590,2025-02-24,P024,WH-NE,131,129,2,1548.0
9591,2025-03-03,P024,WH-NE,124,117,7,1404.0
9592,2025-03-10,P024,WH-NE,102,100,2,1200.0
9593,2025-03-17,P024,WH-NE,105,103,2,1236.0
9594,2025-03-24,P024,WH-NE,115,113,2,1356.0
9595,2025-03-31,P024,WH-NE,104,103,1,1236.0
9596,2025-04-07,P024,WH-NE,103,101,2,1212.0
9597,2025-04-14,P024,WH-NE,115,113,2,1356.0
9598,2025-04-21,P024,WH-NE,101,99,2,1188.0
9599,2025-04-28,P024,WH-NE,96,94,2,1128.0
9600,2025-05-05,P024,WH-NE,119,119,0,1428.0
9601,2025-05-12,P024,WH-NE,104,103,1,1236.0
9602,2025-05-19,P024,WH-NE,115,112,3,1344.0
9603,2025-05-26,P024,WH-NE,147,147,0,1764.0
9604,2025-06-02,P024,WH-NE,112,110,2,1320.0
9605,2025-06-09,P024,WH-NE,119,116,3,1392.0
9606,2025-06-16,P024,WH-NE,123,123,0,1476.0
9607,2025-06-23,P024,WH-NE,115,114,1,1368.0
9608,2025-06-30,P024,WH-NE,119,117,2,1404.0
9609,2025-07-07,P024,WH-NE,108,107,1,1284.0
9610,2025-07-14,P024,WH-NE,140,137,3,1644.0
9611,2025-07-21,P024,WH-NE,138,138,0,1656.0
9612,2025-07-28,P024,WH-NE,119,118,1,1416.0
9613,2025-08-04,P024,WH-NE,138,135,3,1620.0
9614,2025-08-11,P024,WH-NE,104,94,10,1128.0
9615,2025-08-18,P024,WH-NE,115,113,2,1356.0
9616,2025-08-25,P024,WH-NE,134,133,1,1596.0
9617,2025-09-01,P024,WH-NE,137,126,11,1512.0
9618,2025-09-08,P024,WH-NE,104,104,0,1248.0
9619,2025-09-15,P024,WH-NE,146,144,2,1728.0
9620,2025-09-22,P024,WH-NE,126,126,0,1512.0
9621,2025-09-29,P024,WH-NE,134,133,1,1596.0
9622,2025-10-06,P024,WH-NE,136,134,2,1608.0
9623,2025-10-13,P024,WH-NE,143,140,3,1680.0
9624,2025-10-20,P024,WH-NE,142,140,2,1680.0
9625,2025-10-27,P024,WH-NE,138,138,0,1656.0
9626,2025-11-03,P024,WH-NE,131,131,0,1572.0
9627,2025-11-10,P024,WH-NE,146,142,4,1704.0
9628,2025-11-17,P024,WH-NE,122,122,0,1464.0
9629,2025-11-24,P024,WH-NE,113,113,0,1356.0
9630,2025-12-01,P024,WH-NE,114,113,1,1356.0
9631,2025-12-08,P024,WH-NE,135,114,21,1368.0
9632,2025-12-15,P024,WH-NE,113,113,0,1356.0
9633,2025-12-22,P024,WH-NE,123,120,3,1440.0
9634,2025-12-29,P024,WH-NE,141,119,22,1428.0
9635,2026-01-05,P024,WH-NE,111,110,1,1320.0
9636,2026-01-12,P024,WH-NE,95,93,2,1116.0
9637,2026-01-19,P024,WH-NE,123,122,1,1464.0
9638,2026-01-26,P024,WH-NE,104,103,1,1236.0
9639,2026-02-02,P024,WH-NE,116,116,0,1392.0
9640,2026-02-09,P024,WH-NE,108,107,1,1284.0
9641,2026-02-16,P024,WH-NE,112,110,2,1320.0
9642,2026-02-23,P024,WH-NE,110,110,0,1320.0
9643,2026-03-02,P024,WH-NE,98,98,0,1176.0
9644,2026-03-09,P024,WH-NE,105,100,5,1200.0
9645,2026-03-16,P024,WH-NE,122,120,2,1440.0
9646,2026-03-23,P024,WH-NE,123,121,2,1452.0
9647,2026-03-30,P024,WH-NE,116,114,2,1368.0
9648,2026-04-06,P024,WH-NE,121,120,1,1440.0
9649,2026-04-13,P024,WH-NE,108,106,2,1272.0
9650,2026-04-20,P024,WH-NE,130,127,3,1524.0
9651,2026-04-27,P024,WH-NE,130,130,0,1560.0
9652,2026-05-04,P024,WH-NE,123,121,2,1452.0
9653,2026-05-11,P024,WH-NE,126,123,3,1476.0
9654,2026-05-18,P024,WH-NE,119,116,3,1392.0
9655,2026-05-25,P024,WH-NE,119,118,1,1416.0
9656,2026-06-01,P024,WH-NE,126,123,3,1476.0
9657,2026-06-08,P024,WH-NE,120,105,15,1260.0
9658,2026-06-15,P024,WH-NE,139,137,2,1644.0
9659,2026-06-22,P024,WH-NE,135,135,0,1620.0
9660,2026-06-29,P024,WH-NE,120,118,2,1416.0
9661,2026-07-06,P024,WH-NE,123,122,1,1464.0
9662,2026-07-13,P024,WH-NE,125,122,3,1464.0
9663,2026-07-20,P024,WH-NE,149,147,2,1764.0
9664,2026-07-27,P024,WH-NE,119,118,1,1416.0
9665,2026-08-03,P024,WH-NE,153,149,4,1788.0
9666,2026-08-10,P024,WH-NE,169,169,0,2028.0
9667,2026-08-17,P024,WH-NE,139,138,1,1656.0
9668,2026-08-24,P024,WH-NE,133,131,2,1572.0
9669,2026-08-31,P024,WH-NE,132,130,2,1560.0
9670,2026-09-07,P024,WH-NE,136,136,0,1632.0
9671,2026-09-14,P024,WH-NE,141,141,0,1692.0
9672,2026-09-21,P024,WH-NE,156,156,0,1872.0
9673,2024-09-30,P024,WH-SE,114,114,0,1368.0
9674,2024-10-07,P024,WH-SE,113,112,1,1344.0
9675,2024-10-14,P024,WH-SE,80,78,2,936.0
9676,2024-10-21,P024,WH-SE,103,102,1,1224.0
9677,2024-10-28,P024,WH-SE,106,104,2,1248.0
9678,2024-11-04,P024,WH-SE,120,120,0,1440.0
9679,2024-11-11,P024,WH-SE,108,108,0,1296.0
9680,2024-11-18,P024,WH-SE,86,85,1,1020.0
9681,2024-11-25,P024,WH-SE,99,97,2,1164.0
9682,2024-12-02,P024,WH-SE,97,96,1,1152.0
9683,2024-12-09,P024,WH-SE,86,85,1,1020.0
9684,2024-12-16,P024,WH-SE,95,95,0,1140.0
9685,2024-12-23,P024,WH-SE,111,109,2,1308.0
9686,2024-12-30,P024,WH-SE,98,90,8,1080.0
9687,2025-01-06,P024,WH-SE,85,85,0,1020.0
9688,2025-01-13,P024,WH-SE,99,98,1,1176.0
9689,2025-01-20,P024,WH-SE,93,87,6,1044.0
9690,2025-01-27,P024,WH-SE,87,86,1,1032.0
9691,2025-02-03,P024,WH-SE,93,93,0,1116.0
9692,2025-02-10,P024,WH-SE,89,87,2,1044.0
9693,2025-02-17,P024,WH-SE,88,88,0,1056.0
9694,2025-02-24,P024,WH-SE,86,80,6,960.0
9695,2025-03-03,P024,WH-SE,88,86,2,1032.0
9696,2025-03-10,P024,WH-SE,84,84,0,1008.0
9697,2025-03-17,P024,WH-SE,82,82,0,984.0
9698,2025-03-24,P024,WH-SE,78,78,0,936.0
9699,2025-03-31,P024,WH-SE,86,85,1,1020.0
9700,2025-04-07,P024,WH-SE,86,84,2,1008.0
9701,2025-04-14,P024,WH-SE,93,92,1,1104.0
9702,2025-04-21,P024,WH-SE,86,85,1,1020.0
9703,2025-04-28,P024,WH-SE,90,80,10,960.0
9704,2025-05-05,P024,WH-SE,94,94,0,1128.0
9705,2025-05-12,P024,WH-SE,105,105,0,1260.0
9706,2025-05-19,P024,WH-SE,82,80,2,960.0
9707,2025-05-26,P024,WH-SE,106,105,1,1260.0
9708,2025-06-02,P024,WH-SE,113,111,2,1332.0
9709,2025-06-09,P024,WH-SE,83,81,2,972.0
9710,2025-06-16,P024,WH-SE,88,87,1,1044.0
9711,2025-06-23,P024,WH-SE,106,91,15,1092.0
9712,2025-06-30,P024,WH-SE,106,106,0,1272.0
9713,2025-07-07,P024,WH-SE,102,102,0,1224.0
9714,2025-07-14,P024,WH-SE,97,97,0,1164.0
9715,2025-07-21,P024,WH-SE,111,110,1,1320.0
9716,2025-07-28,P024,WH-SE,113,113,0,1356.0
9717,2025-08-04,P024,WH-SE,99,97,2,1164.0
9718,2025-08-11,P024,WH-SE,93,92,1,1104.0
9719,2025-08-18,P024,WH-SE,116,115,1,1380.0
9720,2025-08-25,P024,WH-SE,104,103,1,1236.0
9721,2025-09-01,P024,WH-SE,110,109,1,1308.0
9722,2025-09-08,P024,WH-SE,112,111,1,1332.0
9723,2025-09-15,P024,WH-SE,107,104,3,1248.0
9724,2025-09-22,P024,WH-SE,121,118,3,1416.0
9725,2025-09-29,P024,WH-SE,113,112,1,1344.0
9726,2025-10-06,P024,WH-SE,114,112,2,1344.0
9727,2025-10-13,P024,WH-SE,107,107,0,1284.0
9728,2025-10-20,P024,WH-SE,117,116,1,1392.0
9729,2025-10-27,P024,WH-SE,120,118,2,1416.0
9730,2025-11-03,P024,WH-SE,115,113,2,1356.0
9731,2025-11-10,P024,WH-SE,98,84,14,1008.0
9732,2025-11-17,P024,WH-SE,100,98,2,1176.0
9733,2025-11-24,P024,WH-SE,95,95,0,1140.0
9734,2025-12-01,P024,WH-SE,94,93,1,1116.0
9735,2025-12-08,P024,WH-SE,116,116,0,1392.0
9736,2025-12-15,P024,WH-SE,106,105,1,1260.0
9737,2025-12-22,P024,WH-SE,111,111,0,1332.0
9738,2025-12-29,P024,WH-SE,108,108,0,1296.0
9739,2026-01-05,P024,WH-SE,104,104,0,1248.0
9740,2026-01-12,P024,WH-SE,97,97,0,1164.0
9741,2026-01-19,P024,WH-SE,88,88,0,1056.0
9742,2026-01-26,P024,WH-SE,110,109,1,1308.0
9743,2026-02-02,P024,WH-SE,90,90,0,1080.0
9744,2026-02-09,P024,WH-SE,78,78,0,936.0
9745,2026-02-16,P024,WH-SE,97,95,2,1140.0
9746,2026-02-23,P024,WH-SE,100,100,0,1200.0
9747,2026-03-02,P024,WH-SE,85,84,1,1008.0
9748,2026-03-09,P024,WH-SE,101,99,2,1188.0
9749,2026-03-16,P024,WH-SE,100,99,1,1188.0
9750,2026-03-23,P024,WH-SE,84,83,1,996.0
9751,2026-03-30,P024,WH-SE,104,102,2,1224.0
9752,2026-04-06,P024,WH-SE,107,105,2,1260.0
9753,2026-04-13,P024,WH-SE,93,91,2,1092.0
9754,2026-04-20,P024,WH-SE,116,113,3,1356.0
9755,2026-04-27,P024,WH-SE,109,107,2,1284.0
9756,2026-05-04,P024,WH-SE,113,112,1,1344.0
9757,2026-05-11,P024,WH-SE,113,111,2,1332.0
9758,2026-05-18,P024,WH-SE,110,108,2,1296.0
9759,2026-05-25,P024,WH-SE,94,87,7,1044.0
9760,2026-06-01,P024,WH-SE,124,121,3,1452.0
9761,2026-06-08,P024,WH-SE,108,107,1,1284.0
9762,2026-06-15,P024,WH-SE,92,91,1,1092.0
9763,2026-06-22,P024,WH-SE,117,115,2,1380.0
9764,2026-06-29,P024,WH-SE,107,106,1,1272.0
9765,2026-07-06,P024,WH-SE,102,100,2,1200.0
9766,2026-07-13,P024,WH-SE,101,100,1,1200.0
9767,2026-07-20,P024,WH-SE,114,113,1,1356.0
9768,2026-07-27,P024,WH-SE,107,106,1,1272.0
9769,2026-08-03,P024,WH-SE,118,118,0,1416.0
9770,2026-08-10,P024,WH-SE,106,105,1,1260.0
9771,2026-08-17,P024,WH-SE,146,144,2,1728.0
9772,2026-08-24,P024,WH-SE,109,98,11,1176.0
9773,2026-08-31,P024,WH-SE,112,111,1,1332.0
9774,2026-09-07,P024,WH-SE,120,119,1,1428.0
9775,2026-09-14,P024,WH-SE,112,111,1,1332.0
9776,2026-09-21,P024,WH-SE,114,113,1,1356.0
9777,2024-09-30,P024,WH-MW,106,105,1,1260.0
9778,2024-10-07,P024,WH-MW,95,93,2,1116.0
9779,2024-10-14,P024,WH-MW,92,90,2,1080.0
9780,2024-10-21,P024,WH-MW,95,93,2,1116.0
9781,2024-10-28,P024,WH-MW,113,112,1,1344.0
9782,2024-11-04,P024,WH-MW,106,103,3,1236.0
9783,2024-11-11,P024,WH-MW,105,94,11,1128.0
9784,2024-11-18,P024,WH-MW,86,85,1,1020.0
9785,2024-11-25,P024,WH-MW,81,80,1,960.0
9786,2024-12-02,P024,WH-MW,93,92,1,1104.0
9787,2024-12-09,P024,WH-MW,92,91,1,1092.0
9788,2024-12-16,P024,WH-MW,103,102,1,1224.0
9789,2024-12-23,P024,WH-MW,103,102,1,1224.0
9790,2024-12-30,P024,WH-MW,96,94,2,1128.0
9791,2025-01-06,P024,WH-MW,99,98,1,1176.0
9792,2025-01-13,P024,WH-MW,92,90,2,1080.0
9793,2025-01-20,P024,WH-MW,92,91,1,1092.0
9794,2025-01-27,P024,WH-MW,102,101,1,1212.0
9795,2025-02-03,P024,WH-MW,82,80,2,960.0
9796,2025-02-10,P024,WH-MW,80,78,2,936.0
9797,2025-02-17,P024,WH-MW,90,88,2,1056.0
9798,2025-02-24,P024,WH-MW,93,92,1,1104.0
9799,2025-03-03,P024,WH-MW,100,100,0,1200.0
9800,2025-03-10,P024,WH-MW,89,89,0,1068.0
9801,2025-03-17,P024,WH-MW,91,91,0,1092.0
9802,2025-03-24,P024,WH-MW,84,83,1,996.0
9803,2025-03-31,P024,WH-MW,102,101,1,1212.0
9804,2025-04-07,P024,WH-MW,92,92,0,1104.0
9805,2025-04-14,P024,WH-MW,107,105,2,1260.0
9806,2025-04-21,P024,WH-MW,101,100,1,1200.0
9807,2025-04-28,P024,WH-MW,108,107,1,1284.0
9808,2025-05-05,P024,WH-MW,109,108,1,1296.0
9809,2025-05-12,P024,WH-MW,100,99,1,1188.0
9810,2025-05-19,P024,WH-MW,110,110,0,1320.0
9811,2025-05-26,P024,WH-MW,116,113,3,1356.0
9812,2025-06-02,P024,WH-MW,101,101,0,1212.0
9813,2025-06-09,P024,WH-MW,98,98,0,1176.0
9814,2025-06-16,P024,WH-MW,101,99,2,1188.0
9815,2025-06-23,P024,WH-MW,102,100,2,1200.0
9816,2025-06-30,P024,WH-MW,117,115,2,1380.0
9817,2025-07-07,P024,WH-MW,92,91,1,1092.0
9818,2025-07-14,P024,WH-MW,113,111,2,1332.0
9819,2025-07-21,P024,WH-MW,94,93,1,1116.0
9820,2025-07-28,P024,WH-MW,118,116,2,1392.0
9821,2025-08-04,P024,WH-MW,125,124,1,1488.0
9822,2025-08-11,P024,WH-MW,116,116,0,1392.0
9823,2025-08-18,P024,WH-MW,117,117,0,1404.0
9824,2025-08-25,P024,WH-MW,115,113,2,1356.0
9825,2025-09-01,P024,WH-MW,121,119,2,1428.0
9826,2025-09-08,P024,WH-MW,126,125,1,1500.0
9827,2025-09-15,P024,WH-MW,117,117,0,1404.0
9828,2025-09-22,P024,WH-MW,131,128,3,1536.0
9829,2025-09-29,P024,WH-MW,112,110,2,1320.0
9830,2025-10-06,P024,WH-MW,120,119,1,1428.0
9831,2025-10-13,P024,WH-MW,119,116,3,1392.0
9832,2025-10-20,P024,WH-MW,111,111,0,1332.0
9833,2025-10-27,P024,WH-MW,104,103,1,1236.0
9834,2025-11-03,P024,WH-MW,116,113,3,1356.0
9835,2025-11-10,P024,WH-MW,112,110,2,1320.0
9836,2025-11-17,P024,WH-MW,105,103,2,1236.0
9837,2025-11-24,P024,WH-MW,118,116,2,1392.0
9838,2025-12-01,P024,WH-MW,92,90,2,1080.0
9839,2025-12-08,P024,WH-MW,95,94,1,1128.0
9840,2025-12-15,P024,WH-MW,102,101,1,1212.0
9841,2025-12-22,P024,WH-MW,98,98,0,1176.0
9842,2025-12-29,P024,WH-MW,105,104,1,1248.0
9843,2026-01-05,P024,WH-MW,109,108,1,1296.0
9844,2026-01-12,P024,WH-MW,98,97,1,1164.0
9845,2026-01-19,P024,WH-MW,118,115,3,1380.0
9846,2026-01-26,P024,WH-MW,112,110,2,1320.0
9847,2026-02-02,P024,WH-MW,104,102,2,1224.0
9848,2026-02-09,P024,WH-MW,98,97,1,1164.0
9849,2026-02-16,P024,WH-MW,108,107,1,1284.0
9850,2026-02-23,P024,WH-MW,99,98,1,1176.0
9851,2026-03-02,P024,WH-MW,103,102,1,1224.0
9852,2026-03-09,P024,WH-MW,88,87,1,1044.0
9853,2026-03-16,P024,WH-MW,106,101,5,1212.0
9854,2026-03-23,P024,WH-MW,75,74,1,888.0
9855,2026-03-30,P024,WH-MW,105,103,2,1236.0
9856,2026-04-06,P024,WH-MW,97,96,1,1152.0
9857,2026-04-13,P024,WH-MW,91,90,1,1080.0
9858,2026-04-20,P024,WH-MW,119,110,9,1320.0
9859,2026-04-27,P024,WH-MW,120,119,1,1428.0
9860,2026-05-04,P024,WH-MW,92,85,7,1020.0
9861,2026-05-11,P024,WH-MW,103,102,1,1224.0
9862,2026-05-18,P024,WH-MW,105,104,1,1248.0
9863,2026-05-25,P024,WH-MW,119,118,1,1416.0
9864,2026-06-01,P024,WH-MW,124,122,2,1464.0
9865,2026-06-08,P024,WH-MW,108,108,0,1296.0
9866,2026-06-15,P024,WH-MW,124,123,1,1476.0
9867,2026-06-22,P024,WH-MW,121,101,20,1212.0
9868,2026-06-29,P024,WH-MW,94,92,2,1104.0
9869,2026-07-06,P024,WH-MW,107,107,0,1284.0
9870,2026-07-13,P024,WH-MW,115,114,1,1368.0
9871,2026-07-20,P024,WH-MW,115,113,2,1356.0
9872,2026-07-27,P024,WH-MW,128,125,3,1500.0
9873,2026-08-03,P024,WH-MW,121,119,2,1428.0
9874,2026-08-10,P024,WH-MW,116,114,2,1368.0
9875,2026-08-17,P024,WH-MW,126,123,3,1476.0
9876,2026-08-24,P024,WH-MW,114,111,3,1332.0
9877,2026-08-31,P024,WH-MW,119,106,13,1272.0
9878,2026-09-07,P024,WH-MW,105,104,1,1248.0
9879,2026-09-14,P024,WH-MW,126,124,2,1488.0
9880,2026-09-21,P024,WH-MW,135,134,1,1608.0
9881,2024-09-30,P024,WH-W,98,96,2,1152.0
9882,2024-10-07,P024,WH-W,100,99,1,1188.0
9883,2024-10-14,P024,WH-W,109,107,2,1284.0
9884,2024-10-21,P024,WH-W,75,75,0,900.0
9885,2024-10-28,P024,WH-W,85,84,1,1008.0
9886,2024-11-04,P024,WH-W,94,92,2,1104.0
9887,2024-11-11,P024,WH-W,98,97,1,1164.0
9888,2024-11-18,P024,WH-W,75,74,1,888.0
9889,2024-11-25,P024,WH-W,74,72,2,864.0
9890,2024-12-02,P024,WH-W,84,83,1,996.0
9891,2024-12-09,P024,WH-W,95,95,0,1140.0
9892,2024-12-16,P024,WH-W,80,79,1,948.0
9893,2024-12-23,P024,WH-W,85,85,0,1020.0
9894,2024-12-30,P024,WH-W,78,77,1,924.0
9895,2025-01-06,P024,WH-W,89,89,0,1068.0
9896,2025-01-13,P024,WH-W,80,79,1,948.0
9897,2025-01-20,P024,WH-W,84,83,1,996.0
9898,2025-01-27,P024,WH-W,94,92,2,1104.0
9899,2025-02-03,P024,WH-W,88,88,0,1056.0
9900,2025-02-10,P024,WH-W,72,71,1,852.0
9901,2025-02-17,P024,WH-W,82,82,0,984.0
9902,2025-02-24,P024,WH-W,88,88,0,1056.0
9903,2025-03-03,P024,WH-W,79,78,1,936.0
9904,2025-03-10,P024,WH-W,75,75,0,900.0
9905,2025-03-17,P024,WH-W,75,73,2,876.0
9906,2025-03-24,P024,WH-W,89,87,2,1044.0
9907,2025-03-31,P024,WH-W,85,71,14,852.0
9908,2025-04-07,P024,WH-W,81,80,1,960.0
9909,2025-04-14,P024,WH-W,81,81,0,972.0
9910,2025-04-21,P024,WH-W,74,73,1,876.0
9911,2025-04-28,P024,WH-W,87,86,1,1032.0
9912,2025-05-05,P024,WH-W,88,75,13,900.0
9913,2025-05-12,P024,WH-W,83,82,1,984.0
9914,2025-05-19,P024,WH-W,92,90,2,1080.0
9915,2025-05-26,P024,WH-W,110,110,0,1320.0
9916,2025-06-02,P024,WH-W,92,90,2,1080.0
9917,2025-06-09,P024,WH-W,80,79,1,948.0
9918,2025-06-16,P024,WH-W,92,92,0,1104.0
9919,2025-06-23,P024,WH-W,83,83,0,996.0
9920,2025-06-30,P024,WH-W,77,76,1,912.0
9921,2025-07-07,P024,WH-W,103,102,1,1224.0
9922,2025-07-14,P024,WH-W,77,66,11,792.0
9923,2025-07-21,P024,WH-W,102,97,5,1164.0
9924,2025-07-28,P024,WH-W,93,93,0,1116.0
9925,2025-08-04,P024,WH-W,87,85,2,1020.0
9926,2025-08-11,P024,WH-W,98,97,1,1164.0
9927,2025-08-18,P024,WH-W,104,102,2,1224.0
9928,2025-08-25,P024,WH-W,103,102,1,1224.0
9929,2025-09-01,P024,WH-W,118,116,2,1392.0
9930,2025-09-08,P024,WH-W,109,108,1,1296.0
9931,2025-09-15,P024,WH-W,106,106,0,1272.0
9932,2025-09-22,P024,WH-W,108,107,1,1284.0
9933,2025-09-29,P024,WH-W,108,107,1,1284.0
9934,2025-10-06,P024,WH-W,85,83,2,996.0
9935,2025-10-13,P024,WH-W,123,122,1,1464.0
9936,2025-10-20,P024,WH-W,97,96,1,1152.0
9937,2025-10-27,P024,WH-W,103,100,3,1200.0
9938,2025-11-03,P024,WH-W,104,102,2,1224.0
9939,2025-11-10,P024,WH-W,97,89,8,1068.0
9940,2025-11-17,P024,WH-W,93,93,0,1116.0
9941,2025-11-24,P024,WH-W,87,86,1,1032.0
9942,2025-12-01,P024,WH-W,95,94,1,1128.0
9943,2025-12-08,P024,WH-W,93,91,2,1092.0
9944,2025-12-15,P024,WH-W,95,95,0,1140.0
9945,2025-12-22,P024,WH-W,92,90,2,1080.0
9946,2025-12-29,P024,WH-W,100,100,0,1200.0
9947,2026-01-05,P024,WH-W,93,93,0,1116.0
9948,2026-01-12,P024,WH-W,77,77,0,924.0
9949,2026-01-19,P024,WH-W,94,93,1,1116.0
9950,2026-01-26,P024,WH-W,83,82,1,984.0
9951,2026-02-02,P024,WH-W,75,74,1,888.0
9952,2026-02-09,P024,WH-W,78,77,1,924.0
9953,2026-02-16,P024,WH-W,77,76,1,912.0
9954,2026-02-23,P024,WH-W,77,76,1,912.0
9955,2026-03-02,P024,WH-W,85,84,1,1008.0
9956,2026-03-09,P024,WH-W,85,84,1,1008.0
9957,2026-03-16,P024,WH-W,77,77,0,924.0
9958,2026-03-23,P024,WH-W,95,94,1,1128.0
9959,2026-03-30,P024,WH-W,88,87,1,1044.0
9960,2026-04-06,P024,WH-W,77,76,1,912.0
9961,2026-04-13,P024,WH-W,93,93,0,1116.0
9962,2026-04-20,P024,WH-W,76,76,0,912.0
9963,2026-04-27,P024,WH-W,92,90,2,1080.0
9964,2026-05-04,P024,WH-W,90,90,0,1080.0
9965,2026-05-11,P024,WH-W,92,91,1,1092.0
9966,2026-05-18,P024,WH-W,90,89,1,1068.0
9967,2026-05-25,P024,WH-W,96,94,2,1128.0
9968,2026-06-01,P024,WH-W,96,91,5,1092.0
9969,2026-06-08,P024,WH-W,82,81,1,972.0
9970,2026-06-15,P024,WH-W,96,95,1,1140.0
9971,2026-06-22,P024,WH-W,87,86,1,1032.0
9972,2026-06-29,P024,WH-W,117,117,0,1404.0
9973,2026-07-06,P024,WH-W,108,106,2,1272.0
9974,2026-07-13,P024,WH-W,106,105,1,1260.0
9975,2026-07-20,P024,WH-W,79,78,1,936.0
9976,2026-07-27,P024,WH-W,116,114,2,1368.0
9977,2026-08-03,P024,WH-W,97,97,0,1164.0
9978,2026-08-10,P024,WH-W,96,82,14,984.0
9979,2026-08-17,P024,WH-W,80,78,2,936.0
9980,2026-08-24,P024,WH-W,107,106,1,1272.0
9981,2026-08-31,P024,WH-W,113,113,0,1356.0
9982,2026-09-07,P024,WH-W,92,90,2,1080.0
9983,2026-09-14,P024,WH-W,115,115,0,1380.0
9984,2026-09-21,P024,WH-W,93,92,1,1104.0
